pl_name,pl_rade,pl_radj,pl_bmasse,pl_orbsmax,pl_orbper,discoverymethod,disc_year
"Kepler-1513 b",8.59400000,0.76670665,48.30991786,,160.88420000000,"Transit",2016
"TOI-4914 b",12.87000000,1.14818647,227.00000000,0.0980000000,10.60057000000,"Transit",2024
"TOI-237 c",1.20600000,0.10759230,,0.0160000000,1.74486147000,"Transit",2026
"TOI-1898 b",9.39553231,0.83821469,129.00000000,0.2690000000,45.52234000000,"Transit",2024
"HD 330075 b",,,152.55840000,0.0400000000,3.38773000000,"Radial Velocity",2004
"KOI-351 f",2.88000000,0.25700000,,0.4800000000,124.91440000000,"Transit",2013
"Kepler-1812 b",2.32494240,0.20741783,,,7.16521978400,"Transit",2021
"KMT-2017-BLG-0428L b",,,5.59000000,1.8100000000,,"Microlensing",2023
"Kepler-516 b",5.74000000,0.51208850,,,24.85462415000,"Transit",2016
"Kepler-1685 b",2.57673985,0.22988133,,,20.49050000000,"Transit",2020
"Kepler-299 e",1.87000000,0.16700000,,0.2200000000,38.28548900000,"Transit",2014
"TOI-1749 b",1.39000000,0.12400771,57.00000000,0.0291000000,2.38839000000,"Transit",2021
"Kepler-406 b",1.43000000,0.12760000,6.35000000,,2.42629000000,"Transit",2014
"OGLE-2016-BLG-1190L b",,,4253.00000000,2.1700000000,1220.00000000000,"Microlensing",2017
"Kepler-1215 b",1.22000000,0.10884111,,,4.76703963000,"Transit",2016
"Kepler-82 c",5.34000000,0.47640289,13.90000000,0.2626000000,51.54000000000,"Transit",2012
"Kepler-434 b",12.67000000,1.13000000,908.96000000,0.1143000000,12.87470990000,"Transit",2015
"Kepler-1998 b",0.60000000,0.05352851,,0.0405000000,3.03267135000,"Transit",2023
"Kepler-189 b",1.21000000,0.10800000,,0.0880000000,10.39993100000,"Transit",2014
"HD 3765 b",,,54.98431441,2.1080000000,1211.00000000000,"Radial Velocity",2021
"Kepler-400 c",1.49000000,0.13300000,,0.1340000000,17.34082400000,"Transit",2014
"Kepler-852 b",2.54000000,0.22660362,,,44.93098040000,"Transit",2016
"Kepler-444 e",0.54600000,0.04900000,,0.0696000000,7.74349300000,"Transit",2015
"WASP-89 b",11.65736000,1.04000000,1875.19700000,0.0427000000,3.35642270000,"Transit",2015
"K2-415 b",1.01500000,0.09055239,7.50000000,0.0270000000,4.01796940000,"Transit",2023
"Kepler-328 c",5.40000000,0.48200000,39.40000000,,71.31200000000,"Transit",2013
"HATS-13 b",13.58530800,1.21200000,172.58169000,0.0405700000,3.04404990000,"Transit",2015
"Kepler-476 b",3.08000000,0.27477920,,,14.00640607000,"Transit",2016
"HIP 94235 b",3.00000000,0.26764253,379.00000000,0.0787000000,7.71305700000,"Transit",2022
"Kepler-763 d",1.67000000,0.14898768,,0.0634000000,6.50327035000,"Transit",2023
"Kepler-134 c",1.26000000,0.11200000,,0.0920000000,10.10578500000,"Transit",2014
"HD 136352 c",2.91600000,0.26014854,11.24000000,0.1721000000,27.59221000000,"Radial Velocity",2019
"Kepler-359 b",3.53000000,0.31500000,,0.1780000000,25.56322200000,"Transit",2014
"Kepler-777 b",1.47000000,0.13114462,,,5.72812599000,"Transit",2016
"Kepler-1923 b",1.95958179,0.17482248,,,52.60969925000,"Transit",2021
"Kepler-836 b",2.73000000,0.24355429,,,11.36112327000,"Transit",2016
"Kepler-48 c",2.71000000,0.24177001,14.61000000,,9.67395000000,"Transit",2012
"Kepler-521 b",3.18000000,0.28370060,,,22.20813214000,"Transit",2016
"CWISEP J193518.59-154620.3 b",,,4926.34030850,2.4800000000,,"Imaging",2025
"Kepler-726 b",3.26000000,0.29083772,,,21.80451088000,"Transit",2016
"Kepler-1461 b",2.03000000,0.18110447,,,29.34947750000,"Transit",2016
"Kepler-1471 b",1.41000000,0.12579177,,,3.63899398000,"Transit",2016
"HD 212301 b",,,162.09330000,0.0300000000,2.24571000000,"Radial Velocity",2005
"GQ Lup b",33.60000000,3.00000000,6356.00000000,100.0000000000,,"Imaging",2004
"KMT-2019-BLG-1339L b",,,397.00000000,2.1500000000,,"Microlensing",2020
"HD 159243 c",,,603.90000000,0.8000000000,248.40000000000,"Radial Velocity",2013
"EPIC 205950854 c",1.31000000,0.11687037,,,8.05072200000,"Transit",2019
"KMT-2022-BLG-2076L b",,,279.68899816,5.6700000000,,"Microlensing",2025
"K2-162 b",1.44000000,0.12846820,,0.0795000000,9.45889000000,"Transit",2018
"Kepler-1320 b",1.70000000,0.15166384,,,0.86838652800,"Transit",2016
"K2-80 b",2.01000000,0.17932019,,0.1350000000,19.09180000000,"Transit",2016
"Kepler-24 b",2.34800000,0.20947489,11.14000000,,8.14000000000,"Transit",2011
"HAT-P-56 b",16.92559000,1.51000000,734.18730000,,2.79083000000,"Transit",2015
"Kepler-1701 b",2.22186207,0.19822126,,,169.13400000000,"Transit",2020
"WASP-195 b",10.31226224,0.92000000,33.05415433,0.0630000000,5.05192800000,"Transit",2025
"Kepler-93 c",,,954.00000000,,1460.00000000000,"Radial Velocity",2014
"HD 117207 b",,,612.14058000,3.7870000000,2621.75000000000,"Radial Velocity",2004
"Kepler-1530 d",3.27870115,0.29250663,,,9.20761013000,"Transit",2021
"TOI-1728 b",5.05000000,0.45053082,26.78000000,0.0391000000,3.49151000000,"Transit",2020
"Kepler-610 b",4.19000000,0.37380676,,,6.99692655400,"Transit",2016
"HD 188641 b",,,9333.03117155,12.0270000000,14583.81038000000,"Radial Velocity",2022
"HD 221287 b",,,982.05000000,1.2500000000,456.10000000000,"Radial Velocity",2007
"K2-147 b",1.47286006,0.13140000,,0.0157500000,0.96193900000,"Transit",2018
"TOI-251 b",2.74000000,0.24444643,317.83000000,0.0574100000,4.93777000000,"Transit",2021
"HD 30562 b",,,387.75260000,2.3400000000,1157.00000000000,"Radial Velocity",2009
"Kepler-1047 c",0.99000000,0.08832188,,,3.18897601000,"Transit",2016
"HD 102329 c",,,483.10160000,,1123.00000000000,"Radial Velocity",2016
"Kepler-1504 b",2.13000000,0.19002587,,,82.30400300000,"Transit",2016
"TOI-1452 b",1.67200000,0.14916611,4.82000000,0.0610000000,11.06201000000,"Transit",2022
"Kepler-289 e",,,17.40000000,,330.07160000000,"Transit",2025
"Kepler-1154 c",2.36000000,0.21054510,,,8.45808312000,"Transit",2016
"TOI-2654 b",7.94454164,0.70876575,,,2.96760425926,"Transit",2026
"NY Vir c",,,1760.77820000,,8799.00000000000,"Eclipse Timing Variations",2019
"Kepler-30 c",12.30000000,1.09700000,640.00000000,0.3000000000,60.32310500000,"Transit",2012
"TOI-1246 e",3.51418750,0.31351535,14.50000000,0.2120000000,37.92548000000,"Transit",2022
"HIP 107772 b",,,12.90000000,0.2430000000,55.19900000000,"Radial Velocity",2020
"Kepler-1898 b",0.93353523,0.08328458,,,4.76562023200,"Transit",2021
"TIC 172900988 b",11.25000000,1.00365950,942.00000000,0.9028100000,200.45200000000,"Transit",2021
"Kepler-1266 b",2.58000000,0.23017218,,,28.47474800000,"Transit",2016
"Kepler-739 b",3.32000000,0.29619056,,,12.53248465000,"Transit",2016
"TOI-7149 b",13.20000000,1.18000000,224.00000000,0.0260300000,2.65206166000,"Transit",2025
"HD 97037 b",,,6707.76852973,6.9250000000,6449.08337000000,"Radial Velocity",2022
"KMT-2021-BLG-0712L b",,,38.19000000,2.2200000000,,"Microlensing",2023
"HAT-P-35 b",14.93038800,1.33200000,335.62848000,0.0497800000,3.64670600000,"Transit",2011
"TOI-2015 c",,,8.91000000,0.0412320000,5.58279600000,"Transit Timing Variations",2025
"Kepler-1266 c",1.68023962,0.14990120,,,4.86631012000,"Transit",2021
"Kepler-357 c",2.67000000,0.23800000,,0.1200000000,16.85837000000,"Transit",2014
"Kepler-174 d",2.19000000,0.19500000,,0.6770000000,247.35373000000,"Transit",2014
"Kepler-82 f",,,20.90000000,0.3395000000,75.73200000000,"Transit Timing Variations",2019
"GJ 463 b",,,524.09904314,3.5300000000,3459.00000000000,"Radial Velocity",2022
"K2-391 b",1.37100000,0.12231264,,,4.62265400000,"Transit",2022
"Kepler-198 d",1.53000000,0.13649746,,,1.31184443000,"Transit",2016
"TOI-1117 b",2.46000000,0.21946688,8.90000000,0.0330000000,2.22816000000,"Transit",2025
"HD 11506 b",,,1525.57635360,2.8850000000,1617.70000000000,"Radial Velocity",2007
"Kepler-1152 b",0.87000000,0.07761620,,,1.64680190800,"Transit",2016
"TOI-3486 b",10.57006880,0.94300000,99.16246298,0.0313800000,2.21778105000,"Transit",2025
"K2-216 b",1.75000000,0.15612454,8.00000000,0.0280000000,2.17480000000,"Transit",2018
"WASP-34 b",11.20900000,1.00000000,177.98480000,,4.31768000000,"Transit",2010
"HD 98649 b",,,3082.93554790,5.9700000000,5384.00000000000,"Radial Velocity",2012
"Kepler-967 c",3.65000000,0.32563119,,,198.71125020000,"Transit",2016
"Kepler-327 d",1.73000000,0.15400000,,0.0900000000,13.96945700000,"Transit",2014
"WASP-93 b",17.90077300,1.59700000,467.21010000,0.0421100000,2.73253210000,"Transit",2016
"Kepler-1874 b",2.21110724,0.19726211,,,56.57320023000,"Transit",2021
"TOI-2096 b",1.24300000,0.11089322,,0.0250000000,3.11906330000,"Transit",2023
"CoRoT-28 b",10.70459500,0.95500000,153.82972000,0.0603000000,5.20851000000,"Transit",2015
"K2-275 c",2.21000000,0.19716333,,0.0881000000,8.43883850000,"Transit",2018
"TOI-5789 c",2.86000000,0.25515255,5.00000000,0.1009000000,12.92774800000,"Transit",2026
"Kepler-1050 c",1.48000000,0.13203676,,,21.12845690000,"Transit",2016
"Kepler-275 b",2.34000000,0.20900000,,0.0980000000,10.30068200000,"Transit",2014
"OGLE-2014-BLG-1760L b",,,295.89824692,1.8870000000,,"Microlensing",2016
"HD 96700 b",,,8.90000000,0.0777000000,8.12450000000,"Radial Velocity",2021
"Kepler-464 b",3.30000000,0.29440628,,,7.25696522400,"Transit",2016
"Kepler-297 c",6.54000000,0.58300000,,0.3360000000,74.92013700000,"Transit",2014
"Kepler-454 b",2.37000000,0.21143760,5.40000000,0.0952800000,10.57375340000,"Transit",2015
"TOI-5027 b",10.76062147,0.96000000,642.01338214,0.0930000000,10.24368000000,"Transit",2025
"Kepler-834 b",2.02000000,0.18021233,,,13.32388301000,"Transit",2016
"K2-105 b",3.40000000,0.30332821,15.40000000,,8.26726000000,"Transit",2017
"Kepler-1228 b",1.54000000,0.13738960,,,0.57736957900,"Transit",2016
"KOI-142 b",3.43800000,0.30671782,9.50000000,,10.91647000000,"Transit",2013
"HAT-P-46 b",14.39200000,1.28400000,156.68400000,0.0577000000,4.46312900000,"Transit",2014
"Kepler-122 b",2.34000000,0.20900000,,0.0640000000,5.76619300000,"Transit",2014
"Kepler-100 d",1.61000000,0.14400000,3.00000000,,35.33310000000,"Transit",2014
"Kepler-1208 b",2.32000000,0.20697654,,,11.08507637000,"Transit",2016
"16 Cyg B b",,,565.73740000,1.6600000000,798.50000000000,"Radial Velocity",1996
"Kepler-1481 b",1.23000000,0.10973325,,,5.94220998000,"Transit",2016
"HD 175607 b",,,8.98000000,,29.01000000000,"Radial Velocity",2015
"HD 109749 b",,,85.81410000,0.0615000000,5.23989100000,"Radial Velocity",2005
"Kepler-1166 b",1.69000000,0.15077170,,,33.24068820000,"Transit",2016
"Kepler-157 c",2.24000000,0.20000000,,0.1100000000,13.54050000000,"Transit",2014
"Kepler-837 b",2.56000000,0.22838790,,,16.56059504000,"Transit",2016
"Kepler-360 c",2.10000000,0.18700000,,0.0750000000,7.18643400000,"Transit",2014
"K2-333 b",6.18000000,0.55134362,,,14.75928700000,"Transit",2021
"HD 27894 c",,,51.48846000,0.1980000000,36.07000000000,"Radial Velocity",2017
"Kepler-1165 c",3.36093385,0.29984295,,,29.96870041000,"Transit",2021
"Kepler-371 c",1.78000000,0.15900000,,0.3130000000,67.96801500000,"Transit",2014
"K2-350 b",1.54000000,0.13738983,,,4.16387300000,"Transit",2021
"NGTS-6 b",14.86313400,1.32600000,425.57437000,0.0167700000,0.88205900000,"Transit",2019
"Kepler-419 b",10.80000000,0.96000000,794.50000000,0.3700000000,69.75460000000,"Transit",2014
"Kepler-1515 b",9.55000000,0.85199393,,,214.31141640000,"Transit",2016
"Kepler-540 b",2.71000000,0.24177001,,,172.70497840000,"Transit",2016
"HATS-26 b",19.61575000,1.75000000,206.58950000,0.0473500000,3.30238810000,"Transit",2016
"Kepler-85 b",1.77800000,0.15862281,1.84000000,,8.30000000000,"Transit",2012
"K2-16 c",2.54000000,0.22660362,,0.1229000000,19.07863000000,"Transit",2015
"TOI-7510 c",10.81000000,0.96400000,131.00000000,0.1595000000,22.56874230000,"Transit",2025
"Kepler-805 b",2.89000000,0.25782853,,,30.86389310000,"Transit",2016
"YZ Cet d",,,1.09000000,0.0285100000,4.65626000000,"Radial Velocity",2017
"Kepler-122 c",5.87000000,0.52400000,,0.1080000000,12.46598800000,"Transit",2014
"WASP-68 b",14.79588000,1.32000000,343.25640000,,5.08430000000,"Transit",2014
"HD 97658 b",2.12000000,0.18913406,8.30000000,,9.48971160000,"Radial Velocity",2010
"Kepler-1379 b",1.30000000,0.11597823,,,0.88184114600,"Transit",2016
"Kepler-1850 b",0.72909663,0.06504576,,,1.38580000400,"Transit",2021
"Kepler-1943 b",1.54869189,0.13816527,,,4.85018014900,"Transit",2021
"Kepler-519 b",2.10000000,0.18734945,,,24.30789460000,"Transit",2016
"Kepler-661 b",3.07000000,0.27388706,,,6.02930132100,"Transit",2016
"Kepler-1813 b",1.41300000,0.12605963,,,2.81816005700,"Transit",2021
"Kepler-237 b",1.41000000,0.12600000,,0.0500000000,4.71510600000,"Transit",2014
"Kepler-177 b",3.50000000,0.31224909,5.84000000,,36.86010000000,"Transit",2013
"K2-237 b",16.06246934,1.43300000,434.15360396,0.0355200000,2.18053332000,"Transit",2018
"TIC 139702105 b",2.45316949,0.21885750,,,6.83601903383,"Transit",2026
"Kepler-696 b",6.14000000,0.54777411,,,4.19042557500,"Transit",2016
"Kepler-1846 b",1.76378826,0.15735492,,,14.82009983000,"Transit",2021
"Kepler-1456 b",1.14000000,0.10170399,,,18.13738290000,"Transit",2016
"Kepler-137 b",1.47000000,0.13100000,,0.0770000000,8.43638700000,"Transit",2014
"K2-11 b",7.55000000,0.67356588,,0.2257000000,39.93767000000,"Transit",2015
"Kepler-248 b",3.02000000,0.26900000,,0.0660000000,6.30820500000,"Transit",2014
"CoRoT-11 b",16.03000000,1.43000000,740.51000000,0.0436000000,2.99433000000,"Transit",2010
"Kepler-55 d",1.59000000,0.14200000,,0.0290000000,2.21109900000,"Transit",2014
"K2-73 c",,,1142.00000000,,1000.00000000000,"Radial Velocity",2025
"WASP-160 B b",12.21781000,1.09000000,88.35674000,0.0452000000,3.76849520000,"Transit",2018
"TOI-6034 b",11.92000000,1.06300000,254.00000000,0.0294900000,2.57618400000,"Transit",2024
"HIP 75092 b",,,568.91284853,2.0200000000,926.40000000000,"Radial Velocity",2021
"TOI-139 b",2.45660000,0.21916355,,,11.07085000000,"Transit",2023
"TOI-269 b",2.77000000,0.24712327,8.80000000,0.0345000000,3.69771040000,"Transit",2021
"Kepler-31 d",3.90000000,0.34793470,2161.24400000,0.4000000000,87.64510000000,"Transit",2014
"Kepler-109 c",2.65000000,0.23641757,8.20000000,0.1546000000,21.22265000000,"Transit",2014
"Kepler-1397 b",1.72000000,0.15344812,,,47.44995500000,"Transit",2016
"WTS-2 b",15.27786700,1.36300000,355.96960000,0.0185500000,1.01870680000,"Transit",2014
"TIC 160113658 b",3.49015778,0.31137156,,,6.72952262077,"Transit",2026
"HAT-P-44 b",13.92200000,1.24200000,111.87100000,0.0507000000,4.30121900000,"Transit",2014
"K2-75 b",2.67000000,0.23820145,,0.0810000000,7.81420000000,"Transit",2016
"Kepler-1945 b",1.28900000,0.11499708,,,6.08003997800,"Transit",2021
"TOI-1789 b",16.14093221,1.44000000,222.47988490,0.0488200000,3.20866400000,"Transit",2021
"Kepler-1092 b",2.07000000,0.18467303,,,58.60179250000,"Transit",2016
"K2-186 b",3.17207779,0.28299383,,,41.47421900000,"Transit",2018
"Kepler-1497 b",1.66000000,0.14809528,,,8.74199772000,"Transit",2016
"HD 154088 b",,,6.60000000,0.1340000000,18.56000000000,"Radial Velocity",2021
"KMT-2021-BLG-1391L b",,,4.55000000,2.2900000000,,"Microlensing",2022
"Kepler-1193 b",1.32000000,0.11776251,,,2.83265213400,"Transit",2016
"OGLE-2012-BLG-0358L b",,,588.00000000,0.8700000000,,"Microlensing",2013
"Kepler-15 b",10.76000000,0.96000000,209.76000000,0.0571400000,4.94278200000,"Transit",2011
"KMT-2021-BLG-0240L b",,,66.74396547,2.8000000000,,"Microlensing",2022
"TOI-3464 b",13.76462830,1.22800000,397.28550875,0.0515000000,3.65155680000,"Transit",2025
"HD 33844 c",,,556.20250000,2.2400000000,916.00000000000,"Radial Velocity",2015
"HAT-P-2 c",,,3400.76395490,,8500.00000000000,"Radial Velocity",2023
"Kepler-201 c",2.85000000,0.25400000,,0.5730000000,151.88405800000,"Transit",2014
"Kepler-29 b",2.55000000,0.22749576,5.00000000,,10.33974000000,"Transit",2011
"Kepler-233 c",2.71000000,0.24200000,,0.2870000000,60.41895500000,"Transit",2014
"K2-254 c",2.19000000,0.19537871,,0.0923000000,12.11839000000,"Transit",2018
"TOI-4137 b",13.57407563,1.21100000,457.67290608,0.0522200000,3.80161220000,"Transit",2022
"Kepler-918 b",1.74000000,0.15523240,,,4.85386933000,"Transit",2016
"Kepler-46 b",9.05700000,0.80800000,1907.00000000,0.1968000000,33.60134000000,"Transit",2012
"Kepler-46 c",,,119.49900000,0.2799000000,57.01100000000,"Transit Timing Variations",2012
"Kepler-82 d",1.77000000,0.15800000,,0.0340000000,2.38296100000,"Transit",2014
"Kepler-82 e",2.47000000,0.22000000,,0.0630000000,5.90220600000,"Transit",2014
"Kepler-338 b",2.44000000,0.21800000,,0.1170000000,13.72697600000,"Transit",2014
"Kepler-247 c",4.09000000,0.36500000,,0.0840000000,9.43945200000,"Transit",2014
"Kepler-414 c",3.01000000,0.26900000,29.90000000,,7.17100000000,"Transit",2014
"Kepler-417 c",,,,,15.94300000000,"Transit",2014
"Kepler-415 c",,,,,8.70800000000,"Transit",2014
"bet Pic d",14.12331568,1.26000000,762.78817680,26.0000000000,33200.00000000000,"Imaging",2026
"HD 134606 e",,,2.34000000,0.0527000000,4.32030000000,"Radial Velocity",2024
"Kepler-1976 b",12.21000000,1.08930511,,0.0565000000,4.95931924400,"Transit",2023
"Kepler-411 c",4.42100000,0.39441520,26.40000000,0.0739000000,7.83443500000,"Transit",2016
"Kepler-411 d",3.31900000,0.29610135,15.20000000,0.2790000000,58.02035000000,"Transit",2018
"WASP-126 b",,,90.30000000,,3.28883000000,"Transit",2016
"CoRoT-8 b",6.39000000,0.57000000,69.92000000,0.0630000000,6.21229000000,"Transit",2010
"Kepler-546 b",7.00000000,0.62449817,,,4.14702025800,"Transit",2016
"HATS-7 b",6.31066700,0.56300000,38.13960000,0.0401200000,3.18531500000,"Transit",2015
"TOI-6954 b",3.63524486,0.32431538,,,4.02074127419,"Transit",2026
"MASCARA-1 b",17.90074218,1.59700000,,0.0403520000,2.14877381000,"Transit",2017
"TOI-5800 b",2.46000000,0.21946688,9.50000000,0.0344000000,2.62788380000,"Transit",2025
"HD 214823 b",,,5914.78665427,3.0800000000,1854.84424000000,"Radial Velocity",2016
"Kepler-1518 b",3.05000000,0.27210277,,,5.11177904000,"Transit",2016
"K2-320 b",2.62000000,0.23374074,,0.0142000000,1.99500000000,"Transit",2020
"OGLE-2018-BLG-1269L b",,,210.00000000,4.5100000000,,"Microlensing",2020
"Kepler-1953 b",1.28574667,0.11470683,,,6.24565982800,"Transit",2021
"Kepler-324 b",1.14000000,0.10200000,,0.0500000000,4.38531500000,"Transit",2014
"TOI-880.02",2.19000000,0.19537905,,0.0349000000,2.57571000000,"Transit",2024
"Kepler-375 c",2.65000000,0.23600000,,0.1410000000,19.98632600000,"Transit",2014
"HD 101581 b",0.95600000,0.08528875,,0.0460000000,4.46569000000,"Transit",2025
"EPIC 229004835 b",2.33200000,0.20804746,10.40000000,0.1237000000,16.14113200000,"Transit",2023
"Kepler-1334 b",2.29000000,0.20430012,,,15.64591713000,"Transit",2016
"Kepler-337 c",2.05000000,0.18300000,,0.0930000000,9.69320100000,"Transit",2014
"WASP-147 b",12.49803500,1.11500000,87.40325000,0.0549000000,4.60273000000,"Transit",2018
"TOI-3593 b",11.02963701,0.98400000,565.73456446,0.0481000000,3.82128670000,"Transit",2025
"Kepler-999 b",2.34000000,0.20876082,,,5.99185701700,"Transit",2016
"TOI-2443 b",2.36300000,0.21081310,4.80000000,0.1050000000,15.66858000000,"Transit",2023
"OGLE-2011-BLG-0173L b",,,60.00000000,8.0000000000,,"Microlensing",2018
"Kepler-722 b",2.63000000,0.23463288,,,4.09357325200,"Transit",2016
"HD 191806 b",,,2966.61035094,2.7490000000,1603.38923000000,"Radial Velocity",2016
"Kepler-11 f",2.49000000,0.22200000,2.00000000,0.2500000000,46.68880000000,"Transit",2010
"Kepler-1226 b",1.45000000,0.12936034,,,17.29234530000,"Transit",2016
"TIC 437041147 b",2.21526814,0.19763333,,,3.82301421497,"Transit",2026
"K2-83 b",1.24400000,0.11098225,,0.0301400000,2.74697000000,"Transit",2016
"Kepler-731 b",13.88000000,1.23829066,,,3.85560355100,"Transit",2016
"HD 213240 b",,,1773.49140000,1.8900000000,882.70001000000,"Radial Velocity",2001
"Kepler-561 b",6.96000000,0.62092961,,,58.36204950000,"Transit",2016
"K2-138 g",3.01300000,0.26880186,4.32000000,0.2310900000,41.96797000000,"Transit",2021
"HIP 29442 d",1.53800000,0.13721141,5.14000000,0.0673000000,6.42957500000,"Radial Velocity",2023
"HD 62364 c",,,7923.46218651,36.9840000000,74839.94555000000,"Radial Velocity",2022
"Kepler-978 b",2.99000000,0.26674993,,,49.62215090000,"Transit",2016
"HD 29985 b",,,1739.47487151,13.3900000000,20608.14049000000,"Radial Velocity",2022
"GJ 682 b",,,4.40000000,0.0800000000,17.47800000000,"Radial Velocity",2014
"Kepler-454 d",,,734.18362017,5.1000000000,4073.00000000000,"Radial Velocity",2023
"Kepler-338 d",3.00000000,0.26800000,,0.2570000000,44.43101400000,"Transit",2014
"Kepler-138 b",0.64000000,0.05709707,0.07000000,0.0753000000,10.31340000000,"Transit",2014
"Kepler-138 c",1.51000000,0.13471341,2.30000000,0.0913000000,13.78150000000,"Transit",2014
"Kepler-138 d",1.51000000,0.13471341,2.10000000,0.1288000000,23.09230000000,"Transit",2014
"Kepler-1933 b",1.17984089,0.10525854,,,4.94329023400,"Transit",2021
"Kepler-1101 b",2.47000000,0.22035864,,,81.31510590000,"Transit",2016
"HD 18438 b",,,6674.39654700,2.1000000000,803.00000000000,"Radial Velocity",2023
"HD 95735 c",,,13.60000000,2.9400000000,2946.00000000000,"Radial Velocity",2021
"Kepler-292 d",2.23000000,0.19900000,,0.0680000000,7.05567900000,"Transit",2014
"HD 45364 b",,,60.16491745,0.6793000000,225.79000000000,"Radial Velocity",2008
"HATS-53 b",15.02006000,1.34000000,189.10885000,0.0475300000,3.85377680000,"Transit",2017
"Kepler-260 b",2.01000000,0.17900000,,0.0750000000,8.18739900000,"Transit",2014
"TOI-4156 b",2.53823825,0.22644684,,,4.46189034133,"Transit",2026
"Kepler-347 c",1.75000000,0.15600000,,0.1830000000,27.32087100000,"Transit",2014
"HD 110014 b",,,3524.59000000,2.1400000000,835.47700000000,"Radial Velocity",2009
"HD 220197 b",,,63.56600000,2.7290000000,1728.00000000000,"Radial Velocity",2018
"WASP-37 b",13.00200000,1.16000000,572.07000000,0.0446000000,3.57746900000,"Transit",2010
"Kepler-335 c",3.07000000,0.27400000,,0.3560000000,67.84446900000,"Transit",2014
"KOI-3503 c",1.21000000,0.10794916,10.36000000,,31.82800000000,"Transit",2021
"WASP-46 b",13.15936600,1.17400000,607.05530000,0.0233500000,1.43036763000,"Transit",2011
"HD 115404 A c",,,3279.67133183,11.3640000000,15319.22517000000,"Radial Velocity",2022
"Kepler-1507 b",0.84000000,0.07493978,,,16.05062130000,"Transit",2016
"K2-273 b",3.05000000,0.27210324,,0.0729000000,11.71956630000,"Transit",2018
"TOI-1221 b",2.91000000,0.25961326,1112.39942450,0.3870000000,91.68278000000,"Transit",2023
"Kepler-253 d",3.17000000,0.28300000,,0.1300000000,18.11986900000,"Transit",2014
"CoRoT-4 b",13.34000000,1.19000000,228.83000000,0.0900000000,9.20205000000,"Transit",2008
"TOI-3894 b",15.27784069,1.36300000,260.61929374,0.0535400000,4.33454000000,"Transit",2024
"Kepler-1038 b",3.53000000,0.31492551,,,148.46033820000,"Transit",2016
"Kepler-846 b",2.48000000,0.22125078,,,19.80792185000,"Transit",2016
"Kepler-866 b",1.63000000,0.14541886,,,2.61703253600,"Transit",2016
"KOI-884 e",,,66.05405000,,31.10165900000,"Transit Timing Variations",2014
"TOI-2411 b",1.68000000,0.14987982,,0.0144000000,0.78269420000,"Transit",2022
"Kepler-301 c",1.35000000,0.12000000,,0.0600000000,5.41902600000,"Transit",2014
"K2-409 b",2.48200000,0.22142959,,,1.90808400000,"Transit",2022
"Kepler-37 d",2.03000000,0.18110478,2.00000000,0.2109000000,39.79226220000,"Transit",2013
"TIC 46432937 b",13.31626907,1.18800000,1017.05090240,0.0206500000,1.44044527000,"Transit",2024
"TOI-4562 b",,,,,225.10640000000,"Transit",2023
"Kepler-560 b",1.72000000,0.15344812,,,18.47764449000,"Transit",2016
"KMT-2023-BLG-1866L b",,,2.63000000,2.6300000000,,"Microlensing",2024
"HD 74156 c",,,2753.98314665,3.6780000000,2448.48726000000,"Radial Velocity",2003
"GJ 273 c",,,1.18000000,0.0364670000,4.72340000000,"Radial Velocity",2017
"Kepler-1921 c",1.41000000,0.12579199,,0.0454000000,3.15722086000,"Transit",2023
"TOI-5292 A b",12.64373023,1.12800000,412.85910069,0.0279000000,2.02191000000,"Transit",2026
"TOI-1883 b",5.65000000,0.50406011,13.70000000,0.0423000000,4.50800000000,"Transit",2024
"HD 127195 b",,,212.94503269,,534.50000000000,"Radial Velocity",2026
"HD 127195 c",,,206.58846455,,836.99000000000,"Radial Velocity",2026
"TOI-1272 b",4.26000000,0.38005240,24.10000000,0.0410000000,3.31597650000,"Transit",2022
"TOI-1694 c",,,316.55709337,0.9740000000,386.25000000000,"Radial Velocity",2023
"Gaia23braL b",,,518.06030341,4.8470000000,,"Microlensing",2026
"DMPP-7 b",,,68.95800000,0.0607000000,4.92666000000,"Radial Velocity",2026
"KMT-2025-BLG-1160L b",,,25.36000000,2.5600000000,,"Microlensing",2026
"K2-99 c",,,2669.75861880,1.4300000000,522.20000000000,"Radial Velocity",2022
"TOI-1064 b",2.58700000,0.23079708,13.50000000,0.0615200000,6.44386800000,"Transit",2022
"Kepler-841 b",5.23000000,0.46658935,,,124.41983980000,"Transit",2016
"TOI-5605 b",2.52611303,0.22536510,,,5.91340454843,"Transit",2026
"HD 27894 d",,,2063.65984665,5.3620000000,5019.54244000000,"Radial Velocity",2017
"Kepler-186 e",1.27000000,0.11300000,,0.1100000000,22.40770400000,"Transit",2014
"Kepler-1987 d",2.66000000,0.23730971,,0.0571000000,5.64491415400,"Transit",2023
"Kepler-1233 b",2.60000000,0.23195646,,,45.12630420000,"Transit",2016
"HD 29021 b",,,1420.69297929,2.2940000000,1365.00000000000,"Radial Velocity",2017
"Kepler-205 b",1.51000000,0.13500000,,0.0320000000,2.75564000000,"Transit",2014
"Kepler-549 c",2.93000000,0.26139709,,,117.04049800000,"Transit",2016
"Kepler-1221 b",1.88000000,0.16772237,,,12.00096042000,"Transit",2016
"Kepler-1836 b",2.55303229,0.22776668,,,5.25416994100,"Transit",2021
"Kepler-257 b",2.61000000,0.23300000,,0.0340000000,2.38266700000,"Transit",2014
"Kepler-42 b",0.78000000,0.07000000,,0.0116000000,1.21376720000,"Transit",2011
"HD 75302 b",,,1716.27339780,5.3000000000,4356.00000000000,"Radial Velocity",2023
"Kepler-44 b",12.22000000,1.09000000,317.82000000,0.0446000000,3.24672930000,"Transit",2011
"Kepler-425 b",10.96200000,0.97800000,79.45000000,0.0464000000,3.79701816000,"Transit",2014
"KOI-984 c",,,209.80000000,0.1467000000,21.51200000000,"Transit Timing Variations",2022
"Kepler-1912 b",1.35670508,0.12103733,,,6.05921983700,"Transit",2021
"Kepler-336 d",2.37000000,0.21100000,,0.1540000000,20.67877200000,"Transit",2014
"HD 156098 c",,,1661.60691180,8.4150000000,7841.58390000000,"Radial Velocity",2022
"Kepler-1258 b",0.86000000,0.07672406,,,0.98494016700,"Transit",2016
"HD 142 b",,,396.96768034,1.0390000000,351.43394000000,"Radial Velocity",2001
"KMT-2021-BLG-0171L b",,,11.20000000,3.5000000000,,"Microlensing",2022
"Kepler-132 b",1.21000000,0.10800000,,0.0670000000,6.17819600000,"Transit",2014
"TOI-5174 b",5.35100000,0.47738507,,,12.21428600000,"Transit",2022
"WASP-97 b",12.77826000,1.14000000,432.24880000,,2.07276000000,"Transit",2014
"Kepler-1646 b",1.23000000,0.10973325,,,4.48558383000,"Transit",2016
"HD 63433 c",2.69200000,0.24000000,15.53900000,,20.54382810000,"Transit",2020
"K2-342 b",2.03000000,0.18110478,,,11.56105200000,"Transit",2021
"Kepler-188 c",3.19000000,0.28500000,,0.0660000000,5.99655300000,"Transit",2014
"Kepler-1096 b",1.24000000,0.11062539,,,2.89221750600,"Transit",2016
"HD 173416 b",,,585.12209729,1.1580000000,322.03000000000,"Radial Velocity",2008
"Kepler-111 c",7.08407580,0.63200000,222.47988490,0.7510000000,224.77833000000,"Transit",2014
"KMT-2022-BLG-1013L b",,,98.52680617,1.3800000000,,"Microlensing",2023
"Kepler-284 b",2.24000000,0.20000000,,0.1040000000,12.69914900000,"Transit",2014
"MOA-2013-BLG-605L b",,,3.24000000,0.9300000000,,"Microlensing",2016
"OGLE-2016-BLG-1227L b",,,250.00000000,3.4000000000,,"Microlensing",2020
"HATS-52 b",15.49083800,1.38200000,711.93920000,0.0249800000,1.36665436000,"Transit",2017
"HD 32963 b",,,222.48100000,3.4100000000,2372.00000000000,"Radial Velocity",2015
"Kepler-131 b",2.41000000,0.21500000,16.13000000,,16.09200000000,"Transit",2014
"MOA-2008-BLG-379L b",,,1300.00000000,2.7000000000,,"Microlensing",2013
"Kepler-1241 b",2.63000000,0.23463288,,,18.55257010000,"Transit",2016
"HIP 55507 b",,,2585.53409095,5.0620000000,5138.43727000000,"Radial Velocity",2022
"HD 1690 b",,,2793.72570000,1.3600000000,533.00000000000,"Radial Velocity",2010
"TOI-2498 b",6.06000000,0.54063792,34.62000000,0.0491000000,3.73825200000,"Transit",2023
"HD 29399 b",,,498.99059899,1.9130000000,892.70000000000,"Radial Velocity",2022
"WASP-1 b",16.62300000,1.48300000,271.41500000,0.0388900000,2.51994540000,"Transit",2007
"HD 151450 b",,,38.45723725,0.1600000000,21.89288000000,"Radial Velocity",2022
"OGLE-TR-111 b",11.42197100,1.01900000,,0.0473000000,4.01444630000,"Transit",2004
"Kepler-361 c",2.52000000,0.22500000,,0.3000000000,55.18802300000,"Transit",2014
"K2-136 b",1.01400000,0.09046318,4.30000000,0.0707000000,7.97525000000,"Transit",2017
"K2-136 c",3.00000000,0.26764253,18.10000000,0.1185000000,17.30723000000,"Transit",2017
"HD 18143 c",,,3177.64841319,17.5300000000,28982.41764000000,"Radial Velocity",2022
"LHS 1678 d",0.98100000,0.08751911,,0.0400000000,4.96522290000,"Transit",2024
"WASP-157 b",11.19000000,0.99830493,,0.0499000000,3.95162300000,"Transit",2016
"EPIC 201833600 c",1.00000000,0.08921402,,,3.96151000000,"Transit",2019
"Kepler-93 b",1.47800000,0.13185856,4.66000000,0.0534300000,4.72673978000,"Transit",2014
"HD 106270 b",,,3219.61790000,3.3400000000,1888.00000000000,"Radial Velocity",2011
"TOI-220 b",3.03000000,0.27031896,13.80000000,0.0891100000,10.69526400000,"Transit",2021
"HD 2638 b",,,133.48860000,0.0400000000,3.44420000000,"Radial Velocity",2005
"HD 39194 c",,,7.49000000,0.1083000000,14.03090000000,"Radial Velocity",2021
"Kepler-511 b",6.35000000,0.56650906,,,296.63786500000,"Transit",2016
"K2-151 b",1.49000000,0.13292890,,0.0373000000,3.83547600000,"Transit",2018
"HIP 54373 b",,,8.62000000,0.0630000000,7.76000000000,"Radial Velocity",2019
"Kepler-426 b",12.22000000,1.09000000,108.06000000,0.0414000000,3.21751883000,"Transit",2014
"TOI-6054.02",2.82000000,0.25158398,9.30000000,0.1079000000,12.56363600000,"Transit",2024
"TOI-5795 b",5.62000000,0.50138368,23.66000000,0.0640000000,6.14063250000,"Transit",2025
"HS Psc b",,,464.02947422,0.0435000000,3.98600000000,"Radial Velocity",2024
"TOI-1443 b",2.30381001,0.20553252,30.00000000,0.1470000000,23.54067800000,"Transit",2024
"HD 134606 f",,,5.63000000,0.1784000000,26.91500000000,"Radial Velocity",2024
"Kepler-1717 b",2.98929758,0.26668773,,,30.65279961000,"Transit",2021
"TOI-4329 b",16.81347105,1.50000000,143.02278315,,2.92230000000,"Transit",2022
"Kepler-784 c",1.55000000,0.13828198,,0.1309000000,17.15723600000,"Transit",2023
"Kepler-1972 b",0.80200000,0.07154977,2.02000000,,7.54425000000,"Transit",2022
"HD 100546 b",77.34210000,6.90000000,2701.54145950,53.0000000000,,"Imaging",2014
"Kepler-238 e",5.60000000,0.50000000,169.70000000,,23.65400000000,"Transit",2013
"Kepler-993 b",2.97000000,0.26496565,,,22.08557563000,"Transit",2016
"Teegarden's Star d",,,0.82000000,0.0791000000,26.13000000000,"Radial Velocity",2024
"OGLE-TR-132 b",13.45000000,1.20000000,375.02000000,0.0303500000,1.68986800000,"Transit",2004
"TOI-4342 c",2.34900000,0.20956410,4.80000000,0.0804000000,10.68866200000,"Transit",2023
"Kepler-1761 b",1.39109603,0.12410549,,,4.04354000100,"Transit",2021
"Kepler-865 c",0.89000000,0.07940062,,0.0610000000,6.20920207000,"Transit",2023
"K2-59 b",2.41000000,0.21500580,,0.1354000000,20.69210000000,"Transit",2016
"Kepler-1062 b",1.76000000,0.15701668,,,9.30412078000,"Transit",2016
"OGLE-2018-BLG-0516L b",,,20.10000000,2.2000000000,,"Microlensing",2022
"Kepler-809 b",3.01000000,0.26853421,,,55.63934000000,"Transit",2016
"Kepler-941 b",3.08000000,0.27477920,,,17.42395198000,"Transit",2016
"TOI-5799 b",1.73300000,0.15460817,,0.0348000000,4.16450700000,"Transit",2024
"Kepler-1400 b",1.62000000,0.14452672,,,9.06689421000,"Transit",2016
"HD 10975 b",,,143.02278315,0.9500000000,283.80000000000,"Radial Velocity",2021
"HAT-P-20 b",9.71800000,0.86700000,2302.89900000,0.0361000000,2.87531700000,"Transit",2010
"Kepler-920 c",3.80000000,0.33901329,,,100.82741130000,"Transit",2016
"KMT-2024-BLG-0404L c",,,17.30000000,,,"Microlensing",2025
"Kepler-1505 b",0.93000000,0.08296904,,,30.86093660000,"Transit",2016
"Kepler-545 b",2.69000000,0.23998573,,,13.24934059000,"Transit",2016
"TOI-1438 b",3.04000000,0.27121110,9.40000000,0.0553000000,5.13967000000,"Transit",2025
"HATS-3 b",15.48000000,1.38100000,340.38200000,0.0485000000,3.54785100000,"Transit",2013
"HD 135694 b",2.85700000,0.25488491,,0.1246950000,15.92347556800,"Transit",2023
"HR 5183 b",,,1026.59090000,18.0000000000,27000.00000000000,"Radial Velocity",2019
"Kepler-374 c",1.10000000,0.09800000,,0.0420000000,3.28280700000,"Transit",2014
"TOI-2200 b",6.96310517,0.62120770,,,2.93602836512,"Transit",2026
"TOI-2295 c",,,1783.01736327,2.0180000000,966.50000000000,"Radial Velocity",2024
"TOI-205 b",2.50121142,0.22314352,,,4.25300773815,"Transit",2026
"Kepler-1547 b",0.90000000,0.08029262,,,0.69297967600,"Transit",2016
"Kepler-1181 c",1.83000000,0.16326195,,0.0928000000,8.93484887000,"Transit",2023
"EPIC 220674823 c",2.71200000,0.24194885,7.90000000,0.1078000000,13.34060300000,"Transit",2016
"HD 160691 e",,,2224.79884900,,307.90000000000,"Radial Velocity",2006
"Kepler-1471 c",1.88000000,0.16772265,,0.0981000000,11.60448810000,"Transit",2023
"WASP-197 b",14.44837612,1.28900000,403.32424848,0.0650000000,5.16722800000,"Transit",2025
"Kepler-1279 b",1.75000000,0.15612454,,,23.47741010000,"Transit",2016
"Kepler-1438 b",0.94000000,0.08386118,,,2.31942009000,"Transit",2016
"Kepler-446 b",1.50000000,0.13000000,,,1.56540900000,"Transit",2015
"Kepler-1197 b",1.25000000,0.11151753,,,2.03231845000,"Transit",2016
"KOBE-1 c",,,12.40000000,0.1607100000,29.67100000000,"Radial Velocity",2025
"Kepler-113 b",1.82000000,0.16200000,11.70000000,,4.75400000000,"Transit",2014
"Kepler-10 c",2.35500000,0.21009939,11.29000000,0.2410000000,45.29430100000,"Transit",2011
"Kepler-1963 b",0.74437023,0.06640838,,,1.96226000800,"Transit",2021
"Kepler-357 b",1.84000000,0.16400000,,0.0630000000,6.47543400000,"Transit",2014
"WASP-24 b",15.46842000,1.38000000,394.10920000,,2.34121000000,"Transit",2010
"TOI-3261 b",3.82000000,0.34079816,30.30000000,0.0171400000,0.88313310000,"Transit",2024
"Kepler-223 c",3.44000000,0.30689624,5.10000000,,9.84564000000,"Transit",2014
"Kepler-1417 b",1.00000000,0.08921402,,,20.35052130000,"Transit",2016
"KMT-2016-BLG-2321L b",,,301.93698665,3.5800000000,,"Microlensing",2024
"Kepler-755 b",1.76000000,0.15701668,,,1.26909037400,"Transit",2016
"HD 180314 b",,,7216.92963775,1.4480000000,394.73000000000,"Radial Velocity",2010
"Kepler-390 b",0.82000000,0.07300000,,0.0650000000,6.73808800000,"Transit",2014
"Kepler-202 b",1.63000000,0.14500000,,0.0450000000,4.06942700000,"Transit",2014
"KMT-2021-BLG-0748L b",,,143.02278315,2.4300000000,,"Microlensing",2022
"Kepler-403 d",1.42000000,0.12668391,,,13.61159129000,"Transit",2016
"K2-57 b",2.30905002,0.20600000,,0.0752000000,9.00730000000,"Transit",2016
"K2-28 b",2.32000000,0.20697654,,0.0214000000,2.26045500000,"Transit",2016
"Kepler-292 f",2.35000000,0.21000000,,0.1410000000,20.83423700000,"Transit",2014
"Kepler-220 d",0.98000000,0.08700000,,0.1630000000,28.12239700000,"Transit",2014
"Kepler-366 c",1.79000000,0.16000000,,0.1100000000,12.51616000000,"Transit",2014
"HD 67087 c",,,1540.00000000,3.8600000000,2374.00000000000,"Radial Velocity",2015
"HD 191939 f",,,915.34581216,3.7100000000,2898.00000000000,"Radial Velocity",2022
"KMT-2019-BLG-1216L b",,,29.87587026,2.4400000000,,"Microlensing",2023
"TOI-4465 b",14.01122587,1.25000000,1872.00931723,0.4160000000,101.94054000000,"Transit",2025
"bet UMi b",,,1938.70000000,1.4000000000,522.30000000000,"Radial Velocity",2014
"Kepler-309 b",1.56000000,0.13900000,,0.0590000000,5.92365300000,"Transit",2014
"Kepler-686 b",12.15000000,1.08395040,,,1.59474546300,"Transit",2016
"TOI-907.01",9.61588510,0.85694229,,0.0552254810,4.58491290000,"Transit",2024
"NGTS-26 b",14.88552637,1.32800000,92.80589484,0.0490000000,4.51992790000,"Transit",2024
"HD 39091 b",,,4481.38053870,3.2800000000,2088.80000000000,"Radial Velocity",2001
"TOI-2322 b",0.99400000,0.08867889,2.31000000,0.0924000000,11.30717000000,"Transit",2025
"TOI-2322 c",1.87400000,0.16718737,18.10000000,0.1362000000,20.22552800000,"Transit",2025
"Kepler-103 c",5.45390000,0.48656521,58.47000000,0.6679000000,179.60978000000,"Transit",2014
"TOI-707 b",2.41600000,0.21550000,,0.2750000000,52.79918000000,"Transit",2026
"WASP-5 b",12.18400000,1.08700000,502.15000000,0.0267000000,1.62842790000,"Transit",2008
"HD 7924 c",,,7.86000000,0.1134000000,15.29900000000,"Radial Velocity",2015
"HD 183263 b",,,1103.18240070,1.4600000000,624.87404000000,"Radial Velocity",2004
"HD 171238 b",,,2796.88998160,2.5180000000,1515.00000000000,"Radial Velocity",2009
"HD 175541 b",,,190.06234000,0.9750000000,298.43000000000,"Radial Velocity",2007
"HD 33142 b",,,400.46379282,1.0740000000,330.00000000000,"Radial Velocity",2011
"Kepler-291 b",2.16000000,0.19300000,,0.0470000000,3.54651100000,"Transit",2014
"HD 154672 b",,,1706.74710000,0.6000000000,163.94000000000,"Radial Velocity",2008
"K2-77 b",2.49960270,0.22300000,,0.0753000000,8.20008440000,"Transit",2016
"K2-266 b",3.30000000,0.29440628,11.26782377,0.0130600000,0.65852400000,"Transit",2018
"Kepler-990 c",1.53000000,0.13649746,,,0.53835430800,"Transit",2016
"TOI-2992 b",13.75341932,1.22700000,1058.36859531,0.0434000000,3.00781200000,"Transit",2025
"Kepler-450 d",0.83700000,0.07467214,,,7.51464000000,"Transit",2015
"Kepler-638 b",1.83000000,0.16326166,,,6.07972888000,"Transit",2016
"Kepler-479 b",2.12000000,0.18913373,,,12.49341307000,"Transit",2016
"Kepler-363 d",2.05000000,0.18300000,,0.1070000000,11.93212500000,"Transit",2014
"Kepler-1946 b",2.48812698,0.22197620,,,3.03519010500,"Transit",2021
"24 Sex c",,,273.32000000,2.0800000000,883.00000000000,"Radial Velocity",2010
"Kepler-1747 b",4.26508000,0.38050561,,,6.23031997700,"Transit",2021
"K2-335 b",2.21000000,0.19716333,,,12.28321100000,"Transit",2021
"K2-344 b",1.59000000,0.14185054,,,3.35585000000,"Transit",2021
"KELT-6 c",,,1179.14930000,2.3900000000,1276.00000000000,"Radial Velocity",2015
"Kepler-126 b",1.52000000,0.13600000,,0.0990000000,10.49571100000,"Transit",2014
"Kepler-228 d",4.04000000,0.36000000,,0.1010000000,11.09428600000,"Transit",2014
"NGTS-15 b",12.32987877,1.10000000,238.68913366,0.0441000000,3.27623000000,"Transit",2021
"BD+37 3172 b",,,3368.98111420,4.6500000000,1887.76000000000,"Radial Velocity",2023
"CoRoT-19 b",14.46000000,1.29000000,352.78000000,0.0518000000,3.89713000000,"Transit",2011
"Kepler-1625 b",6.06000000,0.54063699,,,287.37894900000,"Transit",2016
"Kepler-629 b",1.38000000,0.12311535,,,7.23858540000,"Transit",2016
"TOI-6677 b",5.83507112,0.52057107,,,5.45060661625,"Transit",2026
"K2-397 b",2.41700000,0.21563067,,,3.57232600000,"Transit",2022
"Kepler-1354 b",2.97000000,0.26496565,,,76.61337700000,"Transit",2016
"TOI-1194 b",8.71664516,0.77764833,120.00000000,0.0340000000,2.31064460000,"Transit",2023
"KELT-17 b",17.09372500,1.52500000,416.35730000,0.0488100000,3.08017160000,"Transit",2016
"TOI-3919 b",12.31866979,1.09900000,1233.17421916,0.0795000000,7.43323400000,"Transit",2024
"Kepler-65 d",1.52000000,0.13600000,,0.0840000000,8.13123000000,"Transit",2012
"Kepler-1656 c",,,126.40000000,3.0530000000,1919.00000000000,"Radial Velocity",2022
"MOA-2016-BLG-526L b",,,14.93793513,2.0700000000,,"Microlensing",2024
"K2-71 b",2.15000000,0.19181015,,0.0559000000,6.98541000000,"Transit",2016
"TOI-3785 b",5.14000000,0.45856088,14.95000000,0.0430000000,4.67473730000,"Transit",2023
"Kepler-1595 b",1.23000000,0.10973325,,,4.56380468000,"Transit",2016
"KOI-351 d",2.87000000,0.25600000,,0.3200000000,59.73667000000,"Transit",2013
"TOI-837 b",9.16894621,0.81800000,120.45696625,0.0888000000,8.32491130000,"Transit",2020
"TOI-4860 b",8.70000000,0.77000000,86.70000000,0.0180800000,1.52275910000,"Transit",2023
"NGTS-3 A b",16.58932000,1.48000000,756.43540000,0.0230000000,1.67537280000,"Transit",2018
"K2-174 b",2.60000000,0.23195646,,0.1260000000,19.56230700000,"Transit",2018
"Kepler-1880 b",2.11686218,0.18885412,,,6.30921983700,"Transit",2021
"HAT-P-6 b",16.58932000,1.48000000,419.53560000,,3.85298000000,"Transit",2007
"LHS 1903 d",2.50000000,0.22303545,5.96000000,0.0860400000,12.56628700000,"Transit",2026
"TOI-1201 b",2.41500000,0.21545224,6.28000000,0.0287000000,2.49198630000,"Transit",2021
"Kepler-1093 c",1.96000000,0.17485949,,,89.72229200000,"Transit",2016
"Kepler-203 d",1.44000000,0.12800000,,0.1000000000,11.32972000000,"Transit",2014
"KMT-2018-BLG-1025L b",,,6.05900000,1.3050000000,,"Microlensing",2021
"Kepler-379 c",2.29000000,0.20400000,,0.3260000000,62.78469700000,"Transit",2014
"WASP-181 b",13.27145600,1.18400000,95.03117000,0.0542700000,4.51950640000,"Transit",2019
"Kepler-1033 b",2.51000000,0.22392720,,,7.56052806000,"Transit",2016
"Kepler-684 b",3.36000000,0.29975912,,,6.77030200800,"Transit",2016
"Kepler-393 b",1.29000000,0.11500000,,0.0910000000,9.18241700000,"Transit",2014
"WASP-72 b",14.45961000,1.29000000,731.00900000,,2.21673000000,"Transit",2012
"Kepler-378 b",0.75000000,0.06700000,,0.1120000000,16.09236100000,"Transit",2014
"WASP-133 b",13.56289000,1.21000000,368.68280000,0.0345000000,2.17642300000,"Transit",2016
"HATS-65 b",16.82470900,1.50100000,260.93843000,0.0449700000,3.10516100000,"Transit",2018
"HD 35759 b",,,1195.04080000,0.3890000000,82.46700000000,"Radial Velocity",2016
"Kepler-1702 b",1.60190793,0.14291265,,,18.50120000000,"Transit",2020
"Kepler-550 b",4.42000000,0.39432599,,,8.60010410900,"Transit",2016
"GJ 887 c",,,6.50000000,0.1210000000,21.78400000000,"Radial Velocity",2020
"TOI-4458 b",12.40834163,1.10700000,552.06794296,0.0522000000,3.93937920000,"Transit",2026
"Kepler-1895 b",2.11934728,0.18907583,,,6.07029008900,"Transit",2021
"TOI-1634 c",,,,,103.00000000000,"Radial Velocity",2022
"Kepler-1218 b",1.44000000,0.12846820,,,22.92212660000,"Transit",2016
"GJ 238 b",0.56600000,0.05049522,,0.0212300000,1.74469990000,"Transit",2024
"TIC 445839811 b",2.47771211,0.22104705,,,11.10862603180,"Transit",2026
"HIP 98599 b",,,2177.12458795,3.9600000000,2656.00000000000,"Radial Velocity",2026
"Kepler-323 b",1.38100000,0.12320478,3.90000000,0.0277800000,1.67832800000,"Transit",2014
"K2-268 e",1.33000000,0.11865486,,,6.13124300000,"Transit",2021
"Kepler-8 b",15.87194400,1.41600000,187.51970000,0.0474000000,3.52249910000,"Transit",2010
"Kepler-904 b",1.77000000,0.15790882,,,3.02166863200,"Transit",2016
"Kepler-772 b",1.82000000,0.16236952,,,12.99207337000,"Transit",2016
"Kepler-669 b",4.83000000,0.43090374,,,4.12554686900,"Transit",2016
"Kepler-1610 c",2.09000000,0.18645763,,0.2323000000,44.98518850000,"Transit",2023
"Kepler-310 b",1.19000000,0.10600000,,0.1110000000,13.93069800000,"Transit",2014
"Kepler-427 b",13.79000000,1.23000000,92.17000000,0.0910000000,10.29099400000,"Transit",2014
"NGTS-33 b",18.38272835,1.64000000,1153.71711741,0.0480000000,2.82797200000,"Transit",2024
"TOI-3976 A b",12.27383387,1.09500000,55.61997123,0.0743000000,6.60766200000,"Transit",2023
"HD 191939 e",,,112.20000000,0.4070000000,101.12000000000,"Radial Velocity",2022
"Kepler-1876 b",0.85300000,0.07609969,2.40000000,0.0758000000,6.99205000000,"Transit",2021
"Kepler-1771 b",4.05537256,0.36179673,,,88.64399719000,"Transit",2021
"HD 224693 b",,,222.48100000,0.1910000000,26.69040000000,"Radial Velocity",2006
"HD 457 b",,,8445.33643080,15.3690000000,20324.58153000000,"Radial Velocity",2022
"TOI-469.01",3.41000000,0.30422035,9.10000000,0.1110000000,13.63082050000,"Transit",2021
"HIP 65891 b",,,1938.75328270,2.8200000000,1089.60000000000,"Radial Velocity",2015
"Kepler-227 c",3.04000000,0.27100000,,0.2900000000,54.41869400000,"Transit",2014
"Kepler-127 d",2.64000000,0.23600000,,0.2800000000,48.63040800000,"Transit",2014
"K2-184 b",1.47000000,0.13114484,,0.1685000000,16.97801020000,"Transit",2018
"Kepler-1026 b",2.21000000,0.19716299,,,36.51560530000,"Transit",2016
"HD 63765 b",,,168.44990000,0.9400000000,358.00000000000,"Radial Velocity",2011
"Kepler-371 b",1.89000000,0.16900000,,0.2000000000,34.76327800000,"Transit",2014
"Kepler-438 b",1.12000000,0.10000000,,0.1660000000,35.23319000000,"Transit",2015
"HD 27442 b",,,495.80000000,1.2710000000,428.10000000000,"Radial Velocity",2000
"Kepler-214 b",2.61000000,0.23300000,,0.1300000000,15.66054400000,"Transit",2014
"Kepler-398 b",0.93000000,0.08300000,,0.0440000000,4.08142300000,"Transit",2014
"Kepler-310 c",3.38000000,0.30200000,,0.2810000000,56.47542000000,"Transit",2014
"TOI-2485 b",12.13932610,1.08300000,766.60211768,0.1093000000,11.23479000000,"Transit",2024
"Kepler-982 b",2.25000000,0.20073156,,,15.77382210000,"Transit",2016
"Kepler-1535 b",2.55000000,0.22749576,,,138.94420000000,"Transit",2016
"Kepler-110 b",1.83000000,0.16300000,,0.1070000000,12.69111200000,"Transit",2014
"HD 73534 b",,,353.42696000,2.9900000000,1750.00000000000,"Radial Velocity",2008
"Kepler-1630 b",2.19000000,0.19537871,,,509.99740200000,"Transit",2016
"Kepler-824 b",1.87000000,0.16683023,,,4.51436633000,"Transit",2016
"HATS-50 b",12.66617000,1.13000000,123.95370000,0.0504600000,3.82970150000,"Transit",2017
"HD 177565 b",,,15.10000000,0.2460000000,44.50500000000,"Radial Velocity",2017
"Kepler-1372 b",1.27000000,0.11330181,,,1.31155556800,"Transit",2016
"KMT-2019-BLG-1367L b",,,4.08000000,1.7000000000,,"Microlensing",2023
"TWA 7 b",,,108.06165838,52.0000000000,,"Imaging",2025
"K2-14 b",4.81000000,0.42911946,,0.0627000000,8.36802000000,"Transit",2015
"Kepler-511 c",4.20964327,0.37555986,,,26.62949944000,"Transit",2021
"TOI-470 b",4.34000000,0.38718953,,0.1190000000,12.19148000000,"Transit",2023
"Kepler-813 b",2.14000000,0.19091801,,,19.12947337000,"Transit",2016
"TOI-2000 c",8.14000000,0.72700000,81.70000000,0.0878000000,9.12705500000,"Transit",2023
"Kepler-611 b",1.65000000,0.14720314,,,2.43703330200,"Transit",2016
"Kepler-595 b",3.70800000,0.33080560,17.40000000,,25.30290920000,"Transit",2016
"HD 220689 b",,,355.33394000,3.3960000000,2266.40000000000,"Radial Velocity",2012
"V830 Tau b",,,222.48100000,0.0570000000,4.92700000000,"Radial Velocity",2016
"HD 181433 d",,,206.91000000,6.7400000000,6896.10000000000,"Radial Velocity",2008
"Kepler-41 b",14.46000000,1.29000000,177.98000000,0.0310100000,1.85555820000,"Transit",2011
"Kepler-229 c",4.92000000,0.43900000,,0.1170000000,16.06863800000,"Transit",2014
"Kepler-1815 b",2.74892620,0.24524319,,,12.19139957000,"Transit",2021
"Kepler-769 c",1.79000000,0.15969310,,,15.98701740000,"Transit",2016
"Kepler-1770 b",2.84141754,0.25349473,,,16.84189987000,"Transit",2021
"Kepler-520 c",1.07000000,0.09545901,,,5.21104261000,"Transit",2016
"TOI-1268 b",9.10000000,0.81184902,96.40000000,0.0711000000,8.15770940000,"Transit",2022
"Kepler-68 b",2.35700000,0.21027782,8.03000000,0.0613500000,5.39875259000,"Transit",2013
"Kepler-79 d",7.15000000,0.63788137,5.30000000,,52.08970000000,"Transit",2014
"Kepler-600 b",2.90000000,0.25872067,,,23.67517607000,"Transit",2016
"GJ 1061 d",,,1.67000000,0.0540000000,13.06600000000,"Radial Velocity",2020
"Kepler-374 d",1.31000000,0.11700000,,0.0560000000,5.02821900000,"Transit",2014
"Kepler-1292 b",1.82000000,0.16236952,,,3.27646405000,"Transit",2016
"Kepler-1666 c",3.23564749,0.28866513,,,40.71570000000,"Transit",2020
"Kepler-1359 b",2.83000000,0.25247569,,,59.49709520000,"Transit",2016
"TOI-6707 b",5.72673066,0.51090557,,,3.83479363758,"Transit",2026
"TOI-375 b",10.77183045,0.96100000,236.78216321,0.0990000000,9.45469000000,"Transit",2026
"Kepler-342 b",2.25000000,0.20100000,,0.1280000000,15.17031800000,"Transit",2014
"WASP-153 b",17.37395000,1.55000000,123.95370000,0.0480000000,3.33260900000,"Transit",2017
"Kepler-853 b",1.69000000,0.15077170,,,7.16892463000,"Transit",2016
"K2-124 b",2.90000000,0.25872067,,0.0490000000,6.41365100000,"Transit",2017
"Kepler-1061 b",1.98000000,0.17664377,,,2.75798266600,"Transit",2016
"TOI-201 d",1.39000000,0.12400771,5.80000000,0.0698000000,5.84889000000,"Transit",2026
"K2-413 b",0.75990000,0.06779385,,0.0117000000,0.80940000000,"Transit",2022
"TOI-6002 b",1.65000000,0.14720339,,0.0572200000,10.90482100000,"Transit",2024
"TOI-1798.01",2.44800000,0.21839631,,0.0749840000,8.02152233100,"Transit",2024
"TOI-5398 b",10.30000000,0.91890603,58.70000000,0.0980000000,10.59054700000,"Transit",2022
"Kepler-187 b",1.41000000,0.12600000,,0.0590000000,4.93886400000,"Transit",2014
"TOI-871 b",1.66400000,0.14845239,,0.1054000000,14.36256500000,"Transit",2024
"Kepler-270 b",2.01000000,0.17900000,,0.1070000000,11.47609400000,"Transit",2014
"Kepler-1378 b",2.20000000,0.19627085,,,11.95398936000,"Transit",2016
"Kepler-1121 b",1.91000000,0.17039879,,,13.15141081000,"Transit",2016
"Kepler-55 e",1.55000000,0.13800000,,0.0480000000,4.61753400000,"Transit",2014
"Kepler-1931 b",2.65323514,0.23670619,,,38.57609940000,"Transit",2021
"Kepler-1865 b",1.57686072,0.14067833,,,2.52400994300,"Transit",2021
"Kepler-341 c",1.70000000,0.15200000,,0.0800000000,8.01041000000,"Transit",2014
"BD-13 2130 b",,,3108.37740000,1.6600000000,714.29999000000,"Radial Velocity",2007
"eps CrB b",,,2129.46100000,1.3000000000,417.90000000000,"Radial Velocity",2012
"Kepler-1542 c",0.65000000,0.05798912,,,2.89223021000,"Transit",2016
"Kepler-223 d",5.24000000,0.46748149,8.00000000,,14.78869000000,"Transit",2014
"Kepler-1268 b",2.03000000,0.18110447,,,40.99039860000,"Transit",2016
"KMT-2023-BLG-1592L b",,,184.34047606,3.9000000000,,"Microlensing",2026
"Kepler-394 b",1.60000000,0.14300000,,0.0830000000,8.00501300000,"Transit",2014
"GJ 1002 b",,,1.08000000,0.0457000000,10.34650000000,"Radial Velocity",2022
"TIC 231949697 b",1.52831855,0.13634768,,,0.90720448719,"Transit",2026
"Kepler-387 b",1.03000000,0.09200000,,0.0680000000,6.79163600000,"Transit",2014
"HD 4203 b",,,708.76090000,1.1700000000,431.88000000000,"Radial Velocity",2001
"TOI-2421 b",10.36830715,0.92500000,105.83685953,0.0543000000,4.34740320000,"Transit",2022
"Kepler-407 b",1.19000000,0.10616487,1.93000000,,0.66931240000,"Transit",2014
"HATS-54 b",11.37711541,1.01500000,239.32479047,0.0370000000,2.54417650000,"Transit",2019
"Kepler-135 c",1.16000000,0.10300000,,0.1030000000,11.44870800000,"Transit",2014
"HD 69830 b",,,10.20000000,0.0785000000,8.66700000000,"Radial Velocity",2006
"Kepler-1307 b",2.47000000,0.22035864,,,18.01621096000,"Transit",2016
"Kepler-139 c",3.38000000,0.30200000,,0.5860000000,157.07287800000,"Transit",2014
"Kepler-1012 b",1.29000000,0.11508609,,,5.50860439000,"Transit",2016
"Kepler-1694 b",1.17986031,0.10526009,,,3.89526000000,"Transit",2020
"Kepler-1064 b",1.55000000,0.13828174,,,16.54080322000,"Transit",2016
"OGLE-2017-BLG-0373L b",,,127.00000000,2.4240000000,,"Microlensing",2018
"Kepler-216 c",3.04000000,0.27100000,,0.1360000000,17.40666900000,"Transit",2014
"K2-163 b",2.46610713,0.22001134,,,6.67311700000,"Transit",2018
"Kepler-296 c",2.00000000,0.17842805,,0.0521000000,5.84163660000,"Transit",2014
"GJ 9689 b",,,9.65000000,0.1139000000,18.27000000000,"Radial Velocity",2020
"Kepler-284 c",2.61000000,0.23300000,,0.2130000000,37.51445600000,"Transit",2014
"GJ 27.1 b",,,13.00000000,0.1010000000,15.81900000000,"Radial Velocity",2014
"Kepler-1075 b",1.42000000,0.12668391,,,1.52372816000,"Transit",2016
"K2-404 b",2.53000000,0.22571187,,,13.11536500000,"Transit",2022
"Kepler-1342 b",1.66000000,0.14809528,,,2.21571035800,"Transit",2016
"Kepler-721 b",2.64000000,0.23552502,,,5.39202538800,"Transit",2016
"HIP 54515 b",,,5625.56280390,24.8000000000,33000.00000000000,"Imaging",2026
"TOI-2525 b",8.67575106,0.77400000,26.69758619,0.1511000000,23.28560000000,"Transit",2023
"KMT-2022-BLG-1551L b",,,940.77208472,2.2900000000,,"Microlensing",2026
"Kepler-150 d",2.79000000,0.24900000,,0.1040000000,12.56093000000,"Transit",2014
"K2-104 b",1.79000000,0.15969338,,0.0242000000,1.97419540000,"Transit",2016
"HAT-P-59 b",12.58768533,1.12300000,489.45574678,0.0506400000,4.14197710000,"Transit",2021
"Kepler-80 e",1.60000000,0.14274244,4.13000000,0.0491000000,4.64489000000,"Transit",2014
"Kepler-1764 b",4.55527871,0.40639545,,,70.46829987000,"Transit",2021
"KIC 10001893 b",,,,,0.21970000000,"Orbital Brightness Modulation",2014
"TOI-481 b",11.09691000,0.99000000,486.27990000,0.0970000000,10.33111000000,"Transit",2020
"Kepler-422 b",12.89000000,1.15000000,136.66000000,0.0820000000,7.89144830000,"Transit",2014
"HD 13167 b",,,1052.01730000,4.1000000000,2613.00000000000,"Radial Velocity",2018
"HD 20782 b",,,472.83000000,1.3649000000,597.06430000000,"Radial Velocity",2006
"Kepler-773 b",1.43000000,0.12757605,,,3.74910006100,"Transit",2016
"Kepler-218 d",2.66000000,0.23730931,,,124.52446470000,"Transit",2016
"HATS-9 b",13.85000000,1.23561424,,0.0312000000,1.91529100000,"Transit",2015
"Kepler-906 b",2.11000000,0.18824159,,,41.69799760000,"Transit",2016
"Kepler-444 b",0.40300000,0.03600000,,0.0417800000,3.60010530000,"Transit",2015
"K2-12 b",2.44000000,0.21768259,5.20000000,0.0792000000,8.28246000000,"Transit",2015
"Kepler-1819 b",3.90351256,0.34824866,,,16.48690033000,"Transit",2021
"EPIC 249893012 b",1.95000000,0.17396735,8.75000000,0.0470000000,3.59510000000,"Transit",2020
"WASP-172 b",17.59813000,1.57000000,149.38010000,0.0694000000,5.47743300000,"Transit",2018
"Kepler-192 b",2.74000000,0.24400000,,0.0900000000,9.92674600000,"Transit",2014
"HATS-51 b",15.80469000,1.41000000,244.09344000,0.0463900000,3.34887020000,"Transit",2017
"K2-21 c",2.49000000,0.22214292,,0.1070000000,15.50192000000,"Transit",2015
"GJ 685 b",,,9.00000000,0.1344000000,24.16000000000,"Radial Velocity",2019
"HATS-44 b",11.96000300,1.06700000,177.98480000,0.0364900000,2.74390040000,"Transit",2018
"Kepler-1059 b",1.73000000,0.15434026,,,3.76419104800,"Transit",2016
"Kepler-860 b",3.24000000,0.28905344,,,5.10137945400,"Transit",2016
"BD+48 738 b",,,289.22530000,1.0000000000,392.60000000000,"Radial Velocity",2011
"Kepler-1212 b",2.14000000,0.19091801,,,12.94130146000,"Transit",2016
"HD 11505 b",,,2510.52658689,20.2470000000,32669.22247000000,"Radial Velocity",2022
"Kepler-124 c",1.75000000,0.15600000,,0.1000000000,13.82137500000,"Transit",2014
"HD 108341 b",,,1112.40000000,2.0000000000,1129.00000000000,"Radial Velocity",2014
"Kepler-30 b",3.90000000,0.34800000,11.30000000,0.1800000000,29.33434000000,"Transit",2012
"HD 114386 c",,,117.59651059,1.0500000000,444.00000000000,"Radial Velocity",2026
"HD 89839 b",,,1196.90000000,4.7130000000,3391.20000000000,"Radial Velocity",2023
"HD 93083 b",,,143.34061156,0.5080000000,144.72000000000,"Radial Velocity",2005
"Kepler-979 b",2.72000000,0.24266215,,,8.08801350000,"Transit",2016
"Kepler-1766 b",2.27904508,0.20332313,,,105.01499940000,"Transit",2021
"Teegarden's Star b",,,1.16000000,0.0259000000,4.90634000000,"Radial Velocity",2019
"Kepler-1446 b",0.82000000,0.07315550,,,0.68996783200,"Transit",2016
"HD 179949 b",,,291.12000000,0.0443000000,3.09251400000,"Radial Velocity",2000
"Kepler-558 b",2.37000000,0.21143724,,,29.00790538000,"Transit",2016
"CoRoT-2 b",16.43200000,1.46600000,1102.82000000,0.0279800000,1.74299350000,"Transit",2008
"KOI-1783.01",8.86000000,0.79043626,71.00000000,,134.46280000000,"Transit",2020
"TOI-1273 b",11.09689089,0.99000000,70.55790635,0.0549000000,4.63129600000,"Transit",2024
"TIC 356227008 b",2.39024009,0.21324331,,,2.96147448702,"Transit",2026
"TOI-375 d",,,445.59542661,0.9840000000,297.90000000000,"Radial Velocity",2026
"Kepler-1622 b",1.47000000,0.13114462,,,10.81187370000,"Transit",2016
"TOI-2525 c",10.13291855,0.90400000,208.81326340,0.2490000000,49.25190000000,"Transit",2023
"TIC 423703298 b",2.77230429,0.24732885,,,4.03712711976,"Transit",2026
"WASP-49 b",12.44199000,1.11000000,117.59710000,,2.78174000000,"Transit",2012
"Kepler-1727 b",3.17321625,0.28309588,,,9.02929973600,"Transit",2021
"Kepler-1468 c",1.15000000,0.10259613,,,3.54553021000,"Transit",2016
"K2-155 b",1.80000000,0.16058524,,0.0562000000,6.34200000000,"Transit",2018
"TOI-4666 b",12.53164042,1.11800000,155.41809102,0.0340000000,2.90891650000,"Transit",2025
"Kepler-1517 b",9.76000000,0.87072888,,,5.54608366500,"Transit",2016
"Kepler-1303 b",1.42000000,0.12668391,,,7.56127224000,"Transit",2016
"EPIC 201615463 c",1.22000000,0.10884111,,,3.80464000000,"Transit",2019
"HD 140901 c",,,572.09113260,11.8000000000,14386.00000000000,"Radial Velocity",2022
"HD 184010 b",,,98.52680617,0.9400000000,286.60000000000,"Radial Velocity",2022
"Kepler-1748 b",2.71275017,0.24201578,,,5.82352018400,"Transit",2021
"TOI-1752 b",1.69300000,0.15103960,,0.0162400000,0.93518610000,"Transit",2026
"TOI-733 b",1.99200000,0.17771464,5.72000000,0.0618000000,4.88476500000,"Transit",2023
"HD 207897 b",2.34302132,0.20903072,14.80000000,0.1170000000,16.20166000000,"Transit",2021
"OGLE-2014-BLG-0319L b",,,181.16219199,3.4900000000,,"Microlensing",2022
"HD 13808 c",,,9.96000000,0.2554000000,53.75300000000,"Radial Velocity",2021
"TOI-5716 b",0.96000000,0.08564561,,,6.76630000000,"Transit",2025
"Kepler-1441 b",1.31000000,0.11687037,,,39.44198390000,"Transit",2016
"Kepler-567 b",2.25000000,0.20073156,,,16.54297375000,"Transit",2016
"Kepler-161 b",2.12000000,0.18900000,,0.0540000000,4.92135500000,"Transit",2014
"Kepler-1083 b",3.36000000,0.29975912,,,33.41779930000,"Transit",2016
"K2-190 b",1.35673729,0.12103999,,,10.09885800000,"Transit",2018
"WASP-95 b",13.78707000,1.23000000,457.67520000,,2.18467000000,"Transit",2014
"K2-224 b",1.56000000,0.13917388,,0.0516000000,4.47904000000,"Transit",2018
"Kepler-1327 b",1.80000000,0.16058524,,,14.88801098000,"Transit",2016
"Kepler-1984 b",6.81000000,0.60754855,,0.0238000000,1.99281233900,"Transit",2023
"Kepler-767 b",6.64000000,0.59238112,,,161.52801010000,"Transit",2016
"Kepler-364 c",2.15000000,0.19200000,,0.3120000000,59.98062700000,"Transit",2014
"K2-6 b",2.50000000,0.22303506,,0.1898000000,30.94191000000,"Transit",2015
"Kepler-1821 b",2.59248115,0.23128608,,,16.45809937000,"Transit",2021
"Kepler-963 b",2.66000000,0.23730931,,,9.97683705000,"Transit",2016
"Kepler-52 b",2.10000000,0.18700000,135.00000000,,7.87735650000,"Transit",2012
"K2-2016-BLG-0005L b",,,349.61124770,4.1600000000,4700.00000000000,"Microlensing",2023
"Kepler-724 b",3.29000000,0.29351414,,,3.31494633800,"Transit",2016
"Kepler-33 b",1.74000000,0.15500000,,0.0677000000,5.66793000000,"Transit",2011
"Kepler-619 c",1.69000000,0.15077170,,,1.20846502600,"Transit",2016
"Kepler-1371 b",0.73000000,0.06512624,,,3.44620390000,"Transit",2016
"Kepler-1384 b",1.94000000,0.17307521,,,15.36262753000,"Transit",2016
"EPIC 211822797 b",1.92000000,0.17129122,,0.1195000000,21.17019630000,"Transit",2016
"Kepler-1690 b",2.81109223,0.25078885,,,234.63600000000,"Transit",2020
"PSR B0329+54 b",,,1.97000000,10.2600000000,10140.00000000000,"Pulsar Timing",2017
"HATS-69 b",10.59250500,0.94500000,183.38791000,0.0321100000,2.22525770000,"Transit",2018
"HD 141399 d",,,375.03940000,2.0900000000,1069.80000000000,"Radial Velocity",2014
"HD 187123 b",,,166.21800000,0.0426000000,3.09658280000,"Radial Velocity",1998
"HD 20868 b",,,397.28750000,0.9500000000,380.85001000000,"Radial Velocity",2008
"TOI-2018 b",2.26800000,0.20233776,9.20000000,,7.43558300000,"Transit",2023
"Kepler-1248 b",1.18000000,0.10527255,,,7.46725407000,"Transit",2016
"WASP-21 b",11.99000000,1.07000000,95.34500000,0.0520000000,4.32248200000,"Transit",2010
"Kepler-1929 b",3.07250761,0.27411124,,,59.36249924000,"Transit",2021
"WASP-65 b",12.46400000,1.11200000,492.62000000,0.0334000000,2.31142430000,"Transit",2013
"Kepler-207 c",1.50000000,0.13400000,,0.0440000000,3.07157100000,"Transit",2014
"Kepler-920 b",2.42000000,0.21589794,,,6.53192704000,"Transit",2016
"Kepler-1526 b",2.43000000,0.21679008,,,3.90863200500,"Transit",2016
"Kepler-758 b",2.48000000,0.22125078,,,12.10971040000,"Transit",2016
"Kepler-903 b",2.01000000,0.17932019,,,10.35077210000,"Transit",2016
"Kepler-497 b",6.04000000,0.53885271,,,3.57320367100,"Transit",2016
"Kepler-127 b",1.40000000,0.12500000,,0.1250000000,14.43588900000,"Transit",2014
"Kepler-1436 b",1.31000000,0.11687037,,,9.70571600000,"Transit",2016
"Kepler-27 c",4.90000000,0.43700000,4385.87000000,0.1910000000,31.33090000000,"Transit",2011
"HD 148164 c",,,1640.00280000,6.1500000000,5062.00000000000,"Radial Velocity",2018
"K2-261 b",9.26982704,0.82700000,68.96876432,0.1086000000,11.63346810000,"Transit",2018
"Kepler-1917 b",1.88971288,0.16858918,,,12.90240002000,"Transit",2021
"GJ 3998 c",,,6.82000000,0.0900000000,13.72700000000,"Radial Velocity",2016
"Kepler-290 b",2.25000000,0.20100000,,0.1100000000,14.58934700000,"Transit",2014
"Kepler-1290 b",1.42000000,0.12668391,,,4.69500134000,"Transit",2016
"WASP-149 b",15.24421375,1.36000000,314.96795134,0.0240000000,1.33281300000,"Transit",2025
"Kepler-826 b",1.25000000,0.11151753,,,4.48758907000,"Transit",2016
"KIC 8540376 b",4.10000000,0.36577750,,,31.80990000000,"Transit",2015
"K2-406 b",4.60200000,0.41056365,,,22.54940600000,"Transit",2022
"Kepler-282 b",1.01000000,0.09000000,,0.0820000000,9.22052400000,"Transit",2014
"HD 219134 d",1.61000000,0.14363458,16.17000000,0.2370000000,46.85900000000,"Radial Velocity",2015
"Kepler-1794 b",1.79426276,0.16007368,,,9.76298046100,"Transit",2021
"HD 70573 b",,,1900.00000000,1.7600000000,851.80000000000,"Radial Velocity",2007
"HD 143811 AB b",15.69257298,1.40000000,1938.75328270,63.0000000000,117000.00000000000,"Imaging",2025
"TOI-5803 b",3.27320000,0.29201585,,,5.38305000000,"Transit",2023
"OGLE-2012-BLG-0026L b",,,46.10000000,4.0000000000,,"Microlensing",2012
"CoRoT-10 b",10.87000000,0.97000000,874.00000000,0.1055000000,13.24060000000,"Transit",2010
"KOI-351 b",1.31000000,0.11700000,,0.0740000000,7.00815100000,"Transit",2013
"Kepler-1305 b",1.88000000,0.16772237,,,13.56309720000,"Transit",2016
"Kepler-1259 b",1.43000000,0.12757605,,,0.66308525800,"Transit",2016
"Kepler-255 b",1.55000000,0.13800000,,0.0630000000,5.71460600000,"Transit",2014
"Kepler-1599 b",1.62000000,0.14452672,,,122.36355300000,"Transit",2016
"HATS-60 b",12.92397700,1.15300000,210.40346000,0.0470800000,3.56082900000,"Transit",2018
"HATS-14 b",11.64615100,1.03900000,340.39593000,0.0381500000,2.76676410000,"Transit",2015
"Kepler-343 c",2.02000000,0.18000000,,0.1670000000,23.22182000000,"Transit",2014
"HD 81040 b",,,2301.07766668,1.9460000000,1002.70000000000,"Radial Velocity",2005
"Kepler-651 b",2.37000000,0.21143724,,,21.38521506000,"Transit",2016
"Kepler-1742 b",2.17824130,0.19433001,,,49.47819901000,"Transit",2021
"HD 168863 b",,,2154.87659946,10.9610000000,14773.93272000000,"Radial Velocity",2022
"psi1 Dra B b",,,486.27990000,4.4300000000,3117.00000000000,"Radial Velocity",2015
"K2-107 b",15.98000000,1.42564011,,0.0475000000,3.31395900000,"Transit",2017
"KMT-2025-BLG-0121L b",,,2469.52672239,3.0500000000,,"Microlensing",2026
"Kepler-290 c",2.70000000,0.24100000,,0.2050000000,36.77031000000,"Transit",2014
"Kepler-1779 b",3.03295685,0.27058275,,,16.34359932000,"Transit",2021
"Kepler-1210 b",1.70000000,0.15166384,,,8.07124073000,"Transit",2016
"Kepler-219 b",2.95000000,0.26300000,,0.0570000000,4.58551200000,"Transit",2014
"Kepler-1304 b",2.29000000,0.20430012,,,16.12888530000,"Transit",2016
"BD+45 564 b",,,432.24663352,0.8300000000,307.88000000000,"Radial Velocity",2021
"Qatar-5 b",12.40836300,1.10700000,1373.02560000,0.0412700000,2.87923190000,"Transit",2017
"Kepler-894 b",2.78000000,0.24801499,,,9.80322400000,"Transit",2016
"Kepler-154 b",2.26000000,0.20200000,,0.1980000000,33.04053200000,"Transit",2014
"TOI-5713 b",1.77000000,0.15790910,,0.0600800000,10.44198900000,"Transit",2024
"HIP 90988 b",,,668.07531151,1.3600000000,455.73816000000,"Radial Velocity",2021
"HD 23079 b",,,845.42356262,,735.74000000000,"Radial Velocity",2001
"Kepler-107 b",1.53600000,0.13703298,3.80000000,0.0454400000,3.18002180000,"Transit",2014
"TOI-4515 b",12.17000000,1.08600000,637.00000000,0.1180000000,15.26644600000,"Transit",2024
"TOI-2267 b",1.00000000,0.08921418,,0.0205000000,2.28909000000,"Transit",2025
"HD 360 b",,,238.37130525,0.9800000000,273.10000000000,"Radial Velocity",2021
"HIP 5158 b",,,451.00000000,0.8900000000,345.72000000000,"Radial Velocity",2009
"Kepler-395 b",1.03000000,0.09200000,,0.0610000000,7.05434600000,"Transit",2014
"XO-2 S b",,,82.63538582,0.1347000000,18.22000000000,"Radial Velocity",2014
"Kepler-81 c",2.37000000,0.21100000,,,12.04000000000,"Transit",2012
"HD 76920 b",,,994.80291391,1.0910000000,415.89100000000,"Radial Velocity",2017
"K2-285 c",3.53000000,0.31492551,15.68000000,0.0824000000,7.13804800000,"Transit",2018
"Kepler-385 b",2.73000000,0.24400000,,0.0970000000,10.04368600000,"Transit",2014
"Kepler-635 b",2.64000000,0.23552502,,,23.44971004000,"Transit",2016
"Kepler-691 b",2.09000000,0.18645731,,,8.11437900000,"Transit",2016
"Kepler-151 c",2.09000000,0.18600000,,0.1600000000,24.67461200000,"Transit",2014
"TOI-333 b",4.26000000,0.38005240,20.10000000,0.0490000000,3.78525030000,"Transit",2025
"K2-8 b",3.58000000,0.31938621,,0.0856000000,10.35239000000,"Transit",2015
"Kepler-565 b",3.64000000,0.32473905,,,4.24374722600,"Transit",2016
"TOI-929 b",2.68983343,0.23997128,,,5.83015366944,"Transit",2026
"Kepler-216 b",2.35000000,0.21000000,,0.0790000000,7.69364100000,"Transit",2014
"TOI-2005 b",11.99360935,1.07000000,2034.10180480,0.1600000000,17.30590400000,"Transit",2025
"Kepler-418 b",13.45000000,1.20000000,349.61124770,,86.67856000000,"Transit",2014
"KIC 10525077 b",5.50000000,0.49067713,,,854.08300000000,"Transit",2015
"K2-155 d",1.90000000,0.16950665,,0.1937000000,40.71800000000,"Transit",2018
"HAT-P-15 b",11.88154000,1.06000000,616.59020000,,10.86350000000,"Transit",2010
"HD 238090 b",,,6.89000000,0.0932000000,13.67100000000,"Radial Velocity",2020
"Kepler-609 b",3.35000000,0.29886698,,,6.52121066600,"Transit",2016
"TOI-6080 b",3.32424168,0.29656949,,,8.05562348084,"Transit",2026
"HD 192699 b",,,666.17168000,1.0630000000,340.94000000000,"Radial Velocity",2007
"Kepler-112 c",2.40000000,0.21400000,,0.1720000000,28.57426300000,"Transit",2014
"Kepler-215 e",1.75000000,0.15600000,,0.3140000000,68.16101000000,"Transit",2014
"Kepler-1100 b",1.75000000,0.15612454,,,6.42200058000,"Transit",2016
"Kepler-347 d",3.04000000,0.27121110,,0.3802000000,85.51734400000,"Transit",2023
"Kepler-990 b",2.60000000,0.23195646,,,9.91723428000,"Transit",2016
"TOI-6130 b",14.34749530,1.28000000,333.71982735,0.0360000000,2.39267900000,"Transit",2024
"HATS-57 b",12.76705100,1.13900000,1000.21101000,0.0349300000,2.35062100000,"Transit",2019
"HD 41004 B b",,,5838.29000000,,1.32830000000,"Radial Velocity",2003
"Kepler-271 b",1.23000000,0.10973325,,,10.43547805000,"Transit",2014
"OGLE-2013-BLG-1721L b",,,200.00000000,2.6000000000,,"Microlensing",2017
"Kepler-280 c",2.01000000,0.17900000,,0.0560000000,4.80709100000,"Transit",2014
"HIP 66074 b",,,1589.14203500,0.7990000000,310.90000000000,"Astrometry",2023
"Kepler-1447 b",2.90000000,0.25872067,,,56.67472850000,"Transit",2016
"Kepler-337 b",1.54000000,0.13700000,,0.0450000000,3.29278100000,"Transit",2014
"TrES-3 b",14.97500000,1.33600000,607.03000000,0.0228200000,1.30618581000,"Transit",2007
"Kepler-1553 b",1.15000000,0.10259613,,,4.24261881000,"Transit",2016
"TOI-3288 b",12.24020692,1.09200000,536.17652261,0.0228500000,1.43386470000,"Transit",2025
"HD 108147 b",,,82.95000000,0.1020000000,10.89850000000,"Radial Velocity",2002
"Kepler-485 b",14.41000000,1.28557409,,,3.24325979600,"Transit",2016
"Kepler-681 b",3.08000000,0.27477920,,,26.39435646000,"Transit",2016
"TOI-5799 c",1.76000000,0.15701695,,0.0782000000,14.01044900000,"Transit",2025
"Kepler-632 b",2.21000000,0.19716299,,,30.99660733000,"Transit",2016
"Kepler-68 d",,,238.05347684,1.4690000000,632.62000000000,"Radial Velocity",2013
"TOI-1718 b",4.10824994,0.36651414,,,5.58703768615,"Transit",2026
"Kepler-105 b",2.53000000,0.22571187,10.80000000,,5.41220340000,"Transit",2013
"TOI-375 c",,,669.34662514,0.5240000000,115.50000000000,"Radial Velocity",2026
"TOI-1260 b",2.41000000,0.21500617,8.56000000,0.0367000000,3.12746300000,"Transit",2021
"KMT-2023-BLG-1431L b",,,13.60000000,3.2000000000,,"Microlensing",2024
"Kepler-418 c",5.22108654,0.46579494,,,12.21829987000,"Transit",2021
"Kepler-1247 b",2.33000000,0.20786868,,,13.71220213000,"Transit",2016
"HD 97048 b",,,794.57500000,130.0000000000,,"Disk Kinematics",2019
"HD 103197 b",,,28.60470000,0.2500000000,47.84000000000,"Radial Velocity",2011
"HIP 67537 b",,,4309.11754211,4.8070000000,2523.64713000000,"Radial Velocity",2017
"Kepler-62 f",1.41000000,0.12600000,35.00000000,0.7180000000,267.29100000000,"Transit",2013
"Kepler-1360 b",3.40000000,0.30332768,,,40.52864130000,"Transit",2016
"Kepler-1664 b",3.03320653,0.27060456,,,14.38680000000,"Transit",2020
"Kepler-1172 b",3.20000000,0.28548488,,,26.02044230000,"Transit",2016
"BD-14 3065 b",21.59000000,1.92600000,3932.00000000,0.0656000000,4.28897310000,"Transit",2024
"TOI-1279 b",2.66146528,0.23744044,10.60000000,0.0850000000,9.61419000000,"Transit",2024
"WASP-156 b",6.15000000,0.54866720,42.00000000,0.0460000000,3.83616290000,"Transit",2017
"TOI-1184 b",2.39000000,0.21322189,,0.0560270000,5.74843380300,"Transit",2024
"TOI-1203 c",,,5.46000000,,13.07660000000,"Radial Velocity",2025
"Kepler-66 b",2.80000000,0.25000000,,0.1352000000,17.81581500000,"Transit",2013
"Kepler-260 c",1.74000000,0.15500000,,0.3320000000,76.05017800000,"Transit",2014
"HD 158996 b",,,4449.62000000,2.1000000000,820.20000000000,"Radial Velocity",2018
"K2-117 c",2.06000000,0.18378089,,0.0492000000,5.44401700000,"Transit",2017
"TOI-5335 b",4.02422162,0.35901762,,,3.61365988443,"Transit",2026
"HD 16141 b",,,82.63580000,0.3600000000,75.52300000000,"Radial Velocity",2000
"Kepler-900 b",2.08000000,0.18556517,,,6.99130860000,"Transit",2016
"HD 15906 b",2.24000000,0.19983976,,0.0900000000,10.92470900000,"Transit",2023
"Kepler-472 b",3.22000000,0.28726916,,,4.17625551400,"Transit",2016
"Kepler-269 c",1.69000000,0.15100000,,0.0810000000,8.12789900000,"Transit",2014
"Kepler-821 b",1.31000000,0.11687037,,,1.92279873000,"Transit",2016
"Kepler-1482 b",1.01000000,0.09010616,,,12.25383217000,"Transit",2016
"Kepler-19 b",2.20900000,0.19707412,6.10000000,0.0846000000,9.28699000000,"Transit",2011
"HD 98736 b",,,740.54390000,1.8640000000,968.80000000000,"Radial Velocity",2018
"Kepler-1035 b",1.17000000,0.10438041,,,2.71407755500,"Transit",2016
"Kepler-505 b",2.60000000,0.23195646,,,27.52197994000,"Transit",2016
"Kepler-376 c",1.79000000,0.16000000,,0.1150000000,14.17232700000,"Transit",2014
"Kepler-114 c",1.60000000,0.14300000,2.80000000,,8.04100000000,"Transit",2013
"Kepler-79 c",3.76000000,0.33544531,4.60000000,,27.40260000000,"Transit",2012
"Kepler-286 e",1.77000000,0.15800000,,0.1760000000,29.22128900000,"Transit",2014
"TOI-6383 A b",11.29000000,1.00800000,331.00000000,0.0229200000,1.79058695000,"Transit",2024
"Kepler-279 e",,,56.00000000,,98.35310000000,"Transit",2025
"HD 48265 c",,,1414.33641115,10.4000000000,10418.00000000000,"Radial Velocity",2026
"Kepler-1687 b",1.65623882,0.14775973,,,5.77954000000,"Transit",2020
"EPIC 206042996 b",1.70000000,0.15166410,,,5.29860000000,"Transit",2019
"Kepler-1544 b",1.78000000,0.15880096,,,168.81117400000,"Transit",2016
"HD 98219 b",,,624.21812000,1.2600000000,433.80000000000,"Radial Velocity",2011
"rho CrB b",,,347.99500000,,39.84900000000,"Radial Velocity",1997
"HAT-P-9 b",15.61413700,1.39300000,238.05467000,0.0528700000,3.92281072000,"Transit",2008
"TOI-2537 c",,,2297.89938261,2.7800000000,1920.00000000000,"Radial Velocity",2024
"TOI-5160 b",2.39729851,0.21387302,,,4.28077325600,"Transit",2026
"Kepler-129 d",,,2637.97577810,4.0000000000,2646.00000000000,"Radial Velocity",2021
"Kepler-87 b",13.49000000,1.20400000,324.20000000,0.4810000000,114.73635000000,"Transit",2013
"Kepler-166 d",1.73000000,0.15434026,,,1.55400392800,"Transit",2016
"LHS 1903 e",1.73200000,0.15451896,5.79000000,0.1513500000,29.31773000000,"Transit",2026
"Kepler-587 b",2.23000000,0.19894727,,,10.94027841000,"Transit",2016
"Kepler-74 b",10.76000000,0.96000000,200.22000000,0.0781000000,7.34071100000,"Transit",2013
"TOI-1842 b",12.34850230,1.10166148,89.40000000,0.1000000000,9.57391810000,"Transit",2021
"HD 115954 b",,,2634.79749403,5.0000000000,3700.00000000000,"Radial Velocity",2021
"K2-98 b",5.06645928,0.45200000,34.00763955,0.0986000000,10.13673490000,"Transit",2016
"Kepler-243 b",2.45000000,0.21900000,,0.0620000000,5.71544200000,"Transit",2014
"K2-290 c",11.27625400,1.00600000,246.00042000,0.3050000000,48.36685000000,"Transit",2019
"Kepler-1371 c",0.64000000,0.05709698,,,2.00541269000,"Transit",2016
"GJ 724 b",,,10.75000000,0.0468500000,5.10128400000,"Radial Velocity",2023
"Kepler-1270 b",3.32000000,0.29619056,,,6.03356196000,"Transit",2016
"TOI-2266 b",1.54000000,0.13738983,,0.0200000000,2.32631800000,"Transit",2024
"Kepler-291 c",1.88000000,0.16800000,,0.0650000000,5.70078600000,"Transit",2014
"K2-211 b",1.33162691,0.11880000,,0.0141900000,0.66956100000,"Transit",2018
"TOI-2136 b",2.19000000,0.19537905,6.37000000,0.0570000000,7.85192800000,"Transit",2022
"K2-171 b",2.68657205,0.23967990,,,5.62846600000,"Transit",2018
"HR 2562 b",,,6992.22495400,22.2000000000,,"Imaging",2016
"KOINTREAU-1 b",,,3368.98111420,690.0000000000,,"Imaging",2026
"K2-265 b",1.70824866,0.15240000,7.34183620,0.0335900000,2.36902000000,"Transit",2018
"KELT-1 b",12.44200000,1.11000000,8654.15000000,0.0246600000,1.21751400000,"Transit",2012
"Kepler-1642 c",2.66000000,0.23730931,,,6.65138020000,"Transit",2016
"Kepler-380 c",1.27000000,0.11300000,,0.0780000000,7.63000400000,"Transit",2014
"Kepler-969 c",0.99000000,0.08832188,,,1.68293460400,"Transit",2016
"Kepler-1991 b",1.47000000,0.13114484,,0.1065000000,13.26079792000,"Transit",2023
"Kepler-738 b",2.50000000,0.22303506,,,24.58721573000,"Transit",2016
"Kepler-1014 b",2.39000000,0.21322152,,,16.57110363000,"Transit",2016
"Kepler-1155 b",2.03000000,0.18110447,,,33.46974300000,"Transit",2016
"WASP-174 b",16.10730527,1.43700000,104.88337431,0.0550300000,4.23370050000,"Transit",2018
"HIP 29442 c",1.55100000,0.13837119,4.50000000,0.0451800000,3.53795590000,"Radial Velocity",2023
"KMT-2016-BLG-2605L b",,,245.04570180,0.6810000000,,"Microlensing",2021
"TOI-4479 b",2.82000000,0.25158398,,0.0164000000,1.15890000000,"Transit",2022
"Kepler-1494 b",3.07000000,0.27388706,,,91.08048200000,"Transit",2016
"TOI-444 b",2.77000000,0.24712327,,0.1330000000,17.96360000000,"Transit",2023
"xi Aql b",,,616.90493799,0.6250000000,136.97000000000,"Radial Velocity",2007
"WASP-123 b",15.13212395,1.35000000,,,,"Transit",2016
"Ross 458 c",14.01125000,1.25000000,1906.98000000,1100.0000000000,,"Imaging",2010
"HD 715 b",11.99360935,1.07000000,201.82103844,0.3360000000,56.40000000000,"Transit",2026
"HD 75898 b",,,810.46243785,1.2025000000,422.82000000000,"Radial Velocity",2007
"Kepler-1007 b",1.44000000,0.12846820,,,5.18500207300,"Transit",2016
"Kepler-1275 b",1.48000000,0.13203676,,,3.65691115000,"Transit",2016
"Kepler-555 b",2.83000000,0.25247569,,,16.21775407000,"Transit",2016
"HD 203387 b",,,1106.04285636,1.7710000000,512.53520000000,"Radial Velocity",2022
"Kepler-716 b",2.90000000,0.25872067,,,10.37168453000,"Transit",2016
"Kepler-596 b",3.46000000,0.30868052,,,21.30022655000,"Transit",2016
"Kepler-353 c",1.38000000,0.12300000,,0.0650000000,8.41089400000,"Transit",2014
"Kepler-896 b",2.53000000,0.22571148,,,144.54739600000,"Transit",2016
"K2-326 b",2.28000000,0.20340798,,0.0198000000,1.25600000000,"Transit",2020
"TIC 24750448 c",3.09028272,0.27569703,,,10.14385270726,"Transit",2026
"HD 5319 b",,,494.54348000,1.5700000000,637.10000000000,"Radial Velocity",2007
"HATS-76 b",12.09449018,1.07900000,835.57088200,0.0265800000,1.94164230000,"Transit",2021
"Kepler-1231 b",1.42000000,0.12668391,,,10.41725184000,"Transit",2016
"OGLE-2013-BLG-1761L b",,,860.00000000,1.8000000000,,"Microlensing",2017
"Kepler-896 c",3.15000000,0.28102466,,0.1792000000,29.54225660000,"Transit",2023
"Kepler-100 b",1.34000000,0.11954700,4.01000000,,6.88734000000,"Transit",2014
"WASP-11 b",12.44199000,1.11000000,251.08570000,,3.72247000000,"Transit",2008
"OGLE-2018-BLG-0740L b",,,1500.00000000,5.0000000000,5480.00000000000,"Microlensing",2019
"HD 7449 b",,,2597.92939882,2.4380000000,1270.55195000000,"Radial Velocity",2011
"HD 148164 b",,,390.93090000,0.9930000000,328.55000000000,"Radial Velocity",2018
"HATS-56 b",18.92079200,1.68800000,191.33366000,0.0604300000,4.32479900000,"Transit",2019
"HD 33142 d",,,63.56568140,0.4520000000,89.90000000000,"Radial Velocity",2022
"WASP-119 b",15.69260000,1.40000000,390.93090000,0.0363000000,2.49979000000,"Transit",2016
"Kepler-499 b",2.17000000,0.19359443,,,5.63252845300,"Transit",2016
"KMT-2022-BLG-0371L b",,,82.63538582,3.0200000000,,"Microlensing",2023
"KMT-2021-BLG-2609L b",,,10.17050902,2.3000000000,,"Microlensing",2024
"HAT-P-29 b",13.11453000,1.17000000,279.69040000,,5.72319000000,"Transit",2011
"Kepler-1520 b",5.77000000,0.51476492,,,0.65355357200,"Transit",2016
"HD 1605 b",,,296.85322000,1.4920000000,577.20000000000,"Radial Velocity",2015
"Kepler-962 b",1.97000000,0.17575163,,,12.05707239000,"Transit",2016
"Kepler-1951 b",2.32107188,0.20707252,,,20.65780067000,"Transit",2021
"K2-270 b",1.38000000,0.12311535,,0.0247000000,1.54306900000,"Transit",2018
"MOA-2009-BLG-319L b",,,67.30000000,2.0300000000,,"Microlensing",2010
"OGLE-2017-BLG-0448L b",,,15.60000000,5.7500000000,,"Microlensing",2024
"Kepler-704 b",2.61000000,0.23284860,,,3.76182115000,"Transit",2016
"HD 63454 b",,,79.45750000,0.0400000000,2.81805000000,"Radial Velocity",2005
"Kepler-294 c",2.71000000,0.24200000,,0.0710000000,6.62640000000,"Transit",2014
"HD 103720 b",,,197.04600000,0.0498000000,4.55570000000,"Radial Velocity",2014
"TOI-6000 b",0.94000000,0.08386133,,,0.44895900000,"Transit",2025
"K2-176 b",1.49090097,0.13300928,,,5.32943900000,"Transit",2018
"HD 45350 b",,,568.89000000,1.9200000000,963.60000000000,"Radial Velocity",2004
"SWEEPS-11 b",12.66600000,1.13000000,3082.82000000,0.0300000000,1.79600000000,"Transit",2006
"Kepler-1294 b",3.19000000,0.28459274,,,115.68622580000,"Transit",2016
"DE CVn b",,,3823.27330161,5.7500000000,4098.10000000000,"Eclipse Timing Variations",2018
"Kepler-1635 b",3.64000000,0.32473905,,,469.63111000000,"Transit",2016
"HD 50554 b",,,1859.29618095,2.3390000000,1240.00000000000,"Radial Velocity",2002
"HD 50554 d",1.41000000,0.12579199,10.40000000,0.1831000000,28.06940000000,"Transit",2026
"TOI-3053 b",13.56286665,1.21000000,270.15414595,0.0390000000,2.99199870000,"Transit",2026
"K2-201 c",3.28568401,0.29312909,,,22.77987800000,"Transit",2018
"TOI-2152 A b",14.35870428,1.28100000,899.45439181,0.0506400000,3.37735120000,"Transit",2023
"K2-185 c",2.39000000,0.21322189,,,52.71349400000,"Transit",2018
"TOI-1235 b",1.69000000,0.15077196,6.69000000,,3.44471400000,"Transit",2020
"Kepler-1613 b",2.08000000,0.18556517,,,1.51842990000,"Transit",2016
"Kepler-1621 b",2.16000000,0.19270229,,,92.26371400000,"Transit",2016
"NGTS-12 b",11.74703200,1.04800000,66.10864000,0.0757000000,7.53280600000,"Transit",2020
"K2-295 b",10.05447300,0.89700000,106.47305000,0.0451000000,4.02486700000,"Transit",2018
"TOI-206 b",1.30000000,0.11597843,,0.0112000000,0.73631040000,"Transit",2022
"Kepler-325 d",2.79000000,0.24900000,,0.2200000000,38.71518500000,"Transit",2014
"Kepler-346 b",2.66000000,0.23700000,,0.0710000000,6.51112700000,"Transit",2014
"Kepler-372 d",1.69000000,0.15100000,,0.2010000000,30.09256800000,"Transit",2014
"K2-402 b",2.67800000,0.23891557,,,17.27474000000,"Transit",2022
"gam Psc b",,,425.89006538,1.3200000000,555.10000000000,"Radial Velocity",2021
"HD 168746 b",,,85.81410000,0.0700000000,6.40400000000,"Radial Velocity",2002
"HD 219828 b",,,19.06970442,0.0490000000,3.83483000000,"Radial Velocity",2007
"HD 5891 b",,,2425.04290000,0.6400000000,177.11000000000,"Radial Velocity",2011
"TOI-2458 b",2.83000000,0.25247612,13.31000000,0.0482000000,3.73659000000,"Transit",2024
"K2-260 b",18.41635529,1.64300000,546.66486004,0.0439200000,2.62669762000,"Transit",2018
"Kepler-1542 e",0.76000000,0.06780266,,,5.10115756000,"Transit",2016
"HD 180617 b",,,12.21400000,0.3430000000,105.91100000000,"Radial Velocity",2018
"K2-205 b",1.99552771,0.17802906,,,26.67226300000,"Transit",2018
"Kepler-578 b",2.00000000,0.17842805,,,1.61688369600,"Transit",2016
"Kepler-1596 b",1.90000000,0.16950665,,,66.37337900000,"Transit",2016
"Kepler-530 b",3.01000000,0.26853421,,,39.30941904000,"Transit",2016
"Kepler-1562 b",3.55000000,0.31670979,,,64.27377520000,"Transit",2016
"K2-398 c",5.09800000,0.45481388,,,18.78783900000,"Transit",2022
"HATS-59 b",12.62133400,1.12600000,256.17098000,0.0611200000,5.41608100000,"Transit",2018
"GJ 536 b",,,6.37000000,0.0668000000,8.70874000000,"Radial Velocity",2016
"Kepler-198 b",2.82000000,0.25200000,,0.1310000000,17.79003700000,"Transit",2014
"Kepler-1243 b",1.75000000,0.15612454,,,16.83207290000,"Transit",2016
"K2-123 b",2.76000000,0.24623071,,0.1649000000,30.95152400000,"Transit",2017
"K2-348 b",3.26000000,0.29083822,,,4.68841800000,"Transit",2021
"Kepler-1388 c",2.26000000,0.20162370,,,5.53608151000,"Transit",2016
"TOI-6038 A b",6.41000000,0.57186288,78.50000000,0.0690000000,5.82673110000,"Transit",2025
"HD 56414 b",3.71000000,0.33098460,,0.2290000000,29.04992000000,"Transit",2022
"K2-337 b",2.62000000,0.23374115,,,16.27356300000,"Transit",2021
"Kepler-148 d",8.68000000,0.77437773,,,51.84688575000,"Transit",2016
"Kepler-305 d",2.76000000,0.24623113,6.20000000,,16.74000000000,"Transit",2014
"K2-130 b",1.25000000,0.11151753,,0.0320000000,2.49412000000,"Transit",2017
"Kepler-430 b",3.25000000,0.29000000,,0.2244000000,35.96800000000,"Transit",2015
"Kepler-1470 b",1.07000000,0.09545901,,,16.29509030000,"Transit",2016
"Kepler-524 c",0.96000000,0.08564546,,,1.88897906000,"Transit",2016
"Kepler-329 b",1.40000000,0.12500000,,0.0610000000,7.41639700000,"Transit",2014
"K2-322 b",1.92000000,0.17129093,,0.0594000000,8.20500000000,"Transit",2020
"2MASS J04414489+2301513 b",,,2383.60000000,15.0000000000,,"Imaging",2010
"Kepler-175 b",2.56000000,0.22800000,,0.1050000000,11.90351500000,"Transit",2014
"WASP-52 b",14.24000000,1.27000000,146.20000000,0.0272000000,1.74977980000,"Transit",2012
"WASP-43 b",10.42400000,0.93000000,565.71400000,0.0142000000,0.81347500000,"Transit",2011
"HAT-P-17 c",,,1080.60000000,5.6000000000,5584.00000000000,"Radial Velocity",2012
"KOI-94 d",11.27000000,1.00500000,106.00000000,0.1684000000,22.34298900000,"Transit",2013
"KOI-94 c",4.32000000,0.38500000,15.60000000,0.1013000000,10.42364800000,"Transit",2013
"KOI-94 e",6.56000000,0.58500000,35.00000000,0.3046000000,54.32031000000,"Transit",2013
"KOI-94 b",1.71000000,0.15300000,10.50000000,0.0511900000,3.74320800000,"Transit",2013
"WASP-103 b",17.12700000,1.52800000,473.54700000,0.0198500000,0.92554200000,"Transit",2014
"Kepler-51 b",7.10000000,0.63300000,2.10000000,0.2514000000,45.15400000000,"Transit",2012
"Kepler-51 d",9.70000000,0.86500000,7.60000000,0.5090000000,130.19400000000,"Transit",2014
"Kepler-51 c",9.00000000,0.80300000,4.00000000,0.3840000000,85.31200000000,"Transit",2012
"WASP-96 b",13.45000000,1.20000000,152.55000000,0.0453000000,3.42526020000,"Transit",2014
"HAT-P-12 b",10.74900000,0.95900000,67.05900000,0.0384000000,3.21305980000,"Transit",2009
"HAT-P-13 b",14.25800000,1.27200000,270.46200000,,2.91625000000,"Transit",2009
"HAT-P-13 c",,,4538.42100000,,446.27000000000,"Radial Velocity",2009
"HAT-P-1 b",14.78467100,1.31900000,166.86075000,0.0556100000,4.46529976000,"Transit",2006
"KELT-4 A b",19.04409100,1.69900000,286.68266000,0.0431700000,2.98959320000,"Transit",2016
"WASP-94 B b",,,196.41100000,0.0335000000,2.00839000000,"Radial Velocity",2014
"GJ 436 b",4.17000000,0.37200000,22.10000000,0.0291000000,2.64388312000,"Radial Velocity",2004
"WASP-80 b",11.19779100,0.99900000,170.99254000,0.0344000000,3.06785234000,"Transit",2012
"HATS-6 b",11.18658200,0.99800000,101.38777000,0.0362300000,3.32527250000,"Transit",2015
"TOI-431 d",3.29000000,0.29351465,9.90000000,0.0980000000,12.46103000000,"Transit",2021
"TRAPPIST-1 b",1.11600000,0.09956302,1.37400000,0.0115400000,1.51082600000,"Transit",2016
"TRAPPIST-1 c",1.09700000,0.09786795,1.30800000,0.0158000000,2.42193700000,"Transit",2016
"TRAPPIST-1 d",0.78800000,0.07030077,0.38800000,0.0222700000,4.04921900000,"Transit",2016
"TRAPPIST-1 e",0.92000000,0.08207704,0.69200000,0.0292500000,6.10101300000,"Transit",2017
"TRAPPIST-1 f",1.04500000,0.09322882,1.03900000,0.0384900000,9.20754000000,"Transit",2017
"TRAPPIST-1 g",1.12900000,0.10072281,1.32100000,0.0468300000,12.35244600000,"Transit",2017
"TRAPPIST-1 h",0.75500000,0.06735670,0.32600000,0.0618900000,18.77286600000,"Transit",2017
"K2-34 b",13.75000000,1.22669495,,0.0442000000,2.99563480000,"Transit",2016
"TOI-1442 b",1.17000000,0.10438059,,0.0071000000,0.40906770000,"Transit",2022
"TOI-2260 b",1.62000000,0.14452697,,0.0097000000,0.35247280000,"Transit",2022
"TOI-2445 b",1.25000000,0.11151772,,0.0064000000,0.37112810000,"Transit",2022
"TOI-2109 b",15.09849700,1.34700000,1595.49860314,0.0179100000,0.67247414000,"Transit",2021
"HATS-75 b",9.90873894,0.88400000,156.05374784,0.0327420000,2.78865560000,"Transit",2021
"LTT 1445 A c",1.14700000,0.10232866,1.54000000,0.0266100000,3.12390350000,"Transit",2022
"WASP-18 b",13.89913607,1.24000000,3241.84975140,0.0202400000,0.94145223000,"Transit",2009
"WASP-19 b",15.86070769,1.41500000,366.77398168,0.0165200000,0.78883852000,"Transit",2009
"WASP-189 b",18.14733975,1.61900000,632.47852993,0.0505300000,2.72403300000,"Transit",2020
"TOI-1670 b",2.06000000,0.18378121,41.31769291,0.1030000000,10.98462000000,"Transit",2022
"TOI-1670 c",11.06326395,0.98700000,200.23189641,0.2490000000,40.74976000000,"Transit",2022
"K2-22 b",2.30000000,0.20519261,,,0.38107300000,"Transit",2015
"TOI-500 b",1.16600000,0.10402373,1.42000000,0.0118900000,0.54817700000,"Transit",2022
"TOI-500 c",,,5.03000000,,6.63560000000,"Radial Velocity",2022
"TOI-500 d",,,33.12000000,,26.23300000000,"Radial Velocity",2022
"TOI-500 e",,,15.05000000,,61.30000000000,"Radial Velocity",2022
"GJ 3929 b",1.09000000,0.09724345,1.75000000,0.0252000000,2.61623500000,"Transit",2022
"GJ 3929 c",,,5.71000000,0.0810000000,15.04000000000,"Radial Velocity",2022
"HD 260655 b",1.24000000,0.11062558,2.14000000,0.0293300000,2.76953000000,"Transit",2022
"HD 260655 c",1.53300000,0.13676533,3.09000000,0.0474900000,5.70588000000,"Transit",2022
"TOI-3714 b",11.32107051,1.01000000,222.47988490,0.0270000000,2.15484900000,"Transit",2022
"Kepler-167 b",1.71800000,0.15326996,,0.0482500000,4.39315390000,"Transit",2014
"Kepler-167 c",1.67400000,0.14934453,,0.0684000000,7.40610600000,"Transit",2014
"Kepler-167 d",1.23800000,0.11044715,,0.1404000000,21.80379000000,"Transit",2016
"Kepler-167 e",10.16000000,0.90641605,321.00669107,1.8830000000,1071.23205000000,"Transit",2016
"TOI-3757 b",12.00000000,1.07057014,85.30000000,0.0384500000,3.43875300000,"Transit",2022
"WASP-7 b",14.90797000,1.33000000,305.11680000,0.0617000000,4.95464160000,"Transit",2008
"K2-33 b",5.04000000,0.44963868,1175.97100000,,5.42486500000,"Transit",2016
"KELT-20 b",19.51486900,1.74100000,1074.90106000,0.0542000000,3.47410850000,"Transit",2017
"K2-18 c",,,7.51000000,0.0600000000,8.96200000000,"Radial Velocity",2017
"GJ 3470 b",4.57000000,0.40770809,13.90000000,0.0355000000,3.33664960000,"Radial Velocity",2012
"K2-232 b",11.20900000,1.00000000,126.49634000,0.1035600000,11.16845400000,"Transit",2018
"HAT-P-30 b",16.14096000,1.44000000,263.79890000,,2.81060000000,"Transit",2011
"HAT-P-14 b",15.91678000,1.42000000,1093.33520000,,4.62767000000,"Transit",2010
"HAT-P-17 b",11.76945000,1.05000000,184.34140000,,10.33852000000,"Transit",2012
"HAT-P-26 b",7.06167000,0.63000000,22.24810000,,4.23452000000,"Transit",2010
"TrES-4 b",18.04649000,1.61000000,247.90740000,,3.55395000000,"Transit",2007
"HD 149026 b",8.29466000,0.74000000,120.77540000,,2.87589000000,"Radial Velocity",2005
"HD 189733 b",12.66617000,1.13000000,359.14790000,,2.21857567000,"Radial Velocity",2005
"HD 209458 b",15.58051000,1.39000000,232.01590000,,3.52474859000,"Radial Velocity",1999
"WASP-15 b",15.80469000,1.41000000,171.62820000,,3.75210000000,"Transit",2009
"WASP-17 b",20.96083000,1.87000000,247.90740000,,3.73543000000,"Transit",2009
"WASP-94 A b",17.71022000,1.58000000,158.91500000,,3.95019000000,"Transit",2014
"WASP-63 b",15.80469000,1.41000000,117.59710000,,4.37808000000,"Transit",2012
"KELT-7 b",17.93440000,1.60000000,441.78370000,,2.73477000000,"Transit",2015
"KELT-8 b",18.15858000,1.62000000,209.76780000,,3.24406000000,"Transit",2015
"NGTS-2 b",17.87835500,1.59500000,235.19420000,0.0630000000,4.51116400000,"Transit",2018
"WASP-164 b",12.64375200,1.12800000,676.97790000,0.0281800000,1.77712550000,"Transit",2018
"K2-18 b",2.37000000,0.21143724,8.92000000,0.1429000000,32.93962300000,"Transit",2015
"TOI-1075 b",1.79100000,0.15978259,9.95000000,0.0115900000,0.60473280000,"Transit",2022
"WASP-148 b",8.47398941,0.75600000,91.21675281,0.0821500000,8.80380900000,"Transit",2020
"WASP-148 c",,,124.58873554,0.2044000000,34.52400000000,"Radial Velocity",2020
"LP 890-9 b",1.32000000,0.11776272,13.20000000,0.0187500000,2.72990250000,"Transit",2022
"LP 890-9 c",1.36700000,0.12195578,25.30000000,0.0398400000,8.45746300000,"Transit",2022
"HD 20329 b",1.72000000,0.15344839,7.42000000,0.0180000000,0.92611800000,"Transit",2022
"TOI-700 b",0.91400000,0.08154176,,0.0677000000,9.97721900000,"Transit",2020
"TOI-700 c",2.60000000,0.23195686,,0.0929000000,16.05113700000,"Transit",2020
"TOI-700 d",1.07300000,0.09572681,,0.1633000000,37.42396000000,"Transit",2020
"TOI-700 e",0.95300000,0.08502111,,0.1340000000,27.80978000000,"Transit",2023
"TOI-3235 b",11.39953337,1.01700000,211.35589065,0.0270900000,2.59261842000,"Transit",2023
"TOI-836 b",1.70400000,0.15202096,4.53000000,0.0422000000,3.81673000000,"Transit",2023
"TOI-836.01",2.58700000,0.23079708,9.60000000,0.0750000000,8.59545000000,"Transit",2021
"TOI-181 b",6.95590000,0.63390000,46.16870000,0.0539000000,4.53200000000,"Transit",2023
"TOI-5205 b",11.60000000,1.03000000,343.00000000,0.0199000000,1.63075700000,"Transit",2023
"K2-141 b",1.51000000,0.13471341,4.97000000,0.0074700000,0.28032440000,"Transit",2018
"K2-141 c",7.00000000,0.62449925,8.00000000,0.0683000000,7.74850000000,"Transit",2018
"LP 791-18 b",1.21200000,0.10812758,,0.0097800000,0.94799810000,"Transit",2019
"HD 207496 b",2.25000000,0.20073190,6.10000000,0.0629000000,6.44100800000,"Transit",2023
"TOI-1416 b",1.62000000,0.14452697,3.48000000,0.0190000000,1.06975680000,"Transit",2023
"TOI-4010 b",3.02000000,0.26942682,11.00000000,0.0229000000,1.34833500000,"Transit",2023
"TOI-4010 c",5.93000000,0.52904008,20.31000000,0.0580000000,5.41465400000,"Transit",2023
"TOI-4010 d",6.18000000,0.55134362,38.15000000,0.1130000000,14.70886000000,"Transit",2023
"TOI-4010 e",,,692.00000000,1.5700000000,762.00000000000,"Radial Velocity",2023
"WASP-84 b",10.72000000,0.95600000,220.00000000,0.0778000000,8.52349648000,"Transit",2014
"WASP-84 c",1.95000000,0.17400000,15.20000000,0.0235900000,1.44688490000,"Transit",2023
"TOI-3984 A b",7.90000000,0.71000000,44.00000000,0.0410000000,4.35332600000,"Transit",2023
"TOI-5293 A b",11.90000000,1.06000000,170.40000000,0.0340000000,2.93028900000,"Transit",2023
"GJ 367 c",,,4.13000000,,11.53010000000,"Radial Velocity",2023
"GJ 367 d",,,6.03000000,,34.36900000000,"Radial Velocity",2023
"GJ 357 b",1.20000000,0.10705701,,0.0360000000,3.93060000000,"Transit",2019
"TOI-199 b",9.07927437,0.81000000,54.03082919,0.4254000000,104.85400000000,"Transit",2023
"TOI-199 c",,,88.99195396,0.8070000000,273.69000000000,"Transit Timing Variations",2023
"LHS 475 b",0.99100000,0.08841125,,,2.02908800000,"Transit",2023
"TOI-1801 b",2.07900000,0.18600000,5.73800000,,10.64387000000,"Transit",2023
"TOI-1420 b",11.89000000,1.06075658,25.10000000,0.0710000000,6.95610630000,"Transit",2023
"HD 110067 b",2.20000000,0.19627119,5.69000000,0.0793000000,9.11367800000,"Transit",2023
"HD 110067 c",2.38800000,0.21304346,6.30000000,0.1039000000,13.67369400000,"Transit",2023
"HD 110067 d",2.85200000,0.25443884,8.52000000,0.1362000000,20.51961700000,"Transit",2023
"HD 110067 e",1.94000000,0.17307551,3.90000000,0.1785000000,30.79309100000,"Transit",2023
"HD 110067 f",2.60100000,0.23204608,5.04000000,0.2163000000,41.05854000000,"Transit",2023
"HD 110067 g",2.60700000,0.23258136,8.40000000,0.2621000000,54.76992000000,"Transit",2023
"AU Mic d",,,1.05300000,,12.73596000000,"Transit Timing Variations",2023
"GJ 806 b",1.33100000,0.11874407,1.90000000,0.0140600000,0.92632370000,"Transit",2023
"GJ 806 c",,,5.80000000,0.0523000000,6.64064000000,"Radial Velocity",2023
"HAT-P-65 b",18.05766791,1.61100000,176.07693748,0.0404200000,2.60544751000,"Transit",2016
"Kepler-620 b",3.32000000,0.29619056,,,12.91375431000,"Transit",2016
"DS Tuc A b",5.70000000,0.50851994,,,8.13826800000,"Transit",2019
"TOI-6158 b",10.40000000,0.93000000,135.00000000,0.0327500000,3.04468990000,"Transit",2026
"KMT-2024-BLG-0349L b",,,3769.44490702,6.4600000000,,"Microlensing",2026
"TOI-2048 b",2.61000000,0.23284900,,,13.79019000000,"Transit",2022
"Kepler-18 b",2.00000000,0.17800000,6.90000000,0.0447000000,3.50472500000,"Transit",2011
"Kepler-234 b",3.70000000,0.33000000,,0.0400000000,2.71150600000,"Transit",2014
"Kepler-1373 b",1.16000000,0.10348827,,,1.29123275000,"Transit",2016
"K2-113 b",12.14000000,1.08305826,,0.0642000000,5.81768500000,"Transit",2017
"TOI-2000 b",2.70000000,0.24100000,11.00000000,0.0427100000,3.09833000000,"Transit",2023
"Kepler-770 d",1.40000000,0.12489963,,,4.15244722000,"Transit",2016
"HAT-P-32 b",22.19382000,1.98000000,216.12440000,0.0339700000,2.15000820000,"Transit",2011
"WASP-166 b",7.06167000,0.63000000,32.10083000,0.0641000000,5.44354000000,"Transit",2019
"HD 106315 b",2.44000000,0.21768222,12.60000000,0.0907000000,9.55237000000,"Transit",2017
"HD 106315 c",4.35000000,0.38808101,15.20000000,0.1536000000,21.05704000000,"Transit",2017
"GJ 357 c",,,3.40000000,0.0610000000,9.12470000000,"Radial Velocity",2019
"GJ 357 d",,,6.10000000,0.2040000000,55.66100000000,"Radial Velocity",2019
"WASP-178 b",20.28829000,1.81000000,527.59780000,0.0558000000,3.34482850000,"Transit",2019
"WASP-39 b",14.33631100,1.27900000,89.31023000,0.0482800000,4.05529410000,"Transit",2011
"GJ 9827 b",1.44000000,0.12846842,4.28000000,0.0189000000,1.20897400000,"Transit",2017
"GJ 9827 c",1.13000000,0.10081202,1.86000000,0.0395000000,3.64810300000,"Transit",2017
"LTT 3780 b",1.32500000,0.11820879,2.46000000,0.0119500000,0.76837931000,"Transit",2020
"LTT 3780 c",2.39000000,0.21322189,8.04000000,0.0757000000,12.25228400000,"Transit",2020
"LHS 1140 b",1.73000000,0.15434053,5.60000000,0.0946000000,24.73723000000,"Transit",2017
"LHS 1140 c",1.27200000,0.11348043,1.91000000,0.0270000000,3.77794000000,"Transit",2018
"GJ 1214 b",2.73300000,0.24382235,8.41000000,0.0150500000,1.58040453100,"Transit",2009
"TOI-1136 b",,,3.50000000,0.0510600000,4.17270000000,"Transit",2022
"TOI-1136 c",,,6.32000000,0.0669000000,6.25740000000,"Transit",2022
"TOI-1136 d",,,8.35000000,0.1062000000,12.51990000000,"Transit",2022
"TOI-1136 e",,,6.07000000,,18.80100000000,"Transit",2022
"TOI-1136 f",,,9.70000000,0.1740000000,26.32100000000,"Transit",2022
"TOI-1136 g",,,5.60000000,0.2290000000,39.54500000000,"Transit",2022
"TOI-1899 b",11.09689089,0.99000000,212.94503269,0.1525000000,29.09031200000,"Transit",2020
"PH2 b",9.33708092,0.83300000,87.08498352,0.8330000000,282.52542000000,"Transit",2013
"WASP-47 b",12.86000000,1.14729433,374.00000000,,4.15915100000,"Transit",2012
"WASP-47 c",,,447.00000000,,589.57000000000,"Radial Velocity",2015
"WASP-47 d",3.65000000,0.32563175,15.50000000,,9.03050100000,"Transit",2015
"WASP-47 e",1.83000000,0.16326195,9.00000000,,0.78961000000,"Transit",2015
"TOI-776 b",1.79800000,0.16040709,5.00000000,0.0653000000,8.24662000000,"Transit",2020
"TOI-776 c",2.04700000,0.18262142,6.90000000,0.1001000000,15.66532300000,"Transit",2020
"WASP-76 b",20.78145022,1.85400000,284.13859586,0.0330000000,1.80988198000,"Transit",2016
"HIP 9618 b",3.82838127,0.34154589,8.30000000,0.1450000000,20.77285800000,"Transit",2023
"HIP 9618 c",3.42855926,0.30587610,7.00000000,0.2690000000,52.56363000000,"Transit",2023
"TOI-1823 b",7.54062410,0.67273058,67.40000000,0.2120000000,38.80000000000,"Transit",2024
"TOI-849 b",3.64000000,0.32473961,41.80000000,0.0155000000,0.76554800000,"Transit",2020
"HD 63935 b",2.91575244,0.26012646,10.50000000,0.0830000000,9.05880700000,"Transit",2021
"HD 63935 c",3.06451296,0.27339800,11.10000000,0.1480000000,21.40270000000,"Radial Velocity",2021
"TOI-1807 b",1.49681583,0.13353719,2.44000000,0.0122000000,0.54937097000,"Transit",2021
"LTT 1445 A b",1.34000000,0.11954700,2.73000000,0.0381000000,5.35876350000,"Transit",2019
"TOI-6255 b",1.07900000,0.09626210,1.44000000,,0.23818244000,"Transit",2024
"TOI-421 b",2.64000000,0.23552543,6.70000000,0.0554000000,5.19757600000,"Transit",2020
"TOI-421 c",5.09000000,0.45410017,14.10000000,0.1170000000,16.06754100000,"Transit",2020
"TOI-1338 b",7.66100000,0.68350000,11.30000000,,95.40010000000,"Transit",2020
"TOI-1338 c",,,75.40000000,,215.79000000000,"Radial Velocity",2023
"TOI-3884 b",6.43000000,0.57364716,32.59000000,0.0361000000,4.54458280000,"Transit",2022
"GJ 1132 b",1.19151465,0.10630000,1.83704819,0.0157000000,1.62892911000,"Transit",2015
"HIP 67522 b",9.98720180,0.89100000,,0.0748000000,6.95947310000,"Transit",2020
"HIP 67522 c",7.93595834,0.70800000,,0.1228000000,14.33489200000,"Transit",2024
"GJ 9827 d",1.98000000,0.17664407,3.02000000,0.0530000000,6.20183000000,"Transit",2017
"GJ 486 b",1.28900000,0.11499708,2.77000000,0.0171400000,1.46712127000,"Radial Velocity",2021
"L 168-9 b",1.63000000,0.14541911,4.07000000,0.0208000000,1.40152604000,"Transit",2020
"TOI-1130 b",3.66000000,0.32652389,19.80000000,0.0453000000,4.07455400000,"Transit",2020
"TOI-1130 c",13.00000000,1.15978431,336.00000000,0.0731000000,8.35018980000,"Transit",2020
"Kepler-51 e",,,5.40000000,,264.28400000000,"Transit Timing Variations",2024
"IRAS 04125+2902 b",10.73820351,0.95800000,,0.0770000000,8.83497800000,"Transit",2024
"WASP-12 b",22.02564708,1.96500000,,0.0234000000,1.09141890100,"Transit",2008
"HD 15337 b",1.77000000,0.15790910,6.51900000,,4.75598040000,"Transit",2019
"HD 15337 c",2.52600000,0.22535501,6.79200000,,17.18054600000,"Transit",2019
"GJ 341 b",0.88000000,0.07850848,4.00000000,,7.57686000000,"Transit",2025
"TOI-561 b",1.39700000,0.12463221,2.02000000,0.0106400000,0.44656970000,"Transit",2020
"TOI-561 c",2.86500000,0.25559862,5.93000000,0.0889000000,10.77883800000,"Transit",2020
"TOI-561 d",2.61500000,0.23329508,13.33000000,0.1587000000,25.71268000000,"Transit",2020
"TOI-561 e",2.51700000,0.22455209,12.40000000,0.3300000000,77.14400000000,"Transit",2020
"HAT-P-11 b",,,23.51930212,0.0525800000,4.88800000000,"Transit",2010
"HAT-P-11 c",,,851.78013076,4.1000000000,3361.00000000000,"Radial Velocity",2018
"TOI-677 b",13.11450742,1.17000000,392.20025424,0.1041000000,11.23659850000,"Transit",2020
"BD+05 4868 A b",,,6.20000000,0.0208000000,1.27186900000,"Transit",2025
"WASP-131 b",13.74221034,1.22600000,86.76715511,0.0608000000,5.32201250000,"Transit",2016
"TOI-6324 b",1.05900000,0.09447781,1.17000000,,0.27922100000,"Transit",2025
"TOI-771 b",1.36000000,0.12133128,2.47000000,0.0208000000,2.32601550000,"Transit",2024
"TOI-771 c",,,2.87000000,0.0460000000,7.61000000000,"Radial Velocity",2025
"WASP-77 A b",,,529.31142902,0.0232336330,1.36002939500,"Transit",2012
"TOI-6894 b",9.58367850,0.85500000,53.39517238,0.0260400000,3.37077196000,"Transit",2025
"KELT-11 b",15.13212395,1.35000000,65.15482343,0.0623000000,4.73620865000,"Transit",2017
"TOI-1468 b",1.40100000,0.12498906,3.04000000,0.0210700000,1.88052010000,"Transit",2022
"TOI-1468 c",2.12600000,0.18966934,4.10000000,0.0860800000,15.53247700000,"Transit",2022
"TOI-2031 A b",14.20177855,1.26700000,254.26272560,0.0660000000,5.71548654000,"Transit",2025
"L 98-59 b",0.83700000,0.07467227,0.46000000,0.0223000000,2.25311400000,"Transit",2019
"L 98-59 c",1.32900000,0.11856564,2.00000000,0.0309000000,3.69067640000,"Transit",2019
"L 98-59 d",1.62700000,0.14515147,1.64000000,0.0494000000,7.45072900000,"Transit",2019
"L 98-59 e",,,2.82000000,0.0712000000,12.82780000000,"Radial Velocity",2021
"L 98-59 f",,,2.80000000,0.1052000000,23.06400000000,"Radial Velocity",2025
"WASP-69 b",11.21000000,1.00000000,82.58000000,0.0453000000,3.86813881000,"Transit",2014
"TOI-125 b",2.72600000,0.24319743,9.50000000,0.0518600000,4.65382000000,"Transit",2019
"TOI-125 c",2.75900000,0.24614149,6.63000000,0.0814000000,9.15059000000,"Transit",2019
"TOI-125 d",2.93000000,0.26139709,13.60000000,0.1370000000,19.98000000000,"Transit",2020
"HATS-48 A b",8.96720000,0.80000000,77.23269000,0.0376900000,3.13166660000,"Transit",2020
"HATS-72 b",8.09738160,0.72240000,39.85588200,0.0665170000,7.32794740000,"Transit",2020
"NGTS-11 b",9.15775300,0.81700000,109.33352000,0.2010000000,35.45533000000,"Transit",2020
"HD 86226 b",,,143.02350000,2.7300000000,1628.00000000000,"Radial Velocity",2009
"WD 1856+534 b",10.40000000,0.92782585,4386.05400000,0.0204000000,1.40794050000,"Transit",2020
"LTT 9779 b",4.72000000,0.42109020,29.32000000,0.0167900000,0.79205200000,"Transit",2020
"TOI-824 b",2.92600000,0.26104024,18.46700000,0.0217700000,1.39297800000,"Transit",2020
"GJ 3473 c",,,7.41000000,0.0876000000,15.50900000000,"Radial Velocity",2020
"WASP-127 b",14.69499900,1.31100000,52.34660100,0.0484000000,4.17806203000,"Transit",2016
"55 Cnc e",1.87500000,0.16727630,7.99000000,0.0154400000,0.73654740000,"Radial Velocity",2004
"WASP-139 b",8.96720000,0.80000000,37.18611000,0.0620000000,5.92426200000,"Transit",2016
"K2-287 b",9.49402300,0.84700000,100.11645000,0.1206000000,14.89329100000,"Transit",2018
"GJ 3473 b",1.26400000,0.11276653,1.86000000,0.0158900000,1.19800350000,"Transit",2020
"Kepler-12 b",19.66058600,1.75400000,137.30256000,0.0553000000,4.43796290000,"Transit",2011
"HD 86226 c",2.16000000,0.19270229,7.25000000,0.0490000000,3.98442000000,"Transit",2020
"TOI-1231 b",3.65000000,0.32563175,15.40000000,0.1288000000,24.24558600000,"Transit",2021
"LHS 1478 b",1.24200000,0.11080401,2.33000000,0.0184800000,1.94953780000,"Transit",2021
"TOI-674 b",5.25000000,0.46837443,23.60000000,0.0250000000,1.97714300000,"Transit",2021
"TOI-431 b",1.28000000,0.11419415,3.07000000,0.0113000000,0.49004700000,"Transit",2021
"TOI-431 c",,,2.83000000,0.0520000000,4.84940000000,"Radial Velocity",2021
"TOI-178 b",1.20000000,0.10705701,0.96000000,,1.91456010000,"Transit",2021
"TOI-178 c",1.75400000,0.15648167,4.64000000,,3.23848600000,"Transit",2021
"TOI-178 d",2.69500000,0.24043221,5.20000000,,6.55756900000,"Transit",2021
"TOI-178 e",2.30100000,0.20528182,3.48000000,,9.96318000000,"Transit",2021
"TOI-178 f",2.41700000,0.21563067,5.63000000,,15.23335000000,"Transit",2021
"TOI-178 g",2.93900000,0.26220047,4.40000000,,20.71663000000,"Transit",2021
"HD 80606 b",11.56766808,1.03200000,1323.46926959,0.4603000000,111.43676500000,"Radial Velocity",2001
"AU Mic e",,,21.10000000,,33.11000000000,"Radial Velocity",2025
"TOI-270 b",1.28000000,0.11419415,1.48000000,,3.35992000000,"Transit",2019
"TOI-270 c",2.33000000,0.20786903,6.20000000,,5.66051000000,"Transit",2019
"TOI-270 d",2.00000000,0.17842836,4.20000000,,11.38194000000,"Transit",2019
"TOI-6109 b",4.87040000,0.43450873,,0.0599000000,5.69047600000,"Transit",2025
"TOI-6109 c",4.83260000,0.43113644,,0.0786000000,8.53887800000,"Transit",2025
"WASP-6 b",12.54284940,1.11900000,148.42586607,,3.36100260000,"Transit",2009
"WASP-25 b",13.80946422,1.23200000,179.25522155,,3.76483370000,"Transit",2010
"55 Cnc B b",,,3.50000000,0.0440000000,6.79940000000,"Radial Velocity",2025
"55 Cnc B c",,,5.30000000,0.1300000000,33.74700000000,"Radial Velocity",2025
"55 Cnc b",,,276.00000000,0.1180000000,14.65155200000,"Radial Velocity",1996
"55 Cnc c",,,56.60000000,0.2470000000,44.39360000000,"Radial Velocity",2004
"55 Cnc d",,,1214.10451474,5.6000000000,4799.00000000000,"Radial Velocity",2002
"55 Cnc f",,,48.50000000,0.8020000000,260.58000000000,"Radial Velocity",2007
"TOI-1685 b",1.42100000,0.12677335,3.07000000,0.0116400000,0.66913923000,"Transit",2021
"WASP-193 b",14.78464554,1.31900000,35.59678158,0.0668000000,6.24634750000,"Transit",2023
"WASP-121 b",19.52604438,1.74200000,371.85923619,0.0257100000,1.27492504000,"Transit",2016
"WASP-20 b",15.46839337,1.38000000,,,,"Transit",2015
"GJ 3090 b",2.18000000,0.19448691,4.52000000,0.0316000000,2.85310198000,"Transit",2022
"GJ 3090 c",,,10.00000000,0.0997000000,15.94070000000,"Radial Velocity",2026
"V1298 Tau b",9.41000000,0.83950542,13.10000000,0.1685000000,24.14000600000,"Transit",2019
"V1298 Tau c",5.08000000,0.45320802,4.70000000,0.0824000000,8.24916400000,"Transit",2019
"V1298 Tau d",6.53000000,0.58256858,6.00000000,0.1081000000,12.40139400000,"Transit",2019
"V1298 Tau e",10.17000000,0.90730819,15.30000000,0.2689000000,48.67771400000,"Transit",2019
"LP 791-18 c",2.48800000,0.22196488,7.16000000,0.0296100000,4.98991000000,"Transit",2019
"LP 791-18 d",1.03200000,0.09206903,0.91000000,0.0199200000,2.75485000000,"Transit",2023
"AU Mic b",4.79000000,0.42733591,8.99000000,0.0700000000,8.46344600000,"Transit",2020
"AU Mic c",2.79000000,0.24890756,14.46000000,0.1190000000,18.85902300000,"Transit",2021
"TOI-4336 A b",2.13700000,0.19065070,3.33000000,0.0849000000,16.33635100000,"Transit",2024
"TOI-4336 A c",1.25100000,0.11160694,1.55000000,0.0509200000,7.58726600000,"Transit",2026
"TOI-451 b",1.84000000,0.16415409,4.70000000,0.0274000000,1.85870330000,"Transit",2020
"TOI-451 c",2.93000000,0.26139754,3.70000000,0.0795000000,9.19246300000,"Transit",2020
"TOI-451 d",3.93000000,0.35061172,10.20000000,0.1168000000,16.36496200000,"Transit",2020
"TOI-2431 b",1.53400000,0.13685455,6.20000000,0.0063000000,0.22419578000,"Transit",2026
"TOI-2076 b",2.59000000,0.23106472,6.70000000,0.0878100000,10.35504000000,"Transit",2021
"TOI-2076 c",3.54000000,0.31581819,7.20000000,0.1407000000,21.01447000000,"Transit",2021
"TOI-2076 d",3.27000000,0.29173036,7.30000000,0.1982000000,35.12803000000,"Transit",2021
"TOI-2076 e",1.30100000,0.11606765,4.70000000,0.0386300000,3.02237530000,"Transit",2025
"LHS 3844 b",1.28600000,0.11472943,2.37000000,0.0062400000,0.46292970900,"Transit",2019
"TOI-2374 b",7.48759911,0.66800000,61.65871096,0.0481800000,4.31361930000,"Transit",2024
"GJ 1132 c",,,2.91000000,,8.92900000000,"Radial Velocity",2018
"GJ 367 b",0.73600000,0.06566164,0.50300000,,0.32192260000,"Transit",2021
"HIP 41378 b",2.64000000,0.23552543,6.90000000,,15.57209000000,"Transit",2016
"HIP 41378 c",2.74000000,0.24444685,5.97000000,,31.70591000000,"Transit",2016
"HIP 41378 g",,,5.75000000,,63.19000000000,"Radial Velocity",2025
"HIP 41378 d",3.65000000,0.32563175,6.53000000,,278.36180000000,"Transit",2016
"HIP 41378 e",5.19000000,0.46302158,7.62000000,,393.00000000000,"Transit",2016
"HIP 41378 f",9.47000000,0.84485827,25.00000000,,542.07970000000,"Transit",2016
"TOI-260 b",1.71000000,0.15255624,4.23000000,0.0943000000,13.47585300000,"Transit",2024
"KELT-9 b",21.70058664,1.93600000,915.34581216,0.0336800000,1.48112350000,"Transit",2017
"TOI-2134 b",2.73500000,0.24400078,9.37000000,0.0780300000,9.22919800000,"Transit",2023
"TOI-2134 c",7.35000000,0.65572421,58.30000000,0.3715000000,95.85284000000,"Transit",2023
"HD 3167 b",1.60100000,0.14283190,4.84400000,0.0181400000,0.95965451000,"Transit",2016
"HD 3167 c",2.98300000,0.26612589,11.41000000,0.1794000000,29.84651100000,"Transit",2016
"HD 3167 d",,,7.30000000,0.0770000000,8.39670000000,"Radial Velocity",2017
"HD 3167 e",,,14.90000000,0.3797000000,91.90000000000,"Radial Velocity",2022
"NGTS-10 b",13.89913607,1.24000000,,,0.76689440000,"Transit",2020
"TOI-1173 b",8.77663189,0.78300000,28.28672822,,7.06439710000,"Transit",2024
"WASP-107 b",10.48039695,0.93500000,33.02237149,,5.72148750000,"Transit",2017
"WASP-107 c",,,,,1091.00000000000,"Radial Velocity",2020
"HAT-P-18 b",10.70457657,0.95500000,55.52462270,,5.50802910000,"Transit",2010
"HD 278555 b",11.02963701,0.98400000,266.97586188,0.1985000000,28.84243800000,"Transit",2026
"KMT-2021-BLG-2010L b",,,340.07639549,1.7900000000,,"Microlensing",2023
"KMT-2019-BLG-1715L b",,,813.64072192,3.3200000000,,"Microlensing",2021
"TIC 270471727 b",2.75029559,0.24536536,,,10.45623256647,"Transit",2026
"TOI-1749 d",2.52000000,0.22481973,15.00000000,0.0707000000,9.04970000000,"Transit",2021
"Kepler-354 b",1.84000000,0.16400000,,0.0540000000,5.47666000000,"Transit",2014
"HD 50499 b",,,519.96988000,3.8330000000,2447.10000000000,"Radial Velocity",2005
"Kepler-1999 b",3.29000000,0.29351465,,0.0713000000,8.73967580000,"Transit",2023
"Kepler-1716 b",2.42476850,0.21632373,,,35.58100128000,"Transit",2021
"TOI-1601 b",14.19902343,1.26675420,387.00000000,0.0690000000,5.33175000000,"Transit",2021
"K2-241 b",2.55000000,0.22749576,,0.1567000000,26.81990000000,"Transit",2018
"Kepler-1804 b",1.59615726,0.14239986,,,12.28849983000,"Transit",2021
"Kepler-1065 b",3.73000000,0.33276831,,,3.60930890700,"Transit",2016
"HD 152843 b",3.05000000,0.27210324,9.82000000,0.1049000000,11.62071000000,"Transit",2021
"Kepler-58 c",2.86000000,0.25500000,53.00000000,,15.57415680000,"Transit",2012
"Kepler-348 b",1.52000000,0.13600000,,0.0760000000,7.05677000000,"Transit",2014
"Kepler-225 c",1.84000000,0.16400000,,0.1110000000,18.79423400000,"Transit",2014
"Kepler-1868 b",3.14950109,0.28098015,,,211.03399660000,"Transit",2021
"Kepler-381 d",1.06678650,0.09517248,,,8.25629997300,"Transit",2021
"HIP 81208 C b",,,4703.86042360,23.0400000000,104100.00000000000,"Imaging",2023
"TOI-1439 b",4.24278610,0.37851667,38.50000000,0.1920000000,27.64400000000,"Transit",2024
"HD 28471 d",,,4.91000000,0.1000000000,11.68100000000,"Radial Velocity",2025
"Kepler-1539 b",2.70000000,0.24087787,,,133.30367410000,"Transit",2016
"Kepler-657 b",3.52000000,0.31403337,,,24.54350418000,"Transit",2016
"Kepler-222 d",3.69000000,0.32900000,,0.1800000000,28.08191200000,"Transit",2014
"TOI-1630.01",2.41700000,0.21563067,,0.1011510000,12.05573473300,"Transit",2024
"Kepler-1616 b",1.02000000,0.09099830,,,6.76284377000,"Transit",2016
"Kepler-794 b",2.11000000,0.18824159,,,11.13125132000,"Transit",2016
"NGTS-21 b",14.90794433,1.33000000,750.07504052,0.0236000000,1.54338970000,"Transit",2022
"K2-264 b",2.23100000,0.19903649,,0.0502300000,5.84000200000,"Transit",2018
"ups And d",,,1313.22000000,2.5132900000,1276.46000000000,"Radial Velocity",1999
"TOI-1181 b",17.02644168,1.51900000,374.71969185,,2.10318900000,"Transit",2022
"Kepler-1759 b",0.90377910,0.08062991,,,3.72023010300,"Transit",2021
"TIC 52059926 b",10.71000000,0.95500000,5380.00000000,0.5530000000,175.53200000000,"Transit",2026
"HD 167677 b",,,905.81095995,2.8770000000,1820.00000000000,"Radial Velocity",2023
"HIP 63242 b",,,2917.56000000,0.5650000000,124.60000000000,"Radial Velocity",2013
"Kepler-83 b",2.83000000,0.25200000,,,9.77000000000,"Transit",2012
"Kepler-392 c",1.10000000,0.09800000,,0.0930000000,10.42311800000,"Transit",2014
"WASP-135 b",14.57170000,1.30000000,603.87700000,0.0243000000,1.40137940000,"Transit",2015
"K2-133 e",1.73000000,0.15434026,,0.1346000000,26.58410000000,"Transit",2019
"KOI-1831 d",1.13000000,0.10081202,2.23000000,,34.16900000000,"Transit",2018
"OGLE-2018-BLG-1647L b",,,308.29355479,1.3600000000,,"Microlensing",2022
"KOI-319 c",,,8803.84687390,,80.09900000000,"Transit Timing Variations",2014
"KOI-319 b",10.67000000,0.95191528,3178.28407000,,46.14827000000,"Transit",2014
"Kepler-349 b",1.90000000,0.17000000,,0.0650000000,5.92977800000,"Transit",2014
"TOI-1777.01",2.24600000,0.20037504,,0.1194660000,14.65011197400,"Transit",2024
"Kepler-1718 b",2.56852070,0.22914846,,,135.18800350000,"Transit",2021
"TOI-7394 B b",11.50000000,1.02000000,668.74000000,0.0191300000,1.25299500000,"Transit",2026
"TOI-5811 B b",21.96960217,1.96000000,257.44100967,0.0731000000,6.25663000000,"Transit",2026
"BD+20 2457 c",,,3963.17000000,2.0100000000,621.99000000000,"Radial Velocity",2009
"K2-395 c",3.39500000,0.30288213,,,8.49128200000,"Transit",2022
"HR 810 b",,,721.47410000,0.9200000000,302.79999000000,"Radial Velocity",1999
"K2-280 b",7.50000000,0.66910634,37.10000000,0.1461000000,19.89526000000,"Transit",2018
"K2-152 b",2.29000000,0.20430012,,0.1716000000,32.64790000000,"Transit",2018
"HD 66141 b",,,1906.90000000,1.2000000000,480.50000000000,"Radial Velocity",2012
"K2-348 c",2.67000000,0.23820186,,,12.55017100000,"Transit",2021
"Kepler-341 b",1.18000000,0.10500000,,0.0600000000,5.19552800000,"Transit",2014
"Kepler-68 c",0.97900000,0.08734068,1.30000000,0.0900800000,9.60502700000,"Transit",2013
"K2-332 b",2.20000000,0.19627119,,,17.70632000000,"Transit",2021
"Kepler-984 b",2.12000000,0.18913373,,,43.03422720000,"Transit",2016
"Kepler-1126 c",1.45000000,0.12936056,,0.6193000000,199.66876000000,"Transit",2023
"Kepler-572 b",2.58000000,0.23017218,,,17.20523483000,"Transit",2016
"Kepler-871 b",3.74000000,0.33366045,,,22.04590180000,"Transit",2016
"TOI-4511 b",2.75304932,0.24561103,,,10.98090968596,"Transit",2026
"Kepler-579 b",2.00000000,0.17842805,,,9.66857723000,"Transit",2016
"Kepler-1666 b",2.88273782,0.25718064,,,25.84760000000,"Transit",2020
"CoRoT-17 b",11.43000000,1.02000000,772.29000000,0.0461000000,3.76810000000,"Transit",2011
"K2-396 c",3.12400000,0.27870509,,,25.76051000000,"Transit",2022
"WISPIT 1 c",,,1684.49055710,840.0000000000,,"Imaging",2025
"Kepler-564 b",4.63000000,0.41306093,,,3.75083228500,"Transit",2016
"OGLE-2005-BLG-390L b",,,5.50000000,2.6000000000,3285.00000000000,"Microlensing",2005
"K2-323 b",2.10000000,0.18734945,,0.1275000000,24.93000000000,"Transit",2020
"WASP-105 b",10.76064000,0.96000000,572.09400000,0.0750000000,7.87288000000,"Transit",2017
"Kepler-1940 b",1.54732469,0.13804330,,,4.95061016100,"Transit",2021
"Kepler-366 b",1.46000000,0.13000000,,0.0450000000,3.28195900000,"Transit",2014
"CoRoT-24 b",3.70000000,0.33000000,5.70000000,0.0560000000,5.11340000000,"Transit",2014
"Kepler-150 f",3.64000000,0.32473905,,1.2400000000,637.20930000000,"Transit",2017
"Kepler-1164 b",1.12000000,0.09991971,,,3.97599768000,"Transit",2016
"Qatar-8 b",14.40356500,1.28500000,117.91493000,0.0474000000,3.71495000000,"Transit",2019
"70 Vir b",,,2357.02728000,0.4810000000,116.68800000000,"Radial Velocity",1996
"Kepler-760 b",3.06000000,0.27299491,,,8.70419416000,"Transit",2016
"TOI-4600 b",6.80000000,0.60700000,959.84178914,0.3490000000,82.68690000000,"Transit",2023
"WASP-87 b",15.52446500,1.38500000,692.86940000,0.0294600000,1.68279500000,"Transit",2016
"Kepler-127 c",2.66000000,0.23700000,,0.2000000000,29.39319500000,"Transit",2014
"Kepler-117 c",12.34100000,1.10100000,584.78000000,0.2804000000,50.79039100000,"Transit",2014
"Kepler-231 c",1.93000000,0.17200000,,0.1140000000,19.27156600000,"Transit",2014
"Kepler-914 b",1.38000000,0.12311535,,,4.40966548000,"Transit",2016
"Kepler-1480 b",1.67000000,0.14898742,,,22.12679948000,"Transit",2016
"TOI-672 b",5.31000000,0.47372729,50.90000000,0.0376000000,3.63358100000,"Transit",2023
"Kepler-1769 b",4.46500000,0.39834131,,,89.19349670000,"Transit",2021
"Kepler-1551 b",2.66000000,0.23730931,,,24.49736980000,"Transit",2016
"HD 118203 c",,,3747.19691853,6.2800000000,5103.00000000000,"Radial Velocity",2024
"Kepler-20 g",,,19.96000000,0.2055000000,34.94000000000,"Radial Velocity",2016
"Kepler-771 b",1.82000000,0.16236952,,,8.73485836000,"Transit",2016
"Kepler-164 c",2.73000000,0.24400000,,0.0970000000,10.94572300000,"Transit",2014
"KELT-10 b",15.68139100,1.39900000,215.80657000,0.0525000000,4.16627390000,"Transit",2016
"75 Cet b",,,787.89662095,1.9120000000,696.62000000000,"Radial Velocity",2012
"K2-227 b",1.66551298,0.14858712,,,13.62183200000,"Transit",2018
"GJ 4276 b",,,16.57000000,0.0820000000,13.35200000000,"Radial Velocity",2019
"Kepler-148 b",1.80000000,0.16100000,,0.0280000000,1.72936600000,"Transit",2014
"Kepler-925 b",2.34000000,0.20876082,,,33.86785310000,"Transit",2016
"HD 216435 b",,,400.40000000,2.5600000000,1311.00000000000,"Radial Velocity",2002
"HD 101581 c",0.99000000,0.08832204,,0.0573000000,6.20401000000,"Transit",2025
"HIP 113103 c",2.40000000,0.21411403,,0.1047900000,14.24564800000,"Transit",2023
"Kepler-136 c",1.99000000,0.17800000,,0.1330000000,16.39923500000,"Transit",2014
"HD 1461 b",,,6.44000000,0.0634000000,5.77152000000,"Radial Velocity",2010
"Kepler-1896 b",3.09935997,0.27650685,,,44.87020111000,"Transit",2021
"HD 174205 b",,,1334.87930940,1.7000000000,582.00000000000,"Radial Velocity",2022
"GJ 86 b",,,1404.80860000,0.1100000000,15.76491000000,"Radial Velocity",1999
"HN Peg b",11.77680000,1.05066000,6991.57000000,773.0000000000,,"Imaging",2006
"Kepler-102 f",0.86100000,0.07681341,4.30000000,0.1656000000,27.45359200000,"Transit",2014
"TOI-3688 A b",13.08088048,1.16700000,311.47183886,0.0456000000,3.24607500000,"Transit",2023
"Kepler-1029 b",1.26000000,0.11240967,,,4.41769647900,"Transit",2016
"TOI-261.02",3.34822227,0.29870890,,,13.03935862135,"Transit",2021
"TOI-2977 b",13.15934334,1.17400000,533.95172376,0.0338600000,2.35056140000,"Transit",2023
"TOI-2040 b",10.32347122,0.92100000,248.22398587,0.0473000000,3.86085760000,"Transit",2026
"TOI-262 b",2.07000000,0.18467335,,0.1630000000,11.14529000000,"Transit",2023
"TOI-128.01",2.21898000,0.19774964,,0.0538101900,4.94046810000,"Transit",2024
"TOI-261.01",3.04498630,0.27136114,,0.0347921890,3.36392540000,"Transit",2021
"TOI-209 b",2.39472090,0.21364306,,,4.37943587445,"Transit",2026
"TOI-2227 b",3.09885187,0.27646152,,,4.22175815648,"Transit",2026
"TOI-3278 b",13.89913607,1.24000000,95.34852210,0.0430000000,3.24645600000,"Transit",2026
"Kepler-1386 b",1.24000000,0.11062539,,,6.73972381000,"Transit",2016
"TOI-1232 c",,,58.48042689,0.1940000000,30.35600000000,"Transit Timing Variations",2026
"KMT-2021-BLG-1303L b",,,120.77479466,2.8900000000,,"Microlensing",2022
"GJ 3222 b",,,11.44182265,0.0910000000,10.66669000000,"Radial Velocity",2022
"K2-169 b",1.27328671,0.11359503,,,6.38080300000,"Transit",2018
"WASP-108 b",15.13212395,1.35000000,,,,"Transit",2020
"Kepler-878 b",1.93000000,0.17218307,,,25.94220330000,"Transit",2016
"HD 148156 b",,,270.14400000,2.4500000000,1027.00000000000,"Radial Velocity",2009
"HATS-23 b",20.84874000,1.86000000,467.21010000,0.0339700000,2.16051560000,"Transit",2017
"Kepler-213 b",1.62000000,0.14500000,,0.0360000000,2.46236000000,"Transit",2014
"TOI-1180 b",3.07200000,0.27406595,,0.0807990000,9.68676037800,"Transit",2024
"Kepler-790 b",2.18000000,0.19448657,,,13.73469807000,"Transit",2016
"Kepler-369 c",1.41000000,0.12600000,,0.0940000000,14.87157200000,"Transit",2014
"TOI-3362 b",12.80065596,1.14200000,1598.35905880,0.1530000000,18.09547000000,"Transit",2021
"Kepler-1911 b",1.01100000,0.09019553,,,5.99079990400,"Transit",2021
"Kepler-1328 b",0.98000000,0.08742974,,,4.52158888000,"Transit",2016
"HATS-36 b",12.92000000,1.15264520,,0.0523000000,4.17518600000,"Transit",2018
"Kepler-1345 b",2.36000000,0.21054510,,,44.61695570000,"Transit",2016
"K2-384 b",1.07600000,0.09599446,,,2.23152700000,"Transit",2022
"TOI-1064 c",2.65100000,0.23650679,2.50000000,0.0942900000,12.22657400000,"Transit",2022
"HAT-P-53 b",14.77346200,1.31800000,471.65972000,0.0315900000,1.96162410000,"Transit",2015
"HD 94771 b",,,169.00000000,3.4800000000,2164.00000000000,"Radial Velocity",2023
"Kepler-1314 b",5.11000000,0.45588366,,,5.42474928100,"Transit",2016
"HAT-P-57 b",19.50366000,1.74000000,448.14030000,,2.46530000000,"Transit",2015
"Kepler-275 c",3.38000000,0.30200000,,0.1320000000,16.08813400000,"Transit",2014
"WASP-78 b",21.63337000,1.93000000,352.79130000,,2.17518000000,"Transit",2012
"OGLE-2019-BLG-1492L b",,,37.10000000,2.7000000000,,"Microlensing",2022
"HD 164922 e",,,10.52012027,0.2292000000,41.76300000000,"Radial Velocity",2021
"Kepler-195 c",1.55000000,0.13800000,,0.1970000000,34.09686300000,"Transit",2014
"Kepler-1488 c",1.65156749,0.14734324,,,6.15826988200,"Transit",2021
"Kepler-1705 b",2.03000000,0.18110478,4.47000000,,9.03502000000,"Transit",2021
"WASP-48 b",16.81350000,1.50000000,254.26400000,,2.14363000000,"Transit",2011
"Kepler-217 b",2.23000000,0.19900000,,0.0650000000,5.37494300000,"Transit",2014
"WASP-88 b",16.36514000,1.46000000,133.48860000,,4.95400000000,"Transit",2014
"Kepler-237 c",2.08000000,0.18600000,,0.0710000000,8.10363600000,"Transit",2014
"Kepler-106 e",2.56000000,0.22800000,11.17000000,,43.84450000000,"Transit",2014
"G 196-3 b",,,8263.53858200,350.0000000000,,"Imaging",2024
"Kepler-431 c",0.66800000,0.06000000,,0.0847000000,8.70300000000,"Transit",2015
"Kepler-1542 d",0.87000000,0.07761620,,,5.99273738000,"Transit",2016
"Kepler-1909 b",1.09217411,0.09743742,,,2.39160990700,"Transit",2021
"Kepler-1477 b",1.18000000,0.10527255,,,11.55530021000,"Transit",2016
"Ross 128 b",,,1.40000000,0.0496000000,9.86580000000,"Radial Velocity",2017
"HATS-10 b",10.86152100,0.96900000,167.17858000,0.0449100000,3.31284600000,"Transit",2015
"TOI-132 b",3.42000000,0.30511196,22.40000000,0.0260000000,2.10970190000,"Transit",2020
"TOI-697 b",2.35859364,0.21041999,,,8.60788713593,"Transit",2026
"HD 28185 b",,,1859.29618095,1.0340000000,385.92000000000,"Radial Velocity",2001
"Kepler-123 c",1.48000000,0.13200000,,0.1810000000,26.69507400000,"Transit",2014
"TOI-2768 b",2.63000000,0.23463329,,0.0270000000,1.50801000000,"Transit",2024
"HIP 97166 b",2.48013380,0.22126310,19.10000000,0.0910000000,10.28891400000,"Transit",2021
"WASP-171 b",10.98482000,0.98000000,344.52772000,0.0504000000,3.81862440000,"Transit",2019
"Kepler-1254 b",1.55000000,0.13828174,,,9.99113313000,"Transit",2016
"HD 211403 b",,,1760.76937478,0.7680000000,223.80000000000,"Radial Velocity",2021
"K2-39 b",6.27704000,0.56000000,28.60470000,,4.60543000000,"Transit",2016
"HD 156668 c",,,31.49679513,1.5700000000,811.30000000000,"Radial Velocity",2021
"Kepler-396 c",5.30000000,0.47300000,17.90000000,,88.50500000000,"Transit",2013
"Kepler-483 b",3.21000000,0.28637702,,,30.22910400000,"Transit",2016
"OGLE-2018-BLG-1011L b",,,570.00000000,1.8000000000,,"Microlensing",2019
"Kepler-1459 b",1.36000000,0.12133107,,,62.86916110000,"Transit",2016
"TOI-6420 b",11.93756445,1.06500000,2606.19293740,0.0753000000,6.96150800000,"Transit",2025
"Kepler-1067 b",0.80000000,0.07137122,,,0.76212926100,"Transit",2016
"SR 12 AB c",,,4131.62000000,,,"Imaging",2010
"NGTS-16 b",14.57167491,1.30000000,211.99154747,0.0523000000,4.84532000000,"Transit",2021
"WASP-32 b",10.76064000,0.96000000,835.89290000,,2.71866000000,"Transit",2010
"WASP-110 b",13.19297028,1.17700000,154.78243421,,3.77840220000,"Transit",2021
"Kepler-346 c",3.07000000,0.27400000,,0.1680000000,23.85154900000,"Transit",2014
"K2-324 b",2.43000000,0.21679008,,0.0331000000,3.26200000000,"Transit",2020
"Kepler-1431 b",1.47000000,0.13114462,,,5.86601526000,"Transit",2016
"TOI-4145 A b",13.30506009,1.18700000,136.66621501,0.0482300000,4.06644280000,"Transit",2023
"TOI-2719 b",5.98000000,0.53350078,,,3.37594000000,"Transit",2025
"HD 202696 c",,,592.43512000,2.3420000000,946.60000000000,"Radial Velocity",2019
"KMT-2016-BLG-1397L b",,,2200.00000000,5.1000000000,,"Microlensing",2018
"HD 10180 c",,,13.22172800,0.0641200000,5.75969000000,"Radial Velocity",2010
"HD 1397 b",11.50043400,1.02600000,131.89945000,0.1097000000,11.53533000000,"Transit",2018
"K2-64 b",2.07000000,0.18467303,,0.0619000000,6.53044000000,"Transit",2016
"Kepler-541 b",3.36000000,0.29975912,,,5.08005848000,"Transit",2016
"HD 50499 c",,,931.24190000,9.0200000000,8619.90000000000,"Radial Velocity",2019
"SWEEPS-4 b",9.07900000,0.81000000,1207.70000000,0.0550000000,4.20000000000,"Transit",2006
"TOI-1680 b",1.46600000,0.13078799,,0.0314400000,4.80263450000,"Transit",2023
"K2-165 b",1.27443657,0.11369762,,,2.35499200000,"Transit",2018
"Kepler-340 b",2.53000000,0.22600000,,0.1340000000,14.84438700000,"Transit",2014
"K2-219 b",1.34762583,0.12022712,,,3.90128700000,"Transit",2018
"HD 208527 b",,,3146.40000000,2.1000000000,875.50000000000,"Radial Velocity",2012
"Kepler-1274 b",1.42000000,0.12668391,,,6.98152703000,"Transit",2016
"Kepler-1828 b",2.11598626,0.18877597,,,10.27379990000,"Transit",2021
"11 UMi b",,,4684.81420000,1.5300000000,516.21997000000,"Radial Velocity",2009
"TOI-6695 b",9.52763359,0.85000000,66.74396547,0.4020000000,80.38900000000,"Transit",2025
"Kepler-1261 b",2.26000000,0.20162370,,,48.43089910000,"Transit",2016
"HD 106906 b",,,3496.00000000,650.0000000000,,"Imaging",2013
"TOI-904 b",2.42600000,0.21643360,,0.0560000000,10.87720000000,"Transit",2023
"Kepler-1069 b",1.60000000,0.14274244,,,23.89902960000,"Transit",2016
"Kepler-315 b",3.77000000,0.33600000,,0.4020000000,96.10114100000,"Transit",2014
"HD 108202 b",,,953.48522100,3.7000000000,2990.00000000000,"Radial Velocity",2023
"Kepler-197 b",1.02000000,0.09100000,,0.0600000000,5.59930800000,"Transit",2014
"TIC 290487717 b",6.63777941,0.59218403,,,3.40081822900,"Transit",2026
"BD-08 2823 b",,,12.71320000,0.0600000000,5.60000000000,"Radial Velocity",2009
"GJ 3293 e",,,3.28000000,0.0820800000,13.25430000000,"Radial Velocity",2017
"GJ 411 b",,,2.69000000,0.0787900000,12.93940000000,"Radial Velocity",2019
"NGTS-20 b",11.99360935,1.07000000,947.12865286,0.3130000000,54.18915000000,"Transit",2022
"RR Cae b",,,1334.88600000,5.3000000000,4343.50000000000,"Eclipse Timing Variations",2012
"Kepler-111 b",1.58000000,0.14100000,,0.0460000000,3.34181500000,"Transit",2014
"HD 231701 b",,,359.14790000,0.5670000000,141.63000000000,"Radial Velocity",2007
"WASP-57 b",11.76945000,1.05000000,204.68252000,0.0376900000,2.83891856000,"Transit",2012
"TOI-1260 c",2.76000000,0.24623113,13.20000000,0.0657000000,7.49313400000,"Transit",2021
"CoRoT-3 b",11.32000000,1.01000000,6883.91000000,,4.25680000000,"Transit",2008
"Kepler-1355 b",1.46000000,0.13025248,,,1.28958811200,"Transit",2016
"Kepler-256 d",2.48000000,0.22100000,,0.0640000000,5.83917200000,"Transit",2014
"Kepler-304 e",1.20000000,0.10705683,,,1.49914695300,"Transit",2016
"8 UMi b",,,524.41687155,0.4620000000,93.31000000000,"Radial Velocity",2015
"HD 93385 d",,,8.70000000,0.2565000000,45.85000000000,"Radial Velocity",2021
"MOA-2020-BLG-135L b",,,11.30000000,1.1100000000,,"Microlensing",2022
"Kepler-994 b",1.60000000,0.14274244,,,1.15116650600,"Transit",2016
"Kepler-1925 b",3.00177922,0.26780127,,,46.71640015000,"Transit",2021
"Kepler-508 b",1.64000000,0.14631100,,,25.30889748000,"Transit",2016
"Kepler-331 d",1.64000000,0.14600000,,0.1590000000,32.13432800000,"Transit",2014
"Kepler-301 d",1.75000000,0.15600000,,0.1120000000,13.75124300000,"Transit",2014
"HD 89307 b",,,670.62130000,3.2700000000,2166.00000000000,"Radial Velocity",2009
"HD 38529 b",,,206.58846455,0.1150000000,14.30990000000,"Radial Velocity",2000
"Gl 410 b",,,8.40000000,0.0531000000,6.02000000000,"Radial Velocity",2025
"Kepler-1782 b",2.22927435,0.19888288,,,5.75622987700,"Transit",2021
"Kepler-1280 b",1.87000000,0.16683023,,,66.55790570000,"Transit",2016
"HD 215152 d",,,2.80100000,0.0879900000,10.86499000000,"Radial Velocity",2018
"TOI-2364 b",8.60849718,0.76800000,71.51139158,0.0487100000,4.01975170000,"Transit",2023
"Kepler-336 c",2.10000000,0.18700000,,0.0920000000,9.60000100000,"Transit",2014
"Kepler-1493 b",1.41000000,0.12579177,,,15.02179830000,"Transit",2016
"Kepler-1185 b",1.33000000,0.11865465,,,104.35189760000,"Transit",2016
"MOA-2022-BLG-033L b",,,12.15000000,2.1500000000,,"Microlensing",2025
"HAT-P-23 b",15.33400000,1.36800000,664.23700000,0.0232000000,1.21288400000,"Transit",2010
"TOI-1232 b",10.92875618,0.97500000,220.57291446,0.1170000000,14.25600000000,"Transit",2026
"TOI-1693 b",1.41000000,0.12579199,,0.0226000000,1.76669570000,"Transit",2022
"TOI-1716.01",3.14300000,0.28040016,,0.0804960000,8.08237655400,"Transit",2024
"Kepler-356 c",1.81000000,0.16100000,,0.1150000000,13.12163200000,"Transit",2014
"HD 23472 c",1.87000000,0.16683051,3.41000000,0.1646000000,29.79749000000,"Transit",2019
"TOI-1246 c",2.45109846,0.21867273,9.10000000,0.0610000000,5.90413700000,"Transit",2022
"TOI-2497 b",11.14172682,0.99400000,1531.93292174,0.1166000000,10.65566900000,"Transit",2023
"Kepler-173 b",1.29000000,0.11500000,,0.0480000000,4.26374200000,"Transit",2014
"K2-177 b",2.11620480,0.18879515,,,14.15518500000,"Transit",2018
"Kepler-593 b",2.87000000,0.25604425,,,21.21708973000,"Transit",2016
"Kepler-1418 b",1.66000000,0.14809528,,,22.47644250000,"Transit",2016
"Kepler-592 b",2.39000000,0.21322152,,,2.82019240800,"Transit",2016
"KMT-2021-BLG-2478L b",,,286.04556630,1.8500000000,,"Microlensing",2023
"Kepler-261 b",2.18000000,0.19400000,,0.0880000000,10.38122700000,"Transit",2014
"Kepler-534 c",1.22700000,0.10946580,,,7.37868976600,"Transit",2021
"TOI-2337 b",10.08808263,0.90000000,508.52545120,,2.99432000000,"Transit",2022
"HD 109271 c",,,24.15400000,0.1960000000,30.93000000000,"Radial Velocity",2013
"TOI-1333 b",15.64776400,1.39600000,753.25710000,0.0626000000,4.72021900000,"Transit",2021
"TOI-1438 c",2.75000000,0.24533899,10.60000000,0.0830000000,9.42808900000,"Transit",2025
"CoRoT-20 b",,,1366.66900000,0.0900000000,9.24285000000,"Transit",2011
"Kepler-1834 c",1.22000000,0.10884130,,0.0150000000,0.76669151700,"Transit",2023
"TrES-1 b",12.66617000,1.13000000,266.97720000,,3.03007000000,"Transit",2004
"GJ 3293 c",,,21.09000000,0.3617500000,122.61960000000,"Radial Velocity",2015
"HD 47186 b",,,22.24810000,0.0500000000,4.08450000000,"Radial Velocity",2008
"Kepler-1800 b",0.99679734,0.08892846,,,4.56202983900,"Transit",2021
"HD 4732 b",,,631.20721630,1.1290000000,371.74000000000,"Radial Velocity",2012
"Kepler-215 b",1.62000000,0.14500000,,0.0840000000,9.36067200000,"Transit",2014
"TOI-4342 b",2.32900000,0.20777982,7.30000000,0.0519000000,5.53825920000,"Transit",2023
"Kepler-193 c",2.75000000,0.24500000,,0.2860000000,50.69749400000,"Transit",2014
"XO-4 b",14.01125000,1.25000000,451.31860000,,4.12508000000,"Transit",2010
"Kepler-184 d",2.49000000,0.22200000,,0.1790000000,29.02235800000,"Transit",2014
"TOI-559 b",12.22899794,1.09100000,1910.14872607,0.0723000000,6.98390950000,"Transit",2021
"Kepler-130 d",1.64000000,0.14600000,,0.3770000000,87.51790500000,"Transit",2014
"Kepler-39 b",13.90000000,1.24000000,6388.10000000,0.1640000000,21.08721000000,"Transit",2011
"Kepler-119 c",0.92000000,0.08200000,,0.0490000000,4.12510300000,"Transit",2014
"Wolf 503 b",2.04300000,0.18226457,6.26000000,0.0570600000,6.00127000000,"Transit",2018
"HAT-P-61 b",10.07687365,0.89900000,335.94462620,0.0301000000,1.90231289000,"Transit",2021
"K2-225 b",3.60929179,0.32200000,,0.1409000000,15.87230000000,"Transit",2018
"HD 222237 b",,,1649.52943233,10.8000000000,14892.00000000000,"Radial Velocity",2024
"Kepler-1238 b",1.93000000,0.17218307,,,4.14787559000,"Transit",2016
"Kepler-648 b",3.22000000,0.28726916,,,17.42117490000,"Transit",2016
"Kepler-91 b",15.32270300,1.36700000,257.44230000,0.0731000000,6.24658000000,"Transit",2013
"Kepler-1376 b",1.05000000,0.09367473,,,5.30880656000,"Transit",2016
"Kepler-1877 b",0.62408600,0.05567732,,,2.37756991400,"Transit",2021
"Kepler-259 c",2.70000000,0.24100000,,0.2170000000,36.92493100000,"Transit",2014
"51 Peg b",,,193.87532827,0.0520000000,4.23079660000,"Radial Velocity",1995
"HD 16905 b",,,3591.46099910,8.8000000000,10256.00000000000,"Radial Velocity",2022
"TOI-2427 b",1.80000000,0.16058552,,0.0202000000,1.30600110000,"Transit",2022
"Kepler-1181 b",1.57000000,0.14006602,,,4.89337519000,"Transit",2016
"Kepler-1617 b",1.20000000,0.10705683,,,27.47855720000,"Transit",2016
"Kepler-893 b",3.03000000,0.27031849,,,6.33855761000,"Transit",2016
"TOI-1431 b",16.70138124,1.49000000,991.62462984,0.0460000000,2.65023700000,"Transit",2021
"Kepler-142 d",2.16000000,0.19300000,,0.2420000000,41.80911800000,"Transit",2014
"Kepler-462 b",3.00000000,0.26764207,53.90000000,,84.68660000000,"Transit",2016
"OGLE-2018-BLG-1011L c",,,890.00000000,0.8000000000,,"Microlensing",2019
"WASP-169 b",14.61653600,1.30400000,178.30263000,0.0681000000,5.61141180000,"Transit",2019
"Kepler-1788 b",2.37850461,0.21219633,,,2.80012011500,"Transit",2021
"WD 0806-661 b",12.10569916,1.08000000,2224.79884900,,,"Imaging",2011
"HD 121504 b",,,479.92330000,0.3300000000,63.33000000000,"Radial Velocity",2003
"gam Lib c",,,1662.56039702,2.3180000000,966.49000000000,"Radial Velocity",2018
"Kepler-307 b",2.43000000,0.21679008,7.44000000,,10.42080000000,"Transit",2013
"Kepler-84 d",1.38000000,0.12300000,,0.0520000000,4.22453700000,"Transit",2014
"TOI-5261 b",11.60129502,1.03500000,3651.84839643,0.0513400000,4.15097680000,"Transit",2025
"Kepler-327 b",1.11000000,0.09900000,,0.0290000000,2.54957500000,"Transit",2014
"Kepler-1806 b",2.35560189,0.21015309,,,9.03332042700,"Transit",2021
"Kepler-80 c",2.74000000,0.24444643,6.74000000,0.0792000000,9.52355000000,"Transit",2012
"WASP-50 b",13.06969400,1.16600000,466.82870400,0.0293000000,1.95510000000,"Transit",2011
"HD 215497 c",,,111.23994245,1.3100000000,566.00000000000,"Radial Velocity",2009
"Kepler-1167 b",1.71000000,0.15255598,,,1.00393373900,"Transit",2016
"TOI-3896 b",3.14949237,0.28097937,,,4.37730369667,"Transit",2026
"Kepler-48 e",,,657.00000000,,982.00000000000,"Radial Velocity",2014
"HATS-32 b",14.00004100,1.24900000,292.40360000,0.0402400000,2.81265480000,"Transit",2016
"Kepler-276 d",2.80000000,0.25000000,16.30000000,,48.64800000000,"Transit",2013
"Kepler-245 b",2.57000000,0.22900000,,0.0710000000,7.49019000000,"Transit",2014
"CD-35 2722 B b",,,292.40213444,0.2000000000,171.11000000000,"Radial Velocity",2026
"KIC 5437945 b",6.40000000,0.57096976,,,440.78130000000,"Transit",2015
"Kepler-1870 b",2.10143764,0.18747803,,,3.60694003100,"Transit",2021
"Kepler-312 b",1.29000000,0.11500000,,0.0310000000,1.77241900000,"Transit",2014
"TOI-2194 b",1.98920000,0.17746484,,,15.33759700000,"Transit",2023
"Kepler-60 b",1.71000000,0.15255598,4.19000000,,7.13340000000,"Transit",2012
"Kepler-856 b",9.30000000,0.82969043,,,8.02768059500,"Transit",2016
"Kepler-1202 b",2.94000000,0.26228923,,,28.68513240000,"Transit",2016
"CoRoT-14 b",12.22000000,1.09000000,2415.40000000,0.0270000000,1.51214000000,"Transit",2010
"TYC 1422-614-1 b",,,794.50000000,0.6900000000,198.40000000000,"Radial Velocity",2014
"Kepler-1519 b",7.06000000,0.62985101,,,240.79893970000,"Transit",2016
"TOI-2169 A b",12.50922246,1.11600000,329.58805806,0.0896000000,8.21482820000,"Transit",2025
"Kepler-1154 b",2.34000000,0.20876082,,,5.18561420000,"Transit",2016
"HD 233832 b",,,565.73740000,2.8270000000,2058.00000000000,"Radial Velocity",2018
"OGLE-2018-BLG-1367L b",,,301.93698665,,,"Microlensing",2022
"HR 8799 c",13.00000000,1.20000000,3000.00000000,38.0000000000,69000.00000000000,"Imaging",2008
"K2-3 d",1.45800000,0.13007427,2.20000000,0.2014000000,44.55603000000,"Transit",2015
"Kepler-1997 b",2.28000000,0.20340833,,0.1815000000,26.75758660000,"Transit",2023
"Kepler-1903 b",2.28642395,0.20398143,,,17.06789970000,"Transit",2021
"Kepler-205 c",1.64000000,0.14600000,,0.1220000000,20.30654600000,"Transit",2014
"Kepler-1969 b",1.68161001,0.15002345,,,6.64752006500,"Transit",2021
"K2-217 b",3.57854073,0.31925602,,,14.07452400000,"Transit",2018
"HD 108863 b",,,767.24162000,1.3200000000,437.70000000000,"Radial Velocity",2011
"HD 185269 b",,,321.00830000,0.0770000000,6.83776000000,"Radial Velocity",2006
"Kepler-365 c",1.64000000,0.14600000,,0.1370000000,17.78412900000,"Transit",2014
"HD 222582 b",,,2660.23710000,1.3400000000,572.38000000000,"Radial Velocity",1999
"HD 56957 b",,,1880.90851263,6.4260000000,5859.08992000000,"Radial Velocity",2022
"Kepler-1745 b",1.92872921,0.17206999,,,3.01619005200,"Transit",2021
"K2-25 b",3.44000000,0.30600000,24.50000000,0.0287000000,3.48456408000,"Transit",2015
"K2-188 c",2.83000000,0.25247569,,0.0785000000,7.81025300000,"Transit",2018
"Kepler-889 b",1.09000000,0.09724329,,,3.74443900000,"Transit",2016
"K2-383 b",1.56400000,0.13953097,,,1.86596200000,"Transit",2022
"TOI-406 c",1.32000000,0.11776272,2.08000000,0.0322000000,3.30744100000,"Transit",2024
"Kepler-1713 b",1.71673535,0.15315713,,,18.01160049000,"Transit",2021
"Kepler-524 b",1.91000000,0.17039879,,,7.97419807000,"Transit",2016
"Kepler-1321 c",2.40000000,0.21411366,,,2.22649108600,"Transit",2016
"TOI-6692 b",11.67975789,1.04200000,197.05361234,0.5120000000,131.12500000000,"Transit",2026
"Kepler-1203 b",1.06000000,0.09456687,,,0.58800076500,"Transit",2016
"OGLE-2018-BLG-0298L b",,,44.49597698,2.8600000000,,"Microlensing",2022
"HATS-35 b",16.40997600,1.46400000,388.38826000,0.0319900000,1.82099930000,"Transit",2016
"HD 19615 b",,,2701.54145950,1.1000000000,402.00000000000,"Radial Velocity",2022
"Kepler-318 b",4.71000000,0.42000000,,0.0560000000,4.66271500000,"Transit",2014
"K2-308 b",9.91600000,0.88400000,,,3.38628000000,"Transit",2019
"Kepler-145 c",4.32000000,0.38500000,79.40000000,,42.88200000000,"Transit",2013
"K2-189 c",2.31000000,0.20608475,,,6.67932000000,"Transit",2018
"HD 169142 b",,,953.48522100,37.2000000000,,"Imaging",2023
"MOA-2007-BLG-400L b",,,540.30829190,5.9000000000,,"Microlensing",2008
"Kepler-326 b",1.52000000,0.13600000,,0.0320000000,2.24832900000,"Transit",2014
"Kepler-932 b",1.37000000,0.12222321,,,1.92143739600,"Transit",2016
"b Cen AB b",,,3464.32963630,556.0000000000,1790000.00000000000,"Imaging",2021
"GJ 3138 d",,,10.50000000,0.6980000000,257.80000000000,"Radial Velocity",2017
"HD 145934 b",,,658.54045930,4.8900000000,2751.53433000000,"Radial Velocity",2015
"Kepler-917 b",1.91000000,0.17039879,,,2.97041437500,"Transit",2016
"TOI-1347 c",1.60000000,0.14274268,6.40000000,,4.84196200000,"Transit",2024
"K2-329 b",8.67576600,0.77400000,82.63580000,0.1016000000,12.45512250000,"Transit",2020
"Kepler-311 d",2.05000000,0.18288907,,0.7326000000,232.04032600000,"Transit",2023
"TIC 65612701 b",5.07802804,0.45303210,,,10.22467974953,"Transit",2026
"HD 125612 b",,,945.22168242,1.3490000000,557.69994000000,"Radial Velocity",2007
"Kepler-436 b",2.73000000,0.24000000,,0.3390000000,64.00205000000,"Transit",2015
"GJ 414 A c",8.40000000,0.74939781,53.83000000,1.4000000000,749.83000000000,"Radial Velocity",2021
"OGLE-2018-BLG-0932L b",,,282.86728223,1.7500000000,,"Microlensing",2022
"ZTF J1828+2308 b",11.13051784,0.99300000,6356.56814000,,0.11200670000,"Transit",2025
"Kepler-1052 c",2.30000000,0.20519261,,0.6135000000,180.92172900000,"Transit",2023
"HD 105779 b",,,203.41018048,3.3800000000,2412.00000000000,"Radial Velocity",2022
"Kepler-1143 c",3.60000000,0.32117049,,,210.63059100000,"Transit",2016
"Kepler-1567 b",2.73000000,0.24355429,,,153.97957800000,"Transit",2016
"Kepler-399 c",1.43000000,0.12800000,,0.1550000000,26.67569000000,"Transit",2014
"K2-168 b",1.86000000,0.16593809,,,15.85230000000,"Transit",2018
"Kepler-95 b",3.42000000,0.30500000,13.00000000,,11.52310000000,"Transit",2014
"Kepler-453 b",6.20400000,0.55348381,16.00000000,0.7903000000,240.50300000000,"Transit",2015
"HD 20003 c",,,14.44000000,0.1964000000,33.92390000000,"Radial Velocity",2019
"HD 122562 c",,,73.10053361,0.4060000000,84.96276000000,"Radial Velocity",2022
"Kepler-513 b",2.20000000,0.19627085,,,28.86235584000,"Transit",2016
"K2-259 b",2.32000000,0.20697654,,0.1271000000,15.48043000000,"Transit",2018
"HD 6860 b",,,8981.83078182,2.0300000000,663.87000000000,"Radial Velocity",2023
"Kepler-874 b",3.94000000,0.35150326,,,40.06867270000,"Transit",2016
"Kepler-864 c",1.62000000,0.14452697,,0.0382000000,2.42150341000,"Transit",2023
"TIC 147027702 b",10.92875618,0.97500000,346.43296363,0.2740000000,44.40523000000,"Transit",2026
"HD 191939 g",,,13.50000000,0.8120000000,284.00000000000,"Radial Velocity",2022
"GJ 15 A b",,,3.03000000,0.0720000000,11.44070000000,"Radial Velocity",2014
"K2-58 b",2.68000000,0.23909359,,0.0692000000,7.05254000000,"Transit",2016
"OGLE-2015-BLG-1670L b",,,17.90000000,2.6200000000,,"Microlensing",2019
"TOI-4994 b",8.54124329,0.76200000,88.99195396,0.1515000000,21.49198400000,"Transit",2024
"Kepler-552 b",3.95000000,0.35239540,,,5.26341576500,"Transit",2016
"HD 87816 b",,,2142.16346318,1.6180000000,484.17000000000,"Radial Velocity",2025
"KMT-2017-BLG-2197L b",,,2809.60311788,15.9100000000,,"Microlensing",2025
"Wolf 1061 b",,,1.91000000,0.0375000000,4.88690000000,"Radial Velocity",2015
"TOI-3877 b",11.67975789,1.04200000,99.79811980,0.0529000000,4.12359600000,"Transit",2025
"HATS-38 b",6.88232600,0.61400000,23.51942000,0.0503600000,4.37502100000,"Transit",2020
"Kepler-1670 b",3.35648010,0.29944510,,,20.49980000000,"Transit",2020
"K2-37 c",2.41000000,0.21500617,,,6.42966000000,"Transit",2016
"Kepler-1529 b",2.10000000,0.18734945,,,5.33905686000,"Transit",2016
"Kepler-87 c",6.14000000,0.54800000,6.40000000,0.6760000000,191.23180000000,"Transit",2013
"HD 147873 b",,,1633.64620000,0.5220000000,116.59600000000,"Radial Velocity",2016
"PSR J2322-2650 b",,,252.64306700,0.0102000000,0.32296399700,"Pulsar Timing",2017
"24 Boo b",,,280.64248338,0.1940000000,30.33000000000,"Radial Velocity",2018
"K2-208 b",1.67462172,0.14940000,,0.0487800000,4.19097000000,"Transit",2018
"K2-352 c",1.92000000,0.17129122,,,8.23488500000,"Transit",2021
"K2-396 b",1.57900000,0.14086919,,,0.67386200000,"Transit",2022
"Kepler-1150 b",1.02000000,0.09099830,,,2.78786838600,"Transit",2016
"Kepler-239 c",2.51000000,0.22400000,,0.2680000000,56.22809800000,"Transit",2014
"Kepler-287 c",3.26000000,0.29100000,,0.2460000000,44.85189600000,"Transit",2014
"HD 73344 d",,,810.46243785,6.7000000000,5823.00000000000,"Radial Velocity",2025
"TOI-1298 b",9.65807033,0.86163681,99.00000000,0.0570000000,4.53714300000,"Transit",2021
"Kepler-988 b",2.07000000,0.18467303,,,17.76080053000,"Transit",2016
"K2-401 b",2.26200000,0.20180247,,,6.29309900000,"Transit",2022
"Kepler-266 c",3.89000000,0.34700000,,0.4570000000,107.72360100000,"Transit",2014
"HD 158259 e",,,6.08000000,,7.95100000000,"Radial Velocity",2020
"Kepler-1028 b",1.33000000,0.11865465,,,2.51462432000,"Transit",2016
"GJ 676 A c",,,4288.14086724,9.7260000000,13921.42302000000,"Radial Velocity",2016
"Kepler-1391 b",1.68000000,0.14987956,,,54.40923330000,"Transit",2016
"Kepler-1546 b",3.13000000,0.27923990,,,19.59749710000,"Transit",2016
"Kepler-209 b",2.26000000,0.20200000,,0.1220000000,16.08784500000,"Transit",2014
"HD 224018 d",2.40000000,0.21411403,4.20000000,0.5300000000,138.07310000000,"Transit",2025
"Kepler-169 d",1.25000000,0.11200000,,0.0750000000,8.34812500000,"Transit",2014
"HD 148427 b",,,381.39408840,1.1100000000,331.90000000000,"Radial Velocity",2009
"HD 155918 c",,,1878.04805696,13.1830000000,17202.19446000000,"Radial Velocity",2022
"Kepler-1066 b",2.36000000,0.21054510,,,1.93155983900,"Transit",2016
"Kepler-1757 b",2.94660251,0.26287872,,,19.65640068000,"Transit",2021
"Kepler-737 b",1.96000000,0.17485949,,,28.59915399000,"Transit",2016
"K2-347 b",2.41000000,0.21500617,,,7.18725700000,"Transit",2021
"K2-408 b",1.67700000,0.14961218,,,20.97895900000,"Transit",2022
"Kepler-172 b",2.35000000,0.21000000,,0.0400000000,2.94030900000,"Transit",2014
"Kepler-235 b",2.23000000,0.19900000,,0.0370000000,3.34022200000,"Transit",2014
"Kepler-995 b",2.70000000,0.24087787,,,28.26731672000,"Transit",2016
"Kepler-142 b",1.99000000,0.17800000,,0.0320000000,2.02415200000,"Transit",2014
"Kepler-54 c",1.23000000,0.11000000,,,12.07172490000,"Transit",2012
"Kepler-389 b",1.51000000,0.13500000,,0.0410000000,3.24410700000,"Transit",2014
"Kepler-1557 b",1.53000000,0.13649746,,,3.74032496000,"Transit",2016
"TIC 38825265 b",2.18869476,0.19526260,,,3.31336980985,"Transit",2026
"KMT-2023-BLG-0548L b",,,1086.97315194,6.8500000000,,"Microlensing",2025
"MOA-2010-BLG-328L b",,,9.20000000,0.9200000000,,"Microlensing",2013
"Kepler-1686 b",1.42553017,0.12717728,,,9.30987000000,"Transit",2020
"K2-226 b",1.53899305,0.13730000,,0.0409500000,3.27109000000,"Transit",2018
"KMT-2021-BLG-1253L b",,,19.05000000,1.5200000000,,"Microlensing",2022
"Kepler-1614 b",1.49000000,0.13292890,,,3.94661410000,"Transit",2016
"Kepler-306 e",2.27000000,0.20300000,,0.2270000000,44.84097500000,"Transit",2014
"HD 217786 c",,,7.31005336,0.0380000000,2.52221000000,"Radial Velocity",2022
"TOI-3819 b",13.13692538,1.17200000,352.78953177,0.0461100000,3.24431410000,"Transit",2023
"Kepler-364 b",1.55000000,0.13800000,,0.1780000000,25.74571800000,"Transit",2014
"Kepler-265 e",2.59000000,0.23100000,,0.3190000000,67.83102400000,"Transit",2014
"Kepler-645 b",2.10000000,0.18734945,,,3.27582262100,"Transit",2016
"Kepler-69 b",2.24000000,0.20000000,,0.0940000000,13.72234100000,"Transit",2013
"HD 167768 b",,,270.15414595,0.1512000000,20.65320000000,"Radial Velocity",2022
"YZ Cet b",,,0.70000000,0.0163400000,2.02087000000,"Radial Velocity",2017
"Kepler-280 b",1.45000000,0.12900000,,0.0320000000,2.13954200000,"Transit",2014
"KOI-351 g",,,15.00000000,,210.73514000000,"Transit",2013
"Kepler-1577 b",1.13000000,0.10081185,,,6.30560247000,"Transit",2016
"Kepler-20 f",0.95200000,0.08493190,1.40000000,0.1387000000,19.57832800000,"Transit",2011
"HAT-P-27 b",11.43000000,1.02000000,197.05000000,0.0400000000,3.03957700000,"Transit",2011
"HD 156668 b",,,4.15000000,0.0500000000,4.64550000000,"Radial Velocity",2010
"K2-19 b",7.00000000,0.62449925,30.80000000,,7.91930000000,"Transit",2015
"Kepler-764 b",1.64000000,0.14631100,,,7.33683936000,"Transit",2016
"HD 10180 e",,,25.58531500,0.2699000000,49.74800000000,"Radial Velocity",2010
"Kepler-1785 b",2.70422447,0.24125516,,,19.58550072000,"Transit",2021
"Kepler-1405 b",3.96000000,0.35328754,,,28.22741840000,"Transit",2016
"Kepler-255 d",1.32000000,0.11776251,,,1.04562265800,"Transit",2016
"USco CTIO 108 b",,,4449.62000000,670.0000000000,,"Imaging",2008
"Kepler-1445 b",0.96000000,0.08564546,,,10.60052251000,"Transit",2016
"TOI-6478 b",4.60000000,0.41100000,,0.1136000000,34.00501900000,"Transit",2025
"WASP-163 b",13.47321800,1.20200000,594.34210000,0.0266000000,1.60968840000,"Transit",2018
"TOI-2158 b",10.76062147,0.96000000,260.61929374,0.0750000000,8.60077000000,"Transit",2022
"TOI-5153 b",11.88151954,1.06000000,1036.12060682,0.1580000000,20.33003000000,"Transit",2022
"HATS-41 b",14.90797000,1.33000000,3082.95100000,0.0583000000,4.19364900000,"Transit",2018
"WASP-176 b",16.86954500,1.50500000,271.74465000,0.0535000000,3.89905200000,"Transit",2020
"HAT-P-25 b",12.72221500,1.13500000,180.84527000,0.0466000000,3.65281514000,"Transit",2012
"TOI-4443.01",1.71932650,0.15322184,,0.0299626450,1.84985670000,"Transit",2024
"TOI-1836 c",2.59987579,0.23194578,8.00000000,0.0308900000,1.77274710000,"Transit",2024
"Kepler-1281 b",1.64000000,0.14631100,,,3.11602791000,"Transit",2016
"GJ 328 c",,,21.40000000,0.6570000000,241.80000000000,"Radial Velocity",2023
"Kepler-170 b",3.20000000,0.28500000,,0.0800000000,7.93059200000,"Transit",2014
"Kepler-902 b",2.54000000,0.22660362,,,40.10995470000,"Transit",2016
"K2-181 b",2.69000000,0.23998614,,,6.89410000000,"Transit",2018
"Kepler-162 c",3.03000000,0.27000000,,0.1370000000,19.44635500000,"Transit",2014
"Kepler-1194 b",1.51000000,0.13471318,,,16.22371307000,"Transit",2016
"Kepler-57 c",2.19600000,0.19591434,6.86000000,,11.60000000000,"Transit",2012
"Kepler-1887 b",2.92454357,0.26091075,,,19.94750023000,"Transit",2021
"TOI-6041 b",4.55000000,0.40592451,28.90000000,0.1651000000,26.04945000000,"Transit",2025
"K2-129 b",1.04000000,0.09278259,,0.0570000000,8.23949300000,"Transit",2017
"Kepler-903 c",2.53000000,0.22571148,,,62.92285570000,"Transit",2016
"HD 103891 b",,,457.67290608,3.2700000000,1919.00000000000,"Radial Velocity",2022
"HD 216520 c",,,9.44000000,0.5280000000,154.43000000000,"Radial Velocity",2020
"HD 34445 g",,,120.60000000,6.3600000000,5700.00000000000,"Radial Velocity",2017
"Kepler-1237 b",2.86000000,0.25515211,,,84.57332260000,"Transit",2016
"WTS-1 b",16.70000000,1.49000000,1274.44000000,0.0470000000,3.35205700000,"Transit",2012
"gam1 Leo b",,,2790.43000000,1.1900000000,428.50000000000,"Radial Velocity",2009
"TIC 88785435 b",5.03000000,0.44874732,,0.0843200000,10.50884300000,"Transit",2025
"HIP 8152 c",2.52442508,0.22521451,10.70000000,0.1390000000,19.60562000000,"Transit",2023
"Kepler-406 c",0.85000000,0.07600000,2.71000000,,4.62332000000,"Transit",2014
"HD 109271 b",,,17.16200000,0.0790000000,7.85430000000,"Radial Velocity",2013
"Kepler-1434 b",1.11000000,0.09902757,,,8.05333618000,"Transit",2016
"Kepler-80 d",1.53000000,0.13649746,6.75000000,0.0372000000,3.07222000000,"Transit",2014
"Kepler-1199 b",1.15000000,0.10259613,,,15.04471980000,"Transit",2016
"Kepler-625 c",1.05000000,0.09367473,,,4.16536510000,"Transit",2016
"TOI-2373 b",10.42435205,0.93000000,2955.80418510,0.1120000000,13.33668000000,"Transit",2023
"GJ 1061 c",,,1.81000000,0.0342000000,6.68210000000,"Radial Velocity",2020
"Kepler-448 c",,,6992.26000000,4.2000000000,2500.00000000000,"Transit Timing Variations",2017
"Kepler-968 b",2.00000000,0.17842805,,,3.69298372800,"Transit",2016
"TOI-4311 c",2.47000000,0.22035902,13.58000000,0.1116000000,15.07042500000,"Transit",2026
"Kepler-610 c",3.30000000,0.29440628,,,151.86392000000,"Transit",2016
"HD 47186 c",,,111.42000000,2.3950000000,1353.60000000000,"Radial Velocity",2008
"HD 144899 b",,,20.34101805,0.2420000000,40.43914000000,"Radial Velocity",2022
"WASP-42 b",12.57649800,1.12200000,167.49641000,0.0561000000,4.98168190000,"Transit",2012
"Kepler-1383 b",1.41000000,0.12579177,,,13.90935830000,"Transit",2016
"Kepler-1449 b",1.68000000,0.14987956,,,13.22745280000,"Transit",2016
"Kepler-1698 b",1.07315686,0.09574064,,,1.21070000000,"Transit",2020
"Kepler-49 b",2.57900000,0.23008337,9.77000000,,7.20000000000,"Transit",2012
"TOI-2803 A b",18.11371281,1.61600000,309.88269682,0.0318500000,1.96229325000,"Transit",2023
"TOI-1288 b",4.96846551,0.44325757,44.10000000,0.0374000000,2.69982790000,"Transit",2022
"K2-247 b",2.12000000,0.18913373,,0.0304000000,2.25021000000,"Transit",2018
"HD 107148 c",,,19.89605828,0.1407000000,18.32670000000,"Radial Velocity",2021
"Kepler-791 b",3.05000000,0.27210277,,,14.55397590000,"Transit",2016
"Kepler-150 b",1.25000000,0.11200000,,0.0440000000,3.42805400000,"Transit",2014
"HD 48948 c",,,7.27000000,0.1951000000,38.06000000000,"Radial Velocity",2024
"Kepler-180 c",3.01000000,0.26900000,,0.2290000000,41.88577500000,"Transit",2014
"Kepler-754 b",2.01000000,0.17932019,,,14.55962370000,"Transit",2016
"HAT-P-62 b",12.02723629,1.07300000,241.86741773,0.0377200000,2.64532350000,"Transit",2021
"NGTS-5 b",12.73342400,1.13600000,72.78307000,0.0382000000,3.35698660000,"Transit",2019
"Kepler-62 e",1.61000000,0.14400000,36.00000000,0.4270000000,122.38740000000,"Transit",2013
"K2-117 b",2.03000000,0.18110447,,0.0189000000,1.29160000000,"Transit",2017
"WASP-190 b",12.89035000,1.15000000,317.83000000,0.0663000000,5.36775300000,"Transit",2019
"WASP-92 b",16.37634900,1.46100000,255.85315000,0.0348000000,2.17467420000,"Transit",2016
"TOI-5532 b",2.52763693,0.22550105,,,5.65396594310,"Transit",2026
"HD 86081 b",,,470.38840000,0.0346000000,2.13784310000,"Radial Velocity",2006
"KMT-2023-BLG-0416L b",,,13.03096469,2.9600000000,,"Microlensing",2024
"OGLE-2017-BLG-0173L b",,,3.26900000,3.9130000000,,"Microlensing",2018
"Kepler-940 b",3.34000000,0.29797484,,,59.62252570000,"Transit",2016
"Kepler-10 b",1.47000000,0.13114484,3.24000000,0.0168500000,0.83749070000,"Transit",2011
"Kepler-922 b",1.42000000,0.12668391,,,0.93846683200,"Transit",2016
"HD 19994 b",,,435.41000000,1.3050000000,466.20000000000,"Radial Velocity",2003
"TOI-2570 b",13.64132951,1.21700000,260.61929374,0.0414500000,2.98876150000,"Transit",2022
"Kepler-232 b",3.08000000,0.27500000,,0.0540000000,4.43122200000,"Transit",2014
"Kepler-238 d",3.07000000,0.27400000,,0.1150000000,13.23354900000,"Transit",2014
"Kepler-1491 c",2.44000000,0.21768259,,0.3045000000,61.56976500000,"Transit",2023
"TOI-763 c",2.63000000,0.23463288,9.32000000,0.1011000000,12.27370000000,"Transit",2020
"Kepler-863 b",2.90000000,0.25872067,,,15.59461874000,"Transit",2016
"Kepler-1219 b",2.12000000,0.18913373,,,16.10467749000,"Transit",2016
"WASP-130 b",9.97601000,0.89000000,390.93090000,0.1012000000,11.55098000000,"Transit",2016
"KMT-2019-BLG-1552L b",,,1287.20504835,2.6000000000,,"Microlensing",2022
"Kepler-1053 b",0.98000000,0.08742974,,,2.41435165400,"Transit",2016
"K2-292 b",2.63000000,0.23463288,24.50000000,0.1300000000,16.98410000000,"Transit",2019
"K2-116 b",0.69000000,0.06155768,,0.0480000000,4.65541100000,"Transit",2017
"WASP-161 b",12.81188700,1.14300000,791.39670000,0.0673000000,5.40604250000,"Transit",2018
"Kepler-197 c",1.23000000,0.11000000,,0.0900000000,10.34969500000,"Transit",2014
"Kepler-518 b",2.11000000,0.18824159,,,8.51203587700,"Transit",2016
"Kepler-544 b",2.12000000,0.18913373,,,21.41616926000,"Transit",2016
"K2-387 b",7.32200000,0.65322621,,,28.73532700000,"Transit",2022
"Kepler-608 b",3.64000000,0.32473905,,,6.41251503700,"Transit",2016
"K2-370 b",2.67000000,0.23820186,11.10000000,0.0321000000,2.14080930000,"Transit",2022
"TOI-3980 b",14.45958510,1.29000000,187.51876013,0.0494000000,3.60892540000,"Transit",2025
"Kepler-24 e",2.78000000,0.24800000,,0.1380000000,18.99835500000,"Transit",2014
"Kepler-47 b",3.05000000,0.27210277,2.07000000,0.2877000000,49.46430000000,"Transit",2012
"Kepler-1985 b",2.27000000,0.20251618,,0.0426000000,3.42064689000,"Transit",2023
"Kepler-125 b",2.37000000,0.21100000,,0.0410000000,4.16438900000,"Transit",2014
"OGLE-2012-BLG-0563L b",,,120.00000000,0.7400000000,,"Microlensing",2015
"Kepler-1809 b",1.51300000,0.13498105,,,3.75729990000,"Transit",2021
"Kepler-953 c",1.19000000,0.10616469,,,9.10967112000,"Transit",2016
"Kepler-199 b",3.11000000,0.27700000,,0.1580000000,23.63760400000,"Transit",2014
"GJ 849 c",,,314.65012293,4.9500000000,5990.00000000000,"Radial Velocity",2014
"KMT-2022-BLG-0440L b",,,15.40000000,1.9000000000,,"Microlensing",2023
"Kepler-152 c",2.39000000,0.21300000,,0.3560000000,88.25505500000,"Transit",2014
"TIC 393818343 b",12.18416202,1.08700000,1379.37528638,0.1291000000,16.24921000000,"Transit",2024
"Kepler-1514 c",1.17582410,0.10490000,,0.0997000000,10.51418100000,"Transit",2020
"TOI-4214 b",10.68215861,0.95300000,165.27077164,0.0501800000,3.49138850000,"Transit",2025
"Kepler-616 d",2.65300000,0.23668521,,,51.06740189000,"Transit",2021
"Kepler-1962 b",1.21463929,0.10836305,,,7.99145984600,"Transit",2021
"WASP-106 b",12.10569916,1.08000000,613.40882551,0.0901000000,9.28969000000,"Transit",2014
"OGLE-2019-BLG-0249L b",,,2262.93825784,1.8400000000,,"Microlensing",2023
"Kepler-1893 b",1.70557445,0.15216142,,,4.17936992600,"Transit",2021
"Kepler-1491 b",1.51000000,0.13471318,,,16.58617620000,"Transit",2016
"OGLE-2017-BLG-1237L b",,,1207.74794660,2.5300000000,,"Microlensing",2024
"Kepler-1883 b",3.25107395,0.29004189,,,103.42700200000,"Transit",2021
"TOI-1739 b",1.94600000,0.17361079,,0.0738720000,8.30334140600,"Transit",2024
"Kepler-527 b",2.84000000,0.25336783,,,13.28535633000,"Transit",2016
"TOI-628 b",11.88154000,1.06000000,2011.86390000,0.0486000000,3.40956750000,"Transit",2021
"Kepler-1791 b",3.12103321,0.27844041,,,7.72086000400,"Transit",2021
"Kepler-1399 b",1.25000000,0.11151753,,,1.63865305800,"Transit",2016
"HD 20794 b",,,2.15000000,0.1257000000,18.31400000000,"Radial Velocity",2011
"KOI-3503 b",1.19000000,0.10616487,9.20000000,,21.18500000000,"Transit",2021
"GJ 667 C c",,,3.80000000,0.1250000000,28.14000000000,"Radial Velocity",2013
"HD 28254 b",,,1207.74794660,2.4500000000,1333.00000000000,"Radial Velocity",2010
"TOI-257 b",7.16253867,0.63900000,43.86032017,0.1528000000,18.38818000000,"Transit",2021
"HD 34445 d",,,30.70000000,0.4817000000,117.87000000000,"Radial Velocity",2017
"KMT-2021-BLG-1077L c",,,79.45710175,0.9300000000,,"Microlensing",2022
"GJ 251 b",,,3.85000000,0.0808000000,14.23700000000,"Radial Velocity",2020
"HAT-P-31 b",12.21781000,1.09000000,721.47410000,,5.00542000000,"Transit",2011
"Kepler-217 d",1.32000000,0.11776251,,,3.88689525000,"Transit",2016
"DMPP-1 d",,,4.72000000,0.0446700000,3.14170000000,"Radial Velocity",2019
"Kepler-811 b",2.70000000,0.24087787,,,23.58447697000,"Transit",2016
"OGLE2-TR-L9 b",18.04600000,1.61000000,1430.17500000,0.0308000000,2.48553350000,"Transit",2008
"Kepler-1954 b",1.80235934,0.16079601,,,5.88343000400,"Transit",2021
"TOI-4600 c",9.42000000,0.84100000,2946.26933289,1.1520000000,482.81910000000,"Transit",2023
"TOI-2524 b",11.20898070,1.00000000,203.41018048,0.0730000000,7.18585000000,"Transit",2023
"HD 96167 b",,,227.88411000,1.3320000000,498.04000000000,"Radial Velocity",2009
"OGLE-2017-BLG-0604L b",,,160.00000000,4.0600000000,,"Microlensing",2020
"Kepler-359 c",4.30000000,0.38400000,,0.3070000000,57.68802000000,"Transit",2014
"TOI-1260 d",3.12000000,0.27834824,11.84000000,0.1116000000,16.60816400000,"Transit",2022
"Kepler-444 c",0.49700000,0.04400000,,0.0488100000,4.54588410000,"Transit",2015
"TOI-1749 c",2.12000000,0.18913406,14.00000000,0.0443000000,4.49290000000,"Transit",2021
"Kepler-616 b",2.43000000,0.21679008,,,9.99761851000,"Transit",2016
"TOI-237 b",1.44000000,0.12846820,,0.0341000000,5.43609800000,"Transit",2020
"HATS-1 b",14.59400000,1.30200000,589.55000000,0.0444000000,3.44645900000,"Transit",2012
"nu Oph c",,,7530.30844705,5.8290000000,3180.60000000000,"Radial Velocity",2012
"Kepler-977 b",2.62000000,0.23374074,,,26.85328322000,"Transit",2016
"GJ 3138 b",,,1.78000000,0.0197000000,1.22003000000,"Radial Velocity",2017
"HD 130322 b",,,365.49000000,0.0925000000,10.70871000000,"Radial Velocity",1999
"TOI-6448 b",8.47398941,0.75600000,,0.1310000000,14.84426100000,"Transit",2025
"Kepler-1363 b",1.25000000,0.11151753,,,2.94194094000,"Transit",2016
"Kepler-880 b",2.66000000,0.23730931,,,7.71468975000,"Transit",2016
"Kepler-849 b",8.08167508,0.72100000,298.75870258,1.1370000000,394.62508000000,"Transit",2016
"NGTS-23 b",14.20177855,1.26700000,194.82881349,0.0504000000,4.07643260000,"Transit",2022
"Kepler-299 b",1.32000000,0.11800000,,0.0400000000,2.92712800000,"Transit",2014
"HD 40307 b",,,4.00000000,0.0468000000,4.31230000000,"Radial Velocity",2009
"HAT-P-21 b",12.44199000,1.11000000,1547.83210000,,4.12448000000,"Transit",2010
"Kepler-478 b",2.71000000,0.24177001,,,13.22175760000,"Transit",2016
"NGTS-18 b",13.56286665,1.21000000,129.99181846,0.0448000000,3.05125000000,"Transit",2021
"M62H b",,,785.03616529,,0.13293502800,"Pulsar Timing",2024
"K2-346 b",2.26000000,0.20162404,,,26.20144600000,"Transit",2021
"KIC 5479689 b",,,158.91420350,,1.70153100000,"Orbital Brightness Modulation",2021
"Kepler-392 b",1.00000000,0.08900000,,0.0590000000,5.34185300000,"Transit",2014
"Kepler-363 c",1.69000000,0.15100000,,0.0790000000,7.54242700000,"Transit",2014
"Kepler-1464 c",1.00000000,0.08921402,,,5.32786292000,"Transit",2016
"Kepler-223 b",2.99000000,0.26674993,7.40000000,,7.38449000000,"Transit",2014
"Kepler-1374 b",2.29000000,0.20430012,,,10.65276707000,"Transit",2016
"Kepler-1370 b",1.84000000,0.16415380,,,20.26416840000,"Transit",2016
"WASP-41 b",12.32990000,1.10000000,270.15550000,,3.05240000000,"Transit",2011
"KMT-2019-BLG-1953L b",,,200.00000000,,,"Microlensing",2020
"HIP 97233 b",,,6098.17364511,2.4910000000,1062.26506000000,"Radial Velocity",2014
"TOI-1794 b",3.29701268,0.29414028,8.70000000,0.0820000000,8.76552800000,"Transit",2024
"EPIC 201427007 b",1.50000000,0.13382127,,,0.72091000000,"Transit",2021
"TOI-6019 b",12.30000000,1.09733439,149.00000000,0.1212000000,14.54795200000,"Transit",2026
"TOI-2876 b",9.63972340,0.86000000,54.03082919,0.0654000000,6.29964310000,"Transit",2025
"Gaia-4 b",,,3750.37520260,,571.30000000000,"Astrometry",2025
"HD 102195 b",,,130.31030000,0.0500000000,4.11377000000,"Radial Velocity",2006
"Kepler-650 b",2.96000000,0.26407351,,,3.03214558800,"Transit",2016
"OGLE-2019-BLG-0960L b",,,2.50000000,1.9000000000,,"Microlensing",2021
"TOI-4127 b",12.07000000,1.08000000,743.71847238,0.3030000000,56.39870000000,"Transit",2023
"Kepler-892 b",2.81000000,0.25069141,,,13.75210720000,"Transit",2016
"TOI-5126 b",4.74000000,0.42287520,,0.0651900000,5.45883850000,"Transit",2023
"Kepler-305 e",1.79381530,0.16003348,,,3.20538000000,"Transit",2020
"Kepler-228 b",1.53000000,0.13600000,,0.0380000000,2.56654600000,"Transit",2014
"Kepler-864 b",2.40000000,0.21411366,,,5.83376092000,"Transit",2016
"TOI-5489 b",1.40000000,0.12489985,,,3.15222000000,"Transit",2025
"TOI-1062 b",2.26500000,0.20207011,10.15000000,0.0520000000,4.11296000000,"Transit",2021
"GJ 96 b",,,19.66000000,0.2910000000,73.94000000000,"Radial Velocity",2018
"Kepler-1858 b",2.42168247,0.21604841,,,88.07160187000,"Transit",2021
"Kepler-1743 b",1.59887007,0.14264188,,,7.64971017800,"Transit",2021
"HD 181433 b",,,7.22000000,0.0828000000,9.37450000000,"Radial Velocity",2008
"HD 147018 c",,,2080.00000000,1.9220000000,1008.00000000000,"Radial Velocity",2009
"K2-349 b",1.38000000,0.12311557,,,9.03217800000,"Transit",2021
"Kepler-25 d",,,71.90000000,,122.40000000000,"Radial Velocity",2014
"Kepler-589 c",1.11727238,0.09967654,,,3.52466011000,"Transit",2021
"Kepler-332 c",1.09000000,0.09700000,,0.1140000000,15.99562200000,"Transit",2014
"HD 222076 b",,,495.81480000,1.8300000000,871.00000000000,"Radial Velocity",2016
"Kepler-882 b",1.23000000,0.10973325,,,3.98953966600,"Transit",2016
"HAT-P-67 b",23.98721870,2.14000000,143.02278315,,4.81010690000,"Transit",2017
"Kepler-304 b",2.86000000,0.25500000,,0.0390000000,3.29570900000,"Transit",2014
"HD 27894 b",,,196.73578393,0.1250000000,18.01939000000,"Radial Velocity",2005
"HD 141399 b",,,143.34133000,0.4150000000,94.44000000000,"Radial Velocity",2014
"Kepler-1080 b",3.28000000,0.29262200,,,77.25483960000,"Transit",2016
"Kepler-355 b",1.46000000,0.13000000,,0.1020000000,11.03189000000,"Transit",2014
"K2-213 b",1.51398464,0.13506866,,,8.13087000000,"Transit",2018
"HIP 18606 b",,,244.72787339,1.6100000000,674.94000000000,"Radial Velocity",2025
"OGLE-2017-BLG-0406L b",,,130.00000000,3.5000000000,,"Microlensing",2020
"Kepler-224 d",2.30000000,0.20500000,,0.0890000000,11.34939300000,"Transit",2014
"TOI-2578 b",19.66055215,1.75400000,167.17774208,0.0495000000,3.45796670000,"Transit",2026
"KOI-4978 b",0.70000000,0.06244992,,,0.94196700000,"Transit",2024
"K2-102 b",1.30000000,0.11597823,,,9.91561500000,"Transit",2016
"Kepler-757 b",1.36000000,0.12133107,,,1.02267882100,"Transit",2016
"Kepler-164 b",1.41000000,0.12600000,,0.0580000000,5.03503000000,"Transit",2014
"Kepler-1196 b",2.23000000,0.19894727,,,66.18490310000,"Transit",2016
"K2-356 b",2.29000000,0.20430047,,0.1599000000,21.02673660000,"Transit",2021
"HAT-P-44 c",,,1271.30000000,1.7520000000,872.20000000000,"Radial Velocity",2014
"K2-75 c",2.77000000,0.24712285,,0.1429000000,18.31100000000,"Transit",2016
"GJ 433 d",,,5.22300000,0.1780000000,36.05900000000,"Radial Velocity",2020
"Kepler-308 c",2.16000000,0.19300000,,0.1230000000,15.38231000000,"Transit",2014
"HAT-P-64 b",19.08889413,1.70300000,184.34047606,0.0538700000,4.00723200000,"Transit",2021
"WASP-194 b",15.47960235,1.38100000,373.13054982,0.0470000000,3.18338700000,"Transit",2025
"HD 73526 b",,,978.91640000,0.6500000000,188.30000000000,"Radial Velocity",2002
"HD 142 c",,,3464.64746471,9.8110000000,10159.64279000000,"Radial Velocity",2012
"Kepler-1597 b",1.06000000,0.09456687,,,2.94654179000,"Transit",2016
"G 264-012 b",,,2.50000000,0.0227900000,2.30538000000,"Radial Velocity",2021
"Kepler-256 e",2.35000000,0.21000000,,0.0960000000,10.68157200000,"Transit",2014
"WASP-64 b",14.24700000,1.27100000,403.94500000,0.0264800000,1.57329180000,"Transit",2012
"TOI-2145 b",12.24020692,1.09200000,1805.26535176,0.1117000000,10.26112800000,"Transit",2023
"K2-187 d",2.40000000,0.21411403,,,7.14958400000,"Transit",2018
"Kepler-247 b",1.64000000,0.14600000,,0.0420000000,3.33616000000,"Transit",2014
"BD+15 2375 b",,,337.21763000,0.5760000000,153.22000000000,"Radial Velocity",2016
"TOI-1751 b",2.95078450,0.26325181,19.50000000,0.2150000000,37.46852000000,"Transit",2024
"GJ 3341 b",,,6.60000000,0.0890000000,14.20700000000,"Radial Velocity",2015
"K2-157 d",,,23.30000000,0.3090000000,66.50000000000,"Radial Velocity",2025
"Kepler-1217 b",1.99000000,0.17753591,,,2.03232507200,"Transit",2016
"GJ 536 c",,,5.89000000,0.1617000000,32.76100000000,"Radial Velocity",2025
"TIC 245076932 b",10.87271128,0.97000000,162.09248757,0.1570000000,21.61389000000,"Transit",2026
"HD 31527 d",,,11.82000000,0.8098000000,271.67370000000,"Radial Velocity",2019
"K2-381 d",1.68900000,0.15068275,,,26.80302300000,"Transit",2022
"K2-27 b",4.74000000,0.42287520,30.20000000,,6.77134700000,"Transit",2016
"Kepler-172 c",2.86000000,0.25500000,,0.0680000000,6.38899600000,"Transit",2014
"TOI-2986 b",9.29224500,0.82900000,96.61983573,0.0448900000,3.27836620000,"Transit",2025
"TOI-756 b",2.81000000,0.25069184,9.83000000,0.0180000000,1.23924950000,"Transit",2025
"HD 28192 b",,,99.79811980,0.1180000000,14.23283000000,"Radial Velocity",2022
"AB Pic b",,,4290.50000000,260.0000000000,,"Imaging",2005
"Kepler-782 b",3.21000000,0.28637702,,,158.68533080000,"Transit",2016
"Kepler-679 b",3.01000000,0.26853421,,,12.39358604000,"Transit",2016
"Kepler-1829 b",2.47887001,0.22115035,,,5.18671989400,"Transit",2021
"EPIC 212737443 b",2.58600000,0.23070747,,0.0980000000,13.60300000000,"Transit",2019
"HD 4208 b",,,257.44230000,1.6620000000,832.97000000000,"Radial Velocity",2001
"Kepler-307 c",2.20000000,0.19627085,3.64000000,,13.07290000000,"Transit",2013
"Kepler-265 c",2.63000000,0.23500000,,0.1270000000,17.02893700000,"Transit",2014
"KOI-1599.02",1.90000000,0.16950665,9.00000000,0.1122930000,13.60880000000,"Transit",2019
"TOI-1203 b",1.52000000,0.13560555,3.51000000,0.0486900000,4.15728880000,"Radial Velocity",2025
"Kepler-1006 b",1.54000000,0.13738960,,,19.76172042000,"Transit",2016
"OGLE-2003-BLG-235L b",,,830.00000000,4.3000000000,,"Microlensing",2004
"OGLE-2017-BLG-0482L b",,,9.00000000,1.8000000000,,"Microlensing",2018
"K2-132 b",14.57170000,1.30000000,155.73670000,,9.17510000000,"Transit",2017
"Kepler-685 b",10.58000000,0.94388438,,,1.62552220000,"Transit",2016
"Kepler-192 c",2.79000000,0.24900000,,0.1500000000,21.22340000000,"Transit",2014
"Wolf 1069 b",,,1.26000000,0.0672000000,15.56400000000,"Radial Velocity",2023
"Kepler-32 e",1.50000000,0.13382104,,0.0330000000,2.89600000000,"Transit",2012
"K2-266 e",2.73000000,0.24355429,14.30000000,0.1249000000,19.48200000000,"Transit",2018
"Kepler-1691 b",1.83470985,0.16368185,,,3.84820000000,"Transit",2020
"Kepler-1995 b",4.28000000,0.38183668,,0.3259000000,73.75788750000,"Transit",2023
"WASP-192 b",13.78707000,1.23000000,731.00900000,0.0408000000,2.87867650000,"Transit",2019
"OGLE-2016-BLG-1067L b",,,140.00000000,1.7000000000,,"Microlensing",2019
"HD 147379 b",,,21.60000000,,86.58000000000,"Radial Velocity",2017
"OGLE-2008-BLG-355L b",,,1500.00000000,1.7000000000,,"Microlensing",2014
"Kepler-411 b",2.40100000,0.21420287,25.60000000,0.0375000000,3.00515600000,"Transit",2013
"Kepler-1603 b",1.29000000,0.11508609,,,2.27163926000,"Transit",2016
"Kepler-1867 b",1.15985997,0.10347595,,,9.88735961900,"Transit",2021
"Kepler-450 b",6.14000000,0.54777411,,,28.45485100000,"Transit",2015
"OGLE-2013-BLG-0911L b",,,3020.00000000,0.3900000000,,"Microlensing",2019
"Kepler-1025 b",1.98000000,0.17664377,,,37.32294930000,"Transit",2016
"TOI-7041 b",11.43316031,1.02000000,114.41822652,,9.69100000000,"Transit",2025
"HD 111232 b",,,2531.50326176,2.1480000000,1169.13202000000,"Radial Velocity",2003
"Kepler-1198 b",1.47000000,0.13114462,,,7.68477160000,"Transit",2016
"Kepler-338 c",2.34000000,0.20900000,,0.1720000000,24.31085600000,"Transit",2014
"Kepler-187 c",2.67000000,0.23800000,,0.0990000000,10.64026300000,"Transit",2014
"Kepler-122 d",2.20000000,0.19600000,,0.1550000000,21.58747500000,"Transit",2014
"TOI-1347 b",1.80000000,0.16058552,11.10000000,,0.84742346000,"Transit",2024
"HD 94890 b",,,676.97450691,2.0700000000,824.61000000000,"Radial Velocity",2025
"Kepler-76 b",15.24424000,1.36000000,638.83830000,0.0274000000,1.54492980000,"Orbital Brightness Modulation",2013
"TOI-5502 b",4.12873780,0.36834195,,,11.62592988285,"Transit",2026
"TOI-329 b",4.94057819,0.44076962,40.40000000,0.0638000000,5.70439000000,"Transit",2024
"Kepler-1772 b",2.68609988,0.23963819,,,3.21509003600,"Transit",2021
"GJ 393 b",,,1.71000000,0.0540200000,7.02679000000,"Radial Velocity",2021
"HIP 65407 c",,,249.17872000,0.3160000000,67.30000000000,"Radial Velocity",2016
"Kepler-197 d",1.22000000,0.10900000,,0.1190000000,15.67756300000,"Transit",2014
"HIP 79098 AB b",,,6515.51500000,345.0000000000,,"Imaging",2019
"Kepler-356 b",1.57000000,0.14000000,,0.0570000000,4.61269600000,"Transit",2014
"HD 11506 d",,,4068.20360960,18.2000000000,26500.00000000000,"Radial Velocity",2022
"OGLE-2006-BLG-109L c",,,86.00000000,4.5000000000,4927.50000000000,"Microlensing",2008
"Kepler-1514 b",12.41957200,1.10800000,1678.14240000,0.7530000000,217.83184000000,"Transit",2016
"Kepler-274 b",1.54000000,0.13700000,,0.1010000000,11.63478800000,"Transit",2014
"K2-321 b",2.05124347,0.18300000,,0.0283900000,2.29797490000,"Transit",2020
"Kepler-1242 b",2.26000000,0.20162370,,,13.62798432000,"Transit",2016
"Kepler-1249 b",2.38000000,0.21232938,,,24.33471270000,"Transit",2016
"Kepler-82 b",4.07000000,0.36310108,12.15000000,0.1683000000,26.44000000000,"Transit",2012
"Kepler-75 b",11.77000000,1.05000000,3209.90000000,0.0818000000,8.88491160000,"Transit",2013
"TOI-2025 b",11.89272852,1.06100000,1144.18226520,0.0892000000,8.87209820000,"Transit",2022
"TOI-4311 b",1.37600000,0.12275871,4.50000000,0.0181700000,0.99027380000,"Transit",2026
"WASP-177 b",17.71022000,1.58000000,161.45764000,0.0395700000,3.07172200000,"Transit",2019
"TOI-5380 b",3.48093238,0.31054852,,,3.77229247873,"Transit",2026
"Kepler-345 b",0.74000000,0.06600000,,0.0660000000,7.41556300000,"Transit",2014
"Kepler-1389 b",1.77000000,0.15790882,,,99.25309510000,"Transit",2016
"Kepler-574 b",2.39000000,0.21322152,,,7.65880414000,"Transit",2016
"Kepler-1580 b",2.11000000,0.18824159,,,56.64492790000,"Transit",2016
"nu Oph b",,,6848.56651404,1.7650000000,529.93000000000,"Radial Velocity",2012
"Kepler-1773 b",3.50469499,0.31266848,,,40.80970001000,"Transit",2021
"K2-187 c",1.40000000,0.12489985,,,2.87151200000,"Transit",2018
"Kepler-161 c",2.05000000,0.18300000,,0.0680000000,7.06424000000,"Transit",2014
"BD-06 1339 c",,,53.00000000,0.4350000000,125.94000000000,"Radial Velocity",2013
"Kepler-1499 b",1.19000000,0.10616469,,,44.20080000000,"Transit",2016
"Kepler-1930 b",1.52955541,0.13645803,,,13.02680016000,"Transit",2021
"TOI-1266 c",1.98000000,0.17664407,3.17000000,0.1050000000,18.80270000000,"Transit",2020
"HD 43197 c",,,2500.67390628,8.5400000000,9295.97350000000,"Radial Velocity",2022
"Kepler-1960 b",1.30749704,0.11664727,,,2.29794001600,"Transit",2021
"CHXR 73 b",,,3994.48600000,210.0000000000,,"Imaging",2006
"K2-128 b",1.42000000,0.12668391,,0.0560000000,5.67581900000,"Transit",2017
"BD+60 1417 b",14.68376472,1.31000000,4767.42610500,1662.0000000000,,"Imaging",2021
"TOI-712 c",2.70100000,0.24096749,,0.2447000000,51.69906000000,"Transit",2022
"Kepler-501 b",4.30000000,0.38362031,,,5.64067757200,"Transit",2016
"TOI-5736 b",1.56000000,0.13917412,,,0.64899000000,"Transit",2025
"K2-343 c",2.02000000,0.18021264,,,7.67697200000,"Transit",2021
"Kepler-387 c",0.89000000,0.07900000,,0.0980000000,11.83754900000,"Transit",2014
"TOI-4507 b",8.20000000,0.73155626,20.00000000,0.4560000000,104.61611000000,"Transit",2025
"TOI-5181 A b",13.34989601,1.19100000,330.54154328,0.0522000000,3.89222950000,"Transit",2025
"Kepler-348 c",1.33000000,0.11900000,,0.1380000000,17.26542700000,"Transit",2014
"Kepler-844 b",1.68000000,0.14987956,,,2.61302085600,"Transit",2016
"KMT-2019-BLG-0953L b",,,15.50000000,1.1000000000,,"Microlensing",2022
"MOA-2016-BLG-319L b",,,200.00000000,0.9500000000,,"Microlensing",2018
"LP 261-75 b",,,6674.39654700,450.0000000000,,"Imaging",2006
"Kepler-1285 b",0.97000000,0.08653760,,,14.79674580000,"Transit",2016
"HD 49674 b",,,31.78300000,0.0600000000,4.94737000000,"Radial Velocity",2002
"LHS 1678 b",0.68500000,0.06111171,,0.0123900000,0.86023250000,"Transit",2021
"Kepler-1583 b",0.60000000,0.05352841,,,9.32807355000,"Transit",2016
"Kepler-674 b",1.69000000,0.15077170,,,2.24338184700,"Transit",2016
"NN Ser d",,,696.04421133,,2880.00000000000,"Eclipse Timing Variations",2010
"HD 220773 b",,,460.80000000,4.9400000000,3724.70000000000,"Radial Velocity",2011
"HD 8673 b",,,4210.59073594,2.9700000000,1644.69097000000,"Radial Velocity",2009
"Kepler-62 c",0.54000000,0.04800000,4.00000000,0.0929000000,12.44170000000,"Transit",2013
"Kepler-700 b",5.99000000,0.53439201,,,80.87206390000,"Transit",2016
"HD 6061 b",2.42763557,0.21657951,10.00000000,0.0600000000,5.25490000000,"Transit",2023
"TOI-3321 b",15.55806521,1.38800000,176.07693748,0.0470000000,3.65251450000,"Transit",2024
"Kepler-209 c",3.10000000,0.27700000,,0.2310000000,41.74988200000,"Transit",2014
"ups Leo b",,,162.09248757,1.1800000000,385.20000000000,"Radial Velocity",2021
"TOI-406.01",2.08000000,0.18556549,6.57000000,0.0809000000,13.17568200000,"Transit",2024
"Kepler-20 d",2.60600000,0.23249215,13.40000000,0.3474000000,77.61145500000,"Transit",2011
"NGTS-8 b",12.21781000,1.09000000,295.58190000,0.0350000000,2.49970000000,"Transit",2019
"OGLE-2016-BLG-1195L b",,,1.43000000,1.1600000000,,"Microlensing",2017
"Kepler-1070 b",1.73000000,0.15434026,,,6.22161470000,"Transit",2016
"mu2 Sco b",,,4576.72906080,242.4000000000,,"Imaging",2022
"TIC 161045582 b",2.24566738,0.20034537,,,8.85577189959,"Transit",2026
"Kepler-53 d",2.12000000,0.18900000,,0.0910000000,9.75196200000,"Transit",2014
"KMT-2016-BLG-1105L b",,,2.32000000,2.4400000000,,"Microlensing",2023
"Kepler-382 b",1.32000000,0.11800000,,0.0550000000,5.26215500000,"Transit",2014
"HD 190360 c",,,26.20000000,0.1298000000,17.11625000000,"Radial Velocity",2005
"Kepler-1309 b",2.37000000,0.21143724,,,28.84326470000,"Transit",2016
"Kepler-603 c",6.50000000,0.57989116,,,127.90757740000,"Transit",2016
"Kepler-946 b",1.93000000,0.17218307,,,11.79162572000,"Transit",2016
"TOI-5678 b",4.91000000,0.43804161,20.00000000,0.2490000000,47.73022000000,"Transit",2023
"Kepler-77 b",10.76100000,0.96000000,136.66100000,0.0450100000,3.57878087000,"Transit",2013
"BD-06 1339 b",,,8.50000000,0.0428000000,3.87280000000,"Radial Velocity",2013
"Kepler-385 c",3.04000000,0.27100000,,0.1270000000,15.16316100000,"Transit",2014
"Kepler-272 d",2.25000000,0.20100000,,0.0910000000,10.93730400000,"Transit",2014
"Kepler-1564 b",1.47000000,0.13114462,,,18.05403810000,"Transit",2016
"CT Cha b",24.66000000,2.20000000,5403.00000000,440.0000000000,,"Imaging",2007
"WASP-13 b",13.67498000,1.22000000,114.41880000,,4.35301000000,"Transit",2009
"Kepler-659 b",2.50000000,0.22303506,,,17.67179600000,"Transit",2016
"Kepler-117 b",8.05900000,0.71900000,29.87500000,0.1445000000,18.79592280000,"Transit",2014
"HD 47366 b",,,661.71874337,1.2070000000,360.08000000000,"Radial Velocity",2016
"Kepler-134 b",2.00000000,0.17800000,,0.0600000000,5.31742900000,"Transit",2014
"14 And b",,,1131.15130051,0.7750000000,186.76000000000,"Radial Velocity",2008
"Kepler-1744 b",3.76754004,0.33611799,,,37.10110092000,"Transit",2021
"TOI-1811 b",11.14172682,0.99400000,308.92921160,0.0438900000,3.71307650000,"Transit",2023
"Kepler-1182 b",2.41000000,0.21500580,,,11.17394617000,"Transit",2016
"TOI-5734 b",2.10000000,0.18734977,9.10000000,0.0592100000,6.18418760000,"Transit",2026
"Kepler-384 b",1.12000000,0.10000000,,0.1480000000,22.59705300000,"Transit",2014
"Kepler-1317 b",1.56000000,0.13917388,,,0.56887442700,"Transit",2016
"HD 224018 c",2.42000000,0.21589831,10.40000000,0.2170000000,36.57669000000,"Transit",2025
"Kepler-157 b",1.32000000,0.11800000,,0.0280000000,1.73234200000,"Transit",2014
"WASP-62 b",14.79588000,1.32000000,165.27160000,,4.41195000000,"Transit",2012
"TOI-1855 b",18.49481816,1.65000000,360.09958513,0.0239800000,1.36414864000,"Transit",2024
"K2-172 c",3.20569097,0.28599259,,,29.62682000000,"Transit",2018
"WASP-102 b",14.90794433,1.33000000,197.68926915,0.0410000000,2.70981300000,"Transit",2025
"EPIC 212499991 b",1.60000000,0.14274244,,,34.88500000000,"Transit",2019
"Kepler-736 b",2.93000000,0.26139709,,,3.60147201000,"Transit",2016
"K2-253 b",12.67000000,1.13034169,,0.0506000000,4.00167000000,"Transit",2018
"Kepler-1472 b",1.90000000,0.16950665,,,38.13128310000,"Transit",2016
"K2-264 c",2.66800000,0.23802302,,0.1128300000,19.66030200000,"Transit",2018
"TOI-4588 b",2.92922558,0.26132845,,,13.11881173651,"Transit",2026
"WASP-70 A b",13.04700000,1.16400000,187.51200000,0.0485300000,3.71302030000,"Transit",2014
"Kepler-783 b",0.78000000,0.06958694,,,4.29264638000,"Transit",2016
"Kepler-351 b",3.06000000,0.27300000,,0.2140000000,37.05491900000,"Transit",2014
"Kepler-1640 b",4.82000000,0.43001160,,,7.58441260000,"Transit",2016
"OGLE-2006-BLG-284L A b",,,144.00000000,2.1700000000,,"Microlensing",2020
"Kepler-1611 b",0.81000000,0.07226336,,,5.17624290000,"Transit",2016
"KMT-2022-BLG-1790L b",,,549.84314411,5.2500000000,,"Microlensing",2025
"TOI-512 b",1.54000000,0.13738983,3.57000000,,7.18886000000,"Transit",2025
"Kepler-1530 c",1.65000000,0.14720314,,,5.32274060000,"Transit",2016
"Kepler-1387 b",0.93000000,0.08296904,,,2.27952665600,"Transit",2016
"Kepler-968 c",1.69000000,0.15077170,,,5.70940491800,"Transit",2016
"Kepler-342 d",2.49000000,0.22200000,,0.2420000000,39.45935700000,"Transit",2014
"Kepler-416 d",1.61000000,0.14363483,,0.0407000000,3.07644709000,"Transit",2023
"alf Ari b",,,572.07000000,1.2000000000,380.80000000000,"Radial Velocity",2010
"GJ 876 d",,,6.83000000,0.0208066500,1.93778000000,"Radial Velocity",2005
"GJ 3779 b",,,8.00000000,0.0260000000,3.02320000000,"Radial Velocity",2018
"TOI-6699 b",2.32645266,0.20755256,,,5.32005926761,"Transit",2026
"KELT-16 b",15.86073500,1.41500000,874.03250000,0.0204400000,0.96899510000,"Transit",2017
"K2-384 c",1.19100000,0.10625409,,,4.19476600000,"Transit",2022
"Kepler-1229 b",1.40000000,0.12489963,,,86.82898900000,"Transit",2016
"Kepler-722 c",2.82000000,0.25158355,,,105.14474900000,"Transit",2016
"TOI-1444 b",1.41792246,0.12649879,3.58000000,0.0116000000,0.47027430000,"Transit",2021
"TOI-908 b",3.18600000,0.28423637,16.13700000,0.0416570000,3.18379200000,"Transit",2023
"K2-80 c",1.47000000,0.13114462,,0.0596000000,5.60500000000,"Transit",2016
"Kepler-220 e",1.33000000,0.11900000,,0.2260000000,45.90273300000,"Transit",2014
"Kepler-1106 b",1.65000000,0.14720314,,,1.25275217400,"Transit",2016
"HD 114082 b",11.72459381,1.04600000,508.52545120,0.7910000000,225.55040000000,"Transit",2022
"KOI-134 b",12.03844527,1.07400000,346.43296363,0.3630000000,67.12770000000,"Transit",2025
"Kepler-46 d",1.64000000,0.14600000,,0.0670000000,6.76658900000,"Transit",2014
"TOI-4379 b",16.69017226,1.48900000,353.74301699,,3.25352000000,"Transit",2024
"Kepler-162 b",1.26000000,0.11200000,,0.0690000000,6.91979800000,"Transit",2014
"K2-191 b",1.57889322,0.14085942,,,2.85864600000,"Transit",2018
"Kepler-1826 b",1.47519116,0.13160797,,,1.61536002200,"Transit",2021
"HD 153950 b",,,937.59850000,1.2800000000,499.39999000000,"Radial Velocity",2008
"Kepler-1161 b",2.13000000,0.19002587,,,10.71252541000,"Transit",2016
"Kepler-294 b",1.77000000,0.15800000,,0.0480000000,3.70121200000,"Transit",2014
"K2-133 c",1.60300000,0.14301008,,0.0434100000,4.86784000000,"Transit",2017
"TOI-2147 b",10.50000000,0.93674887,116.00000000,0.1720000000,26.20518000000,"Transit",2026
"WASP-35 b",14.57170000,1.30000000,225.65930000,,3.16158000000,"Transit",2011
"FU Tau b",,,5085.28000000,800.0000000000,,"Imaging",2008
"WASP-132 d",,,1639.99458012,2.7100000000,1816.60000000000,"Radial Velocity",2024
"HD 74156 b",,,532.36258173,0.2800000000,51.63564000000,"Radial Velocity",2003
"Kepler-1607 b",0.92000000,0.08207690,,,13.64736760000,"Transit",2016
"HD 22781 b",,,4338.20000000,1.1670000000,528.07000000000,"Radial Velocity",2011
"HD 65216 c",,,645.19490000,5.7500000000,5370.00000000000,"Radial Velocity",2013
"EPIC 220674823 b",1.60600000,0.14327797,7.54000000,0.0132000000,0.57130782000,"Transit",2016
"TOI-1846 b",1.79200000,0.15987181,,0.0364600000,3.93067370000,"Transit",2025
"TOI-2141 c",,,6.14000000,0.0585000000,5.46240000000,"Radial Velocity",2025
"K2-138 c",2.29900000,0.20510304,6.31000000,0.0446100000,3.56004000000,"Transit",2017
"Kepler-1737 b",5.39500000,0.48131049,,,64.61750031000,"Transit",2021
"HATS-39 b",17.59813000,1.57000000,200.23290000,0.0600700000,4.57763480000,"Transit",2018
"Kepler-320 c",1.37000000,0.12200000,,0.1420000000,17.93493700000,"Transit",2014
"NGTS-39 b",12.19537100,1.08800000,466.25427307,0.3077000000,58.20472000000,"Transit",2026
"HD 79498 b",,,425.89220000,2.9800000000,1807.00000000000,"Radial Velocity",2011
"Kepler-1574 b",1.29000000,0.11508609,,,6.94243340000,"Transit",2016
"K2-285 b",2.59000000,0.23106432,9.68000000,0.0381700000,3.47174500000,"Transit",2018
"HD 216770 b",,,181.16310000,0.4600000000,118.45000000000,"Radial Velocity",2003
"Kepler-693 b",10.18000000,0.90819877,,,15.37563332000,"Transit",2016
"Kepler-84 e",2.60000000,0.23200000,,0.1810000000,27.43438900000,"Transit",2014
"Kepler-1206 b",1.64000000,0.14631100,,,1.21699766300,"Transit",2016
"TOI-1466 b",2.46741991,0.22012884,,,1.87190602231,"Transit",2026
"Kepler-1901 b",1.47418907,0.13151857,,,3.48412990600,"Transit",2021
"Kepler-891 b",6.41000000,0.57186190,,,53.44945593000,"Transit",2016
"TOI-4405 b",2.55505441,0.22794708,,,5.92143995316,"Transit",2026
"KMT-2024-BLG-2242L b",,,13.98444991,0.8900000000,,"Microlensing",2025
"Kepler-1675 b",3.12483349,0.27877897,,,63.03820000000,"Transit",2020
"Kepler-319 b",1.63000000,0.14500000,,0.0510000000,4.36270500000,"Transit",2014
"HD 219077 b",,,3057.50927534,5.9350000000,5478.68861000000,"Radial Velocity",2012
"Kepler-256 b",1.59000000,0.14200000,,0.0270000000,1.62049300000,"Transit",2014
"HD 204941 b",,,73.10090000,2.5500000000,1733.00000000000,"Radial Velocity",2011
"Kepler-1627 b",3.69000000,0.32919975,,,7.20283653000,"Transit",2016
"Kepler-482 b",2.36000000,0.21054510,,,56.35418576000,"Transit",2016
"Kepler-709 b",2.92000000,0.26050495,,,16.08524954000,"Transit",2016
"HD 38529 c",,,3299.05886466,3.2260000000,2127.60566000000,"Radial Velocity",2000
"DMPP-4 b",,,12.20000000,0.0485300000,3.49820000000,"Radial Velocity",2023
"Kepler-299 c",2.65000000,0.23600000,,0.0700000000,6.88587500000,"Transit",2014
"Kepler-234 c",3.51000000,0.31300000,,0.0770000000,7.21205000000,"Transit",2014
"TIC 320419023 b",2.77280763,0.24737375,,,5.26375651589,"Transit",2026
"HD 45184 c",,,8.81000000,0.1100000000,13.13540000000,"Radial Velocity",2019
"Kepler-79 e",3.53000000,0.31492605,3.80000000,,81.06650000000,"Transit",2014
"Kepler-11 d",3.12000000,0.27800000,7.30000000,0.1550000000,22.68450000000,"Transit",2010
"Kepler-884 b",1.23000000,0.10973325,,,5.69919514000,"Transit",2016
"TOI-1839 c",2.40867246,0.21488773,,,4.02393854207,"Transit",2026
"K2-187 b",1.20000000,0.10705701,,,0.77401000000,"Transit",2018
"K2-8 c",2.41000000,0.21500580,,0.0532000000,5.06416000000,"Transit",2016
"Kepler-747 b",5.27000000,0.47015791,,,35.61760587000,"Transit",2016
"HIP 109600 b",,,851.78440000,0.7060000000,232.08000000000,"Radial Velocity",2016
"GJ 9404 b",,,11.90000000,0.0943000000,13.45860000000,"Radial Velocity",2023
"Kepler-23 b",1.63800000,0.14613282,2.56000000,,7.10000000000,"Transit",2011
"WASP-159 b",15.46842000,1.38000000,174.80650000,0.0538000000,3.84040100000,"Transit",2018
"TOI-2886 b",18.64053490,1.66300000,444.95976980,0.0287100000,1.60200105000,"Transit",2025
"GJ 9773 b",,,172.58082500,2.9210000000,2965.00000000000,"Radial Velocity",2025
"HD 73526 c",,,715.09000000,1.0300000000,379.10000000000,"Radial Velocity",2005
"OGLE-TR-182 b",12.66600000,1.13000000,320.99500000,0.0510000000,3.97910000000,"Transit",2007
"Kepler-832 b",2.06000000,0.18378089,,,7.13969410000,"Transit",2016
"K2-245 b",4.34000000,0.38718887,,0.0959000000,11.89307000000,"Transit",2018
"Kepler-859 b",3.09000000,0.27567134,,,20.38177573000,"Transit",2016
"KELT-14 b",19.53728700,1.74300000,408.09372000,0.0300500000,1.71005660000,"Transit",2016
"Kepler-1160 b",2.14000000,0.19091801,,,7.97034958000,"Transit",2016
"TOI-1238 c",2.11000000,0.18824192,8.32000000,0.0370000000,3.29473600000,"Transit",2022
"Kepler-599 b",2.84000000,0.25336783,,,15.65562652000,"Transit",2016
"Kepler-218 c",3.14000000,0.28000000,,0.2480000000,44.69957600000,"Transit",2014
"KMT-2021-BLG-1547L b",,,467.20775829,4.5000000000,,"Microlensing",2023
"Kepler-381 b",0.99000000,0.08800000,,0.0660000000,5.62902100000,"Transit",2014
"HD 23127 b",,,485.32641000,2.3700000000,1211.17000000000,"Radial Velocity",2006
"Kepler-712 c",4.85000000,0.43268802,,,226.89047000000,"Transit",2016
"Kepler-128 c",1.52100000,0.13569476,3.38000000,,22.80000000000,"Transit",2013
"TOI-1080 b",1.20000000,0.10705701,10.70000000,0.0272000000,3.96524820000,"Transit",2026
"TOI-2379 b",11.72459381,1.04600000,1830.69162432,0.0526300000,5.46938270000,"Transit",2024
"HD 178911 B b",,,2552.17490000,0.3400000000,71.48400000000,"Radial Velocity",2001
"K2-200 b",1.36439870,0.12172350,,,2.84988300000,"Transit",2018
"Kepler-1188 b",2.08000000,0.18556517,,,17.13695430000,"Transit",2016
"HD 155358 c",,,261.00000000,1.0200000000,391.90000000000,"Radial Velocity",2007
"K2-21 b",1.84000000,0.16415380,,0.0760000000,9.32503800000,"Transit",2015
"CI Tau c",,,1144.18226520,0.1700000000,25.20000000000,"Radial Velocity",2024
"KOI-55 b",0.75900000,0.06770000,0.44000000,0.0060000000,0.24010400000,"Orbital Brightness Modulation",2011
"K2-376 b",1.73600000,0.15487581,,,5.77647500000,"Transit",2022
"HD 63433 d",1.07300000,0.09572681,,0.0503000000,4.20907500000,"Transit",2023
"Kepler-515 b",1.46000000,0.13025248,,,19.96371318000,"Transit",2016
"Kepler-639 b",2.38000000,0.21232938,,,10.21420496000,"Transit",2016
"WASP-141 b",13.56289000,1.21000000,854.96270000,0.0469000000,3.31065100000,"Transit",2016
"Kepler-203 c",2.47000000,0.22000000,,0.0610000000,5.37064700000,"Transit",2014
"TOI-1052 c",,,34.30000000,0.2263000000,35.80600000000,"Radial Velocity",2023
"K2-5 c",2.26000000,0.20162370,,0.0818000000,10.93241000000,"Transit",2015
"KOI-13 b",16.94800800,1.51200000,2949.46240000,0.0364100000,1.76358800000,"Transit",2011
"HATS-62 b",11.82549500,1.05500000,56.89157000,0.0416300000,3.27688370000,"Transit",2018
"Kepler-393 c",1.33000000,0.11900000,,0.1240000000,14.61361200000,"Transit",2014
"IC 4651 9122 b",,,2002.32900000,2.0380000000,734.00000000000,"Radial Velocity",2018
"K2-239 b",1.10000000,0.09813543,,0.0441000000,5.24000000000,"Transit",2018
"TOI-1408 b",25.00000000,2.23035445,593.00000000,0.0577800000,4.42587000000,"Transit",2023
"TOI-286 c",1.88000000,0.16772265,3.72000000,0.2130000000,39.36182600000,"Transit",2024
"TOI-5595 b",4.73740402,0.42264361,,,5.99002553853,"Transit",2026
"Kepler-33 d",5.35000000,0.47700000,,0.1662000000,21.77596000000,"Transit",2011
"Kepler-556 b",2.24000000,0.19983941,,,11.72292176000,"Transit",2016
"Kepler-1798 b",2.30911251,0.20600557,,,16.85589981000,"Transit",2021
"KMT-2018-BLG-1743L b",,,77.86795971,1.4490000000,,"Microlensing",2021
"VHS J125601.92-125723.9 b",13.67495645,1.22000000,5085.25451200,350.0000000000,5800000.00000000000,"Imaging",2015
"TOI-2071 b",2.56484195,0.22882027,,,5.67395386982,"Transit",2026
"HD 145457 b",,,888.01256916,0.7620000000,176.13000000000,"Radial Velocity",2010
"Kepler-166 c",2.38000000,0.21200000,,0.1950000000,34.26028100000,"Transit",2014
"HAT-P-33 b",20.73665000,1.85000000,292.40360000,,3.47447000000,"Transit",2011
"K2-154 c",2.07000000,0.18467303,,0.0677000000,7.95486000000,"Transit",2018
"Kepler-770 b",2.30000000,0.20519226,,,18.92540274000,"Transit",2016
"WASP-54 b",17.71022000,1.58000000,187.51970000,,3.69364000000,"Transit",2012
"HAT-P-5 b",13.56289000,1.21000000,311.47340000,,2.78849000000,"Transit",2007
"TIC 77319217 b",3.10879526,0.27734861,,,7.54830765124,"Transit",2026
"Kepler-1980 b",2.21000000,0.19716333,,0.2049000000,33.02571790000,"Transit",2023
"TOI-1736 b",3.18175535,0.28385769,12.30000000,0.0730000000,7.07307600000,"Transit",2023
"Kepler-1254 d",1.31000000,0.11687037,,,5.72717226000,"Transit",2016
"Kepler-1255 b",2.32000000,0.20697654,,,36.29193360000,"Transit",2016
"K2-158 c",1.28000000,0.11419395,,0.0622000000,5.90279000000,"Transit",2018
"Kepler-869 b",3.61000000,0.32206263,,,40.42877550000,"Transit",2016
"GJ 3512 b",,,146.51889563,0.3376000000,203.10900000000,"Radial Velocity",2019
"Kepler-563 b",3.09000000,0.27567134,,,22.18432708000,"Transit",2016
"Kepler-150 c",3.69000000,0.32900000,,0.0730000000,7.38199800000,"Transit",2014
"Kepler-586 b",2.79000000,0.24890713,,,2.10472218400,"Transit",2016
"Kepler-698 b",3.68000000,0.32830761,,,16.32976218000,"Transit",2016
"K2-29 b",13.33871000,1.19000000,232.01590000,0.0421700000,3.25883210000,"Transit",2016
"MOA-bin-29 b",,,190.00000000,0.4800000000,,"Microlensing",2019
"Kepler-206 c",1.77000000,0.15800000,,0.1110000000,13.13747100000,"Transit",2014
"HD 31527 b",,,10.47000000,0.1254000000,16.55350000000,"Radial Velocity",2019
"Kepler-450 c",2.62000000,0.23374074,,,15.41313500000,"Transit",2015
"TOI-2015 b",3.30900000,0.29520972,9.20000000,0.0293220000,3.34823700000,"Transit",2023
"Kepler-913 c",3.85807090,0.34419462,,,5.93911981600,"Transit",2021
"K2-52 b",18.00000000,1.60585244,,0.0540000000,3.53505500000,"Transit",2016
"HD 38283 b",,,127.13200000,1.0200000000,363.20001000000,"Radial Velocity",2010
"TOI-5624 b",2.31400000,0.20644161,9.40000000,0.0420100000,3.39034730000,"Transit",2026
"KMT-2019-BLG-1042L b",,,60.38739733,1.7000000000,,"Microlensing",2022
"TOI-6054.01",2.64000000,0.23552543,12.50000000,0.0763000000,7.50142800000,"Transit",2024
"XO-1 b",12.77826000,1.14000000,263.79890000,,3.94153000000,"Transit",2006
"4 UMa b",,,2511.48007211,0.8770000000,270.27000000000,"Radial Velocity",2006
"Kepler-1932 b",1.51482218,0.13514362,,,0.52417701500,"Transit",2021
"HD 208487 b",,,146.20106722,0.5300000000,129.36000000000,"Radial Velocity",2004
"Kepler-202 c",1.85000000,0.16500000,,0.1130000000,16.28249300000,"Transit",2014
"Kepler-341 d",1.85000000,0.16500000,,0.1820000000,27.66631300000,"Transit",2014
"Kepler-48 f",,,298.58099680,5.7191878770,5219.68185400000,"Radial Velocity",2023
"K2-274 b",2.08000000,0.18556549,,0.0964000000,14.13303140000,"Transit",2018
"Kepler-1340 b",1.55000000,0.13828174,,,0.66502691600,"Transit",2016
"GJ 1061 b",,,1.11000000,0.0210000000,3.20730000000,"Radial Velocity",2020
"GU Psc b",14.17900000,1.26500000,3591.30000000,2000.0000000000,,"Imaging",2014
"TOI-2796 b",17.26183028,1.54000000,139.84449908,0.0569000000,4.80849830000,"Transit",2023
"KMT-2016-BLG-2364L b",,,1250.00000000,2.6300000000,,"Microlensing",2020
"AF Lep b",,,1147.36054927,8.9960000000,8905.00000000000,"Imaging",2023
"Kepler-159 b",2.38000000,0.21200000,,0.0820000000,10.13962300000,"Transit",2014
"HIP 54597 b",,,762.78817680,4.0000000000,3274.00000000000,"Radial Velocity",2023
"HD 149806 b",,,4003.68444298,12.4040000000,16521.52778000000,"Radial Velocity",2022
"Kepler-901 b",1.37000000,0.12222321,,,3.51749439400,"Transit",2016
"Kepler-1712 b",2.28372556,0.20374070,,,13.81499958000,"Transit",2021
"OGLE-2017-BLG-0364L b",,,75.80000000,3.7900000000,,"Microlensing",2024
"TIC 139270665 c",,,1554.18091023,2.0000000000,1010.00000000000,"Radial Velocity",2024
"TOI-712 b",2.04900000,0.18279985,,0.0792800000,9.53136100000,"Transit",2022
"Kepler-568 b",2.26000000,0.20162370,,,11.02347475000,"Transit",2016
"Kepler-1147 b",2.61000000,0.23284860,,,10.62784997000,"Transit",2016
"Kepler-1572 b",0.94000000,0.08386118,,,5.49548621000,"Transit",2016
"HAT-P-3 b",10.53646000,0.94000000,206.58950000,,2.89970000000,"Transit",2007
"Kepler-383 c",1.24000000,0.11100000,,0.1720000000,31.20075100000,"Transit",2014
"Kepler-1700 b",2.90129941,0.25883660,,,234.23900000000,"Transit",2020
"Kepler-1322 b",1.61000000,0.14363458,,,0.96286738200,"Transit",2016
"TOI-2133 b",2.37000000,0.21143760,,0.0410000000,3.82664720000,"Transit",2026
"KOI-351 c",1.19000000,0.10600000,,0.0890000000,8.71937500000,"Transit",2013
"Kepler-614 b",2.39000000,0.21322152,,,14.03491514000,"Transit",2016
"Kepler-281 c",5.31000000,0.47400000,,0.2150000000,36.33737300000,"Transit",2014
"OGLE-2005-BLG-071L b",,,1200.00000000,3.6000000000,,"Microlensing",2005
"Kepler-221 c",2.93000000,0.26100000,,0.0590000000,5.69058600000,"Transit",2014
"Kepler-627 b",3.73000000,0.33276831,,,40.69944430000,"Transit",2016
"Kepler-1140 b",2.77000000,0.24712285,,,24.08627070000,"Transit",2016
"Kepler-1884 b",1.81406781,0.16184057,,,8.98832035100,"Transit",2021
"Kepler-1653 b",2.17000000,0.19359443,,0.4706000000,140.25240000000,"Transit",2017
"Gl 378 b",,,13.02000000,0.0394350000,3.82200000000,"Radial Velocity",2019
"HIP 57274 c",,,130.00000000,0.1780000000,32.03000000000,"Radial Velocity",2011
"ups And c",,,629.59500000,0.8277740000,241.25800000000,"Radial Velocity",1999
"Kepler-244 c",2.05000000,0.18300000,,0.0870000000,9.76729200000,"Transit",2014
"Kepler-1631 b",1.35000000,0.12043893,,,4.09513932000,"Transit",2016
"Kepler-1034 b",2.26000000,0.20162370,,,12.12400943000,"Transit",2016
"Kepler-143 b",2.41000000,0.21500000,,0.1270000000,16.00758300000,"Transit",2014
"HD 142415 b",,,530.77610000,1.0600000000,386.29999000000,"Radial Velocity",2003
"HD 169830 b",,,804.42369812,0.7650000000,225.67372000000,"Radial Velocity",2000
"Kepler-921 b",2.87000000,0.25604425,,,51.30063400000,"Transit",2016
"Kepler-333 c",1.11000000,0.09900000,,0.1350000000,24.08821000000,"Transit",2014
"Kepler-402 b",1.22000000,0.10900000,,0.0510000000,4.02875100000,"Transit",2014
"Kepler-670 b",13.18000000,1.17584084,,,2.81650485200,"Transit",2016
"Kepler-758 e",1.53000000,0.13649746,,,8.19347190000,"Transit",2016
"K2-412 b",2.11600000,0.18877720,,0.0586000000,5.93820000000,"Transit",2022
"Kepler-311 b",1.70000000,0.15200000,,0.0870000000,9.17609200000,"Transit",2014
"Kepler-1297 b",0.97000000,0.08653760,,,1.68189002000,"Transit",2016
"HD 145675 c",,,2510.84441530,20.0000000000,,"Radial Velocity",2021
"TOI-2093 c",2.30000000,0.20519261,15.80000000,0.2570000000,53.81149000000,"Transit",2025
"K2-334 b",5.65000000,0.50406011,,,5.11398100000,"Transit",2021
"HD 4313 b",,,612.45841000,1.1570000000,356.21000000000,"Radial Velocity",2009
"Kepler-424 c",,,2215.18000000,0.7300000000,223.30000000000,"Radial Velocity",2014
"Kepler-1628 b",6.43000000,0.57364618,,,76.37803300000,"Transit",2016
"Kepler-230 b",4.26000000,0.38000000,,0.1910000000,32.62555500000,"Transit",2014
"GJ 3942 b",,,7.14000000,0.0608000000,6.90500000000,"Radial Velocity",2017
"Kepler-1660 AB b",,,1586.59940774,,239.50440000000,"Eclipse Timing Variations",2023
"Kepler-382 c",1.59000000,0.14200000,,0.0970000000,12.16270100000,"Transit",2014
"HD 5388 b",,,1017.05090240,1.7570000000,772.50000000000,"Radial Velocity",2010
"mu Leo b",,,762.80000000,1.1000000000,357.80000000000,"Radial Velocity",2014
"Kepler-607 b",0.87000000,0.07761620,,,0.63816320400,"Transit",2016
"Kepler-1839 b",1.94937590,0.17391197,,,5.05675983400,"Transit",2021
"HD 12661 c",,,575.88400000,2.8145000000,1708.00000000000,"Radial Velocity",2002
"HD 45652 b",,,137.62039000,0.2370000000,44.07300000000,"Radial Velocity",2008
"TOI-2567 b",10.92875618,0.97500000,63.88350981,0.0672000000,5.98394400000,"Transit",2022
"HD 211970 b",,,13.00000000,0.1430000000,25.20100000000,"Radial Velocity",2019
"HD 48265 b",,,484.69075000,1.8140000000,778.51000000000,"Radial Velocity",2008
"TOI-5232 b",12.77823800,1.14000000,743.71847238,0.0559300000,4.09666920000,"Transit",2024
"Kepler-1959 b",1.14315727,0.10198584,,,6.38669014000,"Transit",2021
"Kepler-949 c",2.97000000,0.26496611,,0.1394000000,20.99757968000,"Transit",2023
"Kepler-367 c",1.20000000,0.10700000,,0.2530000000,53.57863700000,"Transit",2014
"K2-315 b",0.95000000,0.08475332,,,3.14431890000,"Transit",2020
"Kepler-1549 b",2.57000000,0.22928004,,,214.88654500000,"Transit",2016
"HD 86264 b",,,3117.26101586,2.7630000000,1488.79123000000,"Radial Velocity",2009
"WASP-104 b",12.74500000,1.13700000,404.26300000,0.0291800000,1.75541370000,"Transit",2014
"KIC 10001893 c",,,,,0.32528000000,"Orbital Brightness Modulation",2014
"KOI-142 c",,,214.10000000,,22.26492000000,"Transit Timing Variations",2013
"TOI-833 b",1.27000000,0.11330201,,0.0171000000,1.04187770000,"Transit",2022
"KMT-2017-BLG-0165L b",,,34.00000000,3.4500000000,,"Microlensing",2018
"TOI-5728 b",1.31000000,0.11687057,,,11.49761000000,"Transit",2025
"Kepler-814 b",2.12000000,0.18913373,,,6.14698510000,"Transit",2016
"Kepler-1894 c",1.21000000,0.10794916,,0.0576000000,5.05368985000,"Transit",2023
"HD 211810 b",,,212.94610000,2.6560000000,1558.00000000000,"Radial Velocity",2018
"KMT-2024-BLG-2087L b",,,1395.26670673,3.0300000000,,"Microlensing",2026
"Kepler-102 c",0.56700000,0.05058444,1.70000000,0.0670200000,7.07139200000,"Transit",2014
"K2-37 d",2.31000000,0.20608475,12.50000000,,14.09229000000,"Transit",2016
"Kepler-252 b",1.23000000,0.11000000,,0.0580000000,6.66839100000,"Transit",2014
"Kepler-17 b",14.68000000,1.31000000,778.65000000,0.0259100000,1.48571080000,"Transit",2011
"Kepler-163 b",1.05000000,0.09400000,,0.0780000000,7.81093700000,"Transit",2014
"Kepler-1162 c",1.81000000,0.16147766,,0.2832000000,59.28406400000,"Transit",2023
"HR 8799 e",13.11453000,1.17000000,3178.30000000,16.4000000000,,"Imaging",2010
"DMPP-2 b",,,171.48000000,0.0663800000,5.20300000000,"Radial Velocity",2019
"HD 136925 b",,,266.97586188,5.1300000000,4540.00000000000,"Radial Velocity",2021
"K2-61 b",1.92000000,0.17129122,,,2.57336000000,"Transit",2016
"Kepler-411 e",,,10.80000000,0.1860000000,31.50972800000,"Transit Timing Variations",2018
"KOINTREAU-3 b",,,1080.61658380,342.0000000000,,"Imaging",2026
"TOI-1453 b",1.17300000,0.10464823,2.32000000,,4.31352250000,"Transit",2025
"Kepler-1841 b",1.48912557,0.13285111,,,25.88599968000,"Transit",2021
"Kepler-1972 c",0.86800000,0.07743791,2.11000000,,11.32950000000,"Transit",2022
"K2-10 b",3.77300000,0.33660509,25.20000000,,19.30553000000,"Transit",2015
"Kepler-1789 b",2.83137505,0.25259880,,,80.23190308000,"Transit",2021
"Kepler-308 b",2.12000000,0.18900000,,0.0900000000,9.69492800000,"Transit",2014
"Kepler-636 b",4.45000000,0.39700241,,,16.08066114700,"Transit",2016
"GJ 4274 c",,,8.39000000,0.1860000000,69.57000000000,"Radial Velocity",2026
"TOI-3082 b",3.66210000,0.32671124,,,1.92690700000,"Transit",2023
"Barnard b",,,0.29900000,0.0229000000,3.15420000000,"Radial Velocity",2024
"MOA-bin-1L b",,,1200.00000000,8.3000000000,,"Microlensing",2012
"HD 155358 b",,,314.65170000,0.6300000000,194.30000000000,"Radial Velocity",2007
"Kepler-1928 b",1.99200000,0.17771464,,0.1940000000,19.57783000000,"Transit",2021
"HR 8799 b",13.00000000,1.20000000,2000.00000000,68.0000000000,170000.00000000000,"Imaging",2008
"Kepler-141 b",0.69000000,0.06200000,,0.0390000000,3.10767500000,"Transit",2014
"Kepler-1927 b",3.40627075,0.30388764,,,73.75039673000,"Transit",2021
"Kepler-265 d",2.49000000,0.22200000,,0.2360000000,43.13061700000,"Transit",2014
"Kepler-619 b",3.16000000,0.28191632,,,5.40427219700,"Transit",2016
"WASP-36 b",14.87434300,1.32700000,750.39663000,0.0267700000,1.53736596000,"Transit",2011
"HD 126105 b",,,530.77343969,1.3600000000,524.00000000000,"Radial Velocity",2026
"K2-281 b",8.18000000,0.72977072,,0.0773000000,8.68772100000,"Transit",2018
"Kepler-983 b",2.36000000,0.21054510,,,60.08550820000,"Transit",2016
"Kepler-1790 b",3.14461450,0.28054420,,,31.58889961000,"Transit",2021
"Kepler-230 c",2.04000000,0.18200000,,0.3800000000,91.77324200000,"Transit",2014
"Kepler-164 e",4.24000000,0.37826811,,0.4025000000,94.88690200000,"Transit",2023
"Kepler-138 e",,,0.43000000,0.1803000000,38.23000000000,"Transit Timing Variations",2022
"Kepler-461 b",2.58000000,0.23017218,,,8.31378305900,"Transit",2016
"TOI-4794 b",14.35870428,1.28100000,308.29355479,0.0492000000,3.56581160000,"Transit",2025
"WASP-167 b",17.71022000,1.58000000,2542.64000000,0.0365000000,2.02195960000,"Transit",2017
"TOI-157 b",14.41477400,1.28600000,375.03940000,0.0313800000,2.08454350000,"Transit",2020
"K2-115 b",11.80305668,1.05300000,321.00669107,0.1415000000,20.27299140000,"Transit",2017
"Kepler-223 e",4.60000000,0.41038451,4.80000000,,19.72567000000,"Transit",2014
"HD 73344 b",2.88400000,0.25729369,10.48000000,0.1310000000,15.61100000000,"Transit",2024
"61 Vir d",,,22.90000000,0.4760000000,123.01000000000,"Radial Velocity",2009
"HD 164922 d",,,4.00000000,0.1030000000,12.45800000000,"Radial Velocity",2020
"Kepler-416 c",,,,,12.20900000000,"Transit",2014
"HD 99109 b",,,139.84520000,1.1100000000,439.29999000000,"Radial Velocity",2005
"Kepler-118 b",1.96000000,0.17500000,,0.0730000000,7.51849600000,"Transit",2014
"Kepler-50 c",2.17000000,0.19400000,,0.0870000000,9.37647000000,"Transit",2012
"TOI-4156 c",2.92303762,0.26077640,,,12.82282706375,"Transit",2026
"Kepler-1993 b",4.15000000,0.37023884,,0.1943000000,26.65657370000,"Transit",2023
"K2-390 b",4.66200000,0.41591650,,,3.31279200000,"Transit",2022
"Kepler-741 b",2.97000000,0.26496565,,,7.03902374000,"Transit",2016
"HD 133131 A b",,,451.31860000,1.4400000000,649.00000000000,"Radial Velocity",2016
"G 9-40 b",1.90000000,0.16950694,4.00000000,0.0418000000,5.74599820000,"Transit",2019
"Kepler-160 c",3.76000000,0.33544473,,0.1192000000,13.69942900000,"Transit",2014
"K2-31 b",11.88154000,1.06000000,563.83042000,0.0220000000,1.25785000000,"Transit",2016
"Kepler-114 b",1.26000000,0.11200000,,0.0530000000,5.18854900000,"Transit",2014
"Kepler-1143 b",1.67000000,0.14898742,,,2.88890484900,"Transit",2016
"Kepler-1129 c",2.73000000,0.24355429,,,76.53695860000,"Transit",2016
"HR 8799 d",13.00000000,1.20000000,3000.00000000,24.0000000000,37000.00000000000,"Imaging",2008
"Kepler-1073 b",2.30000000,0.20519226,,,8.67888593000,"Transit",2016
"Kepler-1966 b",1.10479327,0.09856322,,,8.61742973300,"Transit",2021
"Kepler-58 d",2.94000000,0.26200000,,0.2360000000,40.10137100000,"Transit",2014
"Kepler-62 d",1.95000000,0.17400000,14.00000000,0.1200000000,18.16406000000,"Transit",2013
"Kepler-1866 b",2.08215108,0.18575740,,,11.66009998000,"Transit",2021
"BD+20 2457 b",,,6807.63000000,1.4500000000,379.63000000000,"Radial Velocity",2009
"Kepler-353 b",0.89000000,0.07900000,,0.0510000000,5.79527800000,"Transit",2014
"Kepler-1506 b",1.32000000,0.11776251,,,14.03291540000,"Transit",2016
"K2-340 b",3.36000000,0.29975964,,,29.74045100000,"Transit",2021
"KIC 3558849 b",6.90000000,0.61557677,,,1322.30000000000,"Transit",2015
"TOI-2211.01",1.56100000,0.13926333,,0.0401100000,3.09268675700,"Transit",2024
"Kepler-1786 b",3.16305828,0.28218964,,,78.54609680000,"Transit",2021
"Kepler-973 b",1.96000000,0.17485949,,,49.60773310000,"Transit",2016
"MOA-2019-BLG-008L b",,,5720.91132600,,,"Microlensing",2022
"Kepler-333 b",1.32000000,0.11800000,,0.0870000000,12.55115800000,"Transit",2014
"HD 2952 b",,,284.77425267,1.1170000000,312.08000000000,"Radial Velocity",2013
"Kepler-35 b",8.16000000,0.72800000,40.36300000,0.6034700000,131.45800000000,"Transit",2011
"TOI-5573 b",9.75000000,0.87000000,112.00000000,0.0712000000,8.79758977000,"Transit",2025
"2MASS J22362452+4751425 b",,,3972.87500000,230.0000000000,,"Imaging",2016
"GJ 1002 c",,,1.36000000,0.0738000000,21.20200000000,"Radial Velocity",2022
"Kepler-1668 b",4.34764405,0.38787082,,,15.43400000000,"Transit",2020
"Kepler-1795 b",1.66301611,0.14836462,,,13.36019993000,"Transit",2021
"TOI-1836 b",8.00321222,0.71400000,38.45723725,0.1597000000,20.38079900000,"Transit",2024
"Kepler-1720 b",3.21585295,0.28689968,,,12.70639992000,"Transit",2021
"HD 33844 b",,,638.83830000,1.6000000000,551.40002000000,"Radial Velocity",2015
"KMT-2025-BLG-1616L b",,,42.32000000,1.6000000000,,"Microlensing",2026
"HD 32518 b",,,905.49313154,0.5940000000,157.35000000000,"Radial Velocity",2009
"Kepler-1830 b",3.32992941,0.29707691,,,56.49330139000,"Transit",2021
"HD 65216 b",,,411.58985000,1.3010000000,577.60000000000,"Radial Velocity",2003
"HAT-P-28 b",13.58500000,1.21200000,198.95300000,0.0434000000,3.25721500000,"Transit",2011
"K2-160 b",3.17824034,0.28354361,,,3.70587100000,"Transit",2018
"Kepler-296 d",2.09000000,0.18645731,,0.1180000000,19.85029100000,"Transit",2014
"Kepler-501 c",1.68119739,0.14998664,,,3.62276005700,"Transit",2021
"HAT-P-66 b",17.82231000,1.59000000,248.86089000,0.0436300000,2.97208600000,"Transit",2016
"Kepler-1708 b",9.96000000,0.88857321,1462.01067220,1.6400000000,737.11310000000,"Transit",2021
"GJ 480 b",,,8.80000000,0.0680000000,9.55360000000,"Radial Velocity",2020
"HD 102956 b",,,305.11680000,0.0807000000,6.49470000000,"Radial Velocity",2010
"Kepler-1394 b",1.39000000,0.12400749,,,3.93766373000,"Transit",2016
"Kepler-1220 b",1.52000000,0.13560532,,,7.42693741000,"Transit",2016
"HATS-49 b",8.57488500,0.76500000,112.19399000,0.0451500000,4.14804670000,"Transit",2020
"Kepler-7 b",18.18099800,1.62200000,140.16303000,0.0606700000,4.88548920000,"Transit",2009
"HD 135872 b",,,1744.56012602,4.1720000000,2422.32597000000,"Radial Velocity",2022
"Kepler-658 b",1.63000000,0.14541886,,,1.28707676200,"Transit",2016
"GJ 667 C e",,,2.70000000,0.2130000000,62.24000000000,"Radial Velocity",2013
"Kepler-56 c",9.80000000,0.87400000,181.00000000,0.1652000000,21.40239000000,"Transit",2012
"Kepler-637 b",4.75000000,0.42376662,,,23.20584623000,"Transit",2016
"Kepler-1440 b",1.26000000,0.11240967,,,39.85948400000,"Transit",2016
"Kepler-1649 b",1.01700000,0.09073066,,,8.68909900000,"Transit",2017
"Kepler-481 b",2.50000000,0.22303506,,,10.06082567000,"Transit",2016
"Kepler-1257 b",1.52000000,0.13560532,,,2.66831376200,"Transit",2016
"Kepler-1796 b",2.75047868,0.24538169,,,29.45579910000,"Transit",2021
"Kepler-1831 b",1.97019818,0.17576961,,,5.78387022000,"Transit",2021
"GJ 422 b",,,11.07000000,0.1110000000,20.12900000000,"Radial Velocity",2014
"K2-148 b",1.33000000,0.11865465,,0.0454000000,4.38395000000,"Transit",2018
"Kepler-416 b",2.48000000,0.22100000,58.20000000,,6.31900000000,"Transit",2014
"Kepler-122 e",2.60000000,0.23200000,,0.2270000000,37.99327300000,"Transit",2014
"Kepler-417 b",2.31000000,0.20600000,11.00000000,,12.33100000000,"Transit",2014
"Kepler-37 e",,,,,51.19600000000,"Transit",2014
"K2-316 c",1.83000000,0.16326166,,0.0582000000,5.26000000000,"Transit",2020
"KMT-2019-BLG-0414L b",,,1452.47581999,1.1600000000,,"Microlensing",2022
"TOI-2094 b",1.90000000,0.16950694,,0.1360000000,18.79319300000,"Transit",2026
"2MASS J19383260+4603591 b",,,591.16083702,,406.00000000000,"Eclipse Timing Variations",2015
"Kepler-799 c",2.78068551,0.24807657,,,15.19419956000,"Transit",2021
"Kepler-110 c",2.21000000,0.19700000,,0.1980000000,31.71977500000,"Transit",2014
"GJ 849 b",,,283.82076745,2.3200000000,1925.31000000000,"Radial Velocity",2006
"Kepler-92 d",2.06700000,0.18440539,,,49.35680000000,"Transit",2015
"K2-247 c",2.19000000,0.19537871,,0.0615000000,6.49424000000,"Transit",2018
"KELT-3 b",17.48604000,1.56000000,616.59020000,,2.70339000000,"Transit",2013
"HATS-16 b",14.57170000,1.30000000,1039.30410000,0.0374400000,2.68650200000,"Transit",2016
"HD 137496 b",1.31000000,0.11687057,4.04000000,0.0273200000,1.62116000000,"Transit",2021
"Kepler-224 b",1.39000000,0.12400000,,0.0380000000,3.13292400000,"Transit",2014
"Kepler-526 b",1.99000000,0.17753591,,,5.45849831600,"Transit",2016
"Kepler-331 c",1.84000000,0.16400000,,0.1050000000,17.28111000000,"Transit",2014
"CFHTWIR-Oph 98 b",20.84870410,1.86000000,2479.06157460,200.0000000000,8040000.00000000000,"Imaging",2020
"Kepler-1989 b",4.62000000,0.41216950,,0.0918000000,10.16102352800,"Transit",2023
"Kepler-1741 b",1.27300000,0.11356965,,,2.75759005500,"Transit",2021
"Kepler-50 b",1.71000000,0.15300000,,0.0770000000,7.81254000000,"Transit",2012
"WISEP J121756.91+162640.2 A b",10.46800000,0.93400000,6992.00000000,8.0000000000,,"Imaging",2012
"TOI-1269 b",2.40144286,0.21424275,6.40000000,0.0496000000,4.25299130000,"Transit",2024
"Kepler-1089 b",1.83000000,0.16326166,,,5.13248561800,"Transit",2016
"K2-285 e",1.95000000,0.17396735,10.70000000,0.1804100000,14.76289000000,"Transit",2018
"TOI-4562 c",,,1833.86990839,5.2190000000,3990.00000000000,"Transit Timing Variations",2024
"Kepler-725 c",,,9.70000000,0.6744000000,207.54100000000,"Transit Timing Variations",2025
"eps Ind A b",,,2065.88464550,15.7600000000,25450.00000000000,"Radial Velocity",2019
"Kepler-247 d",4.50000000,0.40146380,50.00000000,,20.47370000000,"Transit",2014
"TOI-4409 b",7.44000000,0.66375348,14.93793513,,92.49178900000,"Transit",2026
"Kepler-122 f",1.75000000,0.15600000,36.00000000,,56.26800000000,"Transit",2014
"TOI-2095 b",1.25000000,0.11151772,4.10000000,0.1010000000,17.66484000000,"Transit",2023
"TOI-2154 b",16.28664896,1.45300000,292.40213444,0.0513000000,3.82408010000,"Transit",2023
"Kepler-1588 b",0.76000000,0.06780266,,,7.84931739000,"Transit",2016
"Kepler-945 b",2.63000000,0.23463288,,,31.00338140000,"Transit",2016
"Kepler-1103 b",2.27000000,0.20251584,,,19.79191978000,"Transit",2016
"Kepler-339 d",1.17000000,0.10400000,,0.0910000000,10.55834500000,"Transit",2014
"KMT-2022-BLG-1818L b",,,1271.31362800,2.6000000000,,"Microlensing",2026
"Kepler-1848 b",1.40885390,0.12568974,,,5.60402011900,"Transit",2021
"Qatar-10 b",17.29548700,1.54300000,233.92288000,0.0286000000,1.64532100000,"Transit",2019
"Kepler-1805 b",1.54502915,0.13783851,,,8.84794044500,"Transit",2021
"HD 60292 b",,,2065.89500000,1.5000000000,495.40000000000,"Radial Velocity",2020
"K2-182 b",2.71257333,0.24200000,20.97667486,0.0517400000,4.73696960000,"Transit",2018
"Kepler-140 c",1.80000000,0.16100000,,0.4140000000,91.35328200000,"Transit",2014
"61 Vir b",,,5.10000000,0.0502010000,4.21500000000,"Radial Velocity",2009
"Kepler-338 e",1.56000000,0.13900000,8.50000000,,9.34100000000,"Transit",2014
"Kepler-415 b",1.21000000,0.10800000,119.90000000,,4.17600000000,"Transit",2014
"Kepler-37 c",0.75500000,0.06735670,1.30000000,0.1390000000,21.30184800000,"Transit",2013
"Kepler-1109 b",2.19000000,0.19537871,,,37.64673840000,"Transit",2016
"OGLE-2013-BLG-0341L B b",,,1.66000000,0.7020000000,,"Microlensing",2014
"K2-285 d",2.48000000,0.22125078,6.50000000,0.1178000000,10.45582000000,"Transit",2018
"Kepler-818 b",5.11000000,0.45588366,,,10.03538581400,"Transit",2016
"HD 213885 b",1.74500000,0.15567847,8.83000000,0.0201200000,1.00803500000,"Transit",2019
"Pr0201 b",,,171.62820000,0.0600000000,4.42640000000,"Radial Velocity",2012
"Kepler-665 b",2.60000000,0.23195646,,,16.01310205000,"Transit",2016
"K2-238 b",14.57170000,1.30000000,273.33380000,0.0460000000,3.20466000000,"Transit",2018
"GJ 3323 b",,,2.02000000,0.0328200000,5.36360000000,"Radial Velocity",2017
"WASP-81 b",16.01766100,1.42900000,231.69807000,0.0390800000,2.71647620000,"Transit",2017
"K2-138 e",3.39000000,0.30243554,12.97000000,0.0782000000,8.26146000000,"Transit",2017
"TIC 188624430 b",3.64811843,0.32546389,,,6.21860433132,"Transit",2026
"HAT-P-50 b",14.43719200,1.28800000,429.07050000,0.0453000000,3.12201090000,"Transit",2015
"HD 92788 c",,,1166.43610000,10.5000000000,11611.29750000000,"Radial Velocity",2019
"Kepler-1423 b",1.06000000,0.09456687,,,23.95537800000,"Transit",2016
"HD 37124 b",,,214.53525000,0.5336400000,154.37800000000,"Radial Velocity",2002
"WASP-162 b",11.20900000,1.00000000,1652.71600000,0.0871000000,9.62468000000,"Transit",2018
"Kepler-949 b",2.91000000,0.25961281,,,8.68930729600,"Transit",2016
"Kepler-293 b",3.07000000,0.27400000,,0.1440000000,19.25419600000,"Transit",2014
"TOI-778 b",15.40000000,1.37000000,878.00000000,0.0600000000,4.63361100000,"Transit",2023
"Kepler-1525 b",0.91000000,0.08118476,,,2.41660118300,"Transit",2016
"HAT-P-49 b",17.82231000,1.59000000,699.22600000,,2.69155000000,"Transit",2014
"Kepler-1753 b",2.22678077,0.19866042,,,16.00460052000,"Transit",2021
"TOI-756 c",,,1287.20504835,0.4390000000,149.40000000000,"Radial Velocity",2025
"Kepler-954 b",2.32000000,0.20697654,,,16.78176602000,"Transit",2016
"Wolf 1061 d",,,7.70000000,0.4700000000,217.21000000000,"Radial Velocity",2015
"WASP-14 b",15.46842000,1.38000000,2809.61720000,,2.24375000000,"Transit",2008
"WASP-100 b",14.90797000,1.33000000,400.46580000,,2.84938000000,"Transit",2014
"TOI-1448 b",2.74900000,0.24524978,19.50000000,0.0567000000,8.11224500000,"Transit",2024
"Lupus-TR-3 b",9.97600000,0.89000000,257.43100000,0.0464000000,3.91405000000,"Transit",2007
"MOA-2011-BLG-262L b",,,17.00000000,0.9500000000,,"Microlensing",2014
"K2-353 b",5.55000000,0.49513869,,,15.46680500000,"Transit",2021
"TOI-2068 b",1.82100000,0.16245902,,0.0632000000,7.76891500000,"Transit",2024
"Kepler-88 d",,,965.14699656,,1403.00000000000,"Radial Velocity",2020
"KMT-2025-BLG-0975L b",,,29.80000000,0.8100000000,,"Microlensing",2026
"Kepler-414 b",1.71000000,0.15300000,3.50000000,,4.70000000000,"Transit",2014
"HD 12648 b",,,622.94680000,0.5400000000,133.60001000000,"Radial Velocity",2015
"HD 102888 b",,,1808.44363583,1.0500000000,252.06000000000,"Radial Velocity",2025
"KOI-1783.02",5.44000000,0.48532429,15.00000000,,284.21500000000,"Transit",2020
"HD 73583 c",2.39000000,0.21322189,9.70000000,0.1242000000,18.87974000000,"Transit",2022
"TOI-1696 b",3.09000000,0.27567181,48.80000000,0.0229000000,2.50031100000,"Transit",2022
"Kepler-396 b",3.50000000,0.31200000,75.50000000,,42.99400000000,"Transit",2013
"Kepler-602 b",2.09000000,0.18645731,,,15.28469497000,"Transit",2016
"GJ 180 c",,,6.40000000,0.1290000000,24.32900000000,"Radial Velocity",2014
"Kepler-113 c",2.18000000,0.19400000,8.70000000,,8.92507000000,"Transit",2014
"Kepler-147 c",2.43000000,0.21700000,,0.2160000000,33.41642300000,"Transit",2014
"HD 12235 b",,,10.48833743,0.0540000000,4.36305000000,"Radial Velocity",2022
"HD 25912 b",,,38.13940884,0.2420000000,41.83156000000,"Radial Velocity",2022
"KMT-2021-BLG-1105L b",,,413.17692910,3.5400000000,,"Microlensing",2023
"Kepler-867 b",4.64000000,0.41395307,,,150.24212700000,"Transit",2016
"L 363-38 b",,,4.67000000,0.0480000000,8.78100000000,"Radial Velocity",2023
"Kepler-139 f",,,36.00000000,,355.00000000000,"Transit Timing Variations",2025
"EPIC 206024342 b",1.70000000,0.15166384,,,4.50756000000,"Transit",2019
"TOI-1224 b",2.10400000,0.18770663,,0.0355000000,4.17827450000,"Transit",2024
"Kepler-1044 b",2.67000000,0.23820145,,,6.77408868000,"Transit",2016
"TYC 3667-1280-1 b",,,1716.28200000,0.2100000000,26.46800000000,"Radial Velocity",2016
"Kepler-850 b",1.78000000,0.15880096,,,7.19303878000,"Transit",2016
"HD 99706 b",,,390.93090000,1.9800000000,841.00000000000,"Radial Velocity",2011
"TOI-2267 d",1.77000000,0.15790910,,0.0145000000,2.03446710000,"Transit",2025
"TOI-1775 b",8.04728896,0.71793227,96.00000000,0.0800000000,10.24055490000,"Transit",2024
"Kepler-298 d",2.50000000,0.22300000,,0.3050000000,77.47363300000,"Transit",2014
"K2-233 b",1.31500000,0.11731664,2.40000000,0.0329300000,2.46758300000,"Transit",2018
"EPIC 220492298 b",0.99000000,0.08832204,,,0.76240600000,"Transit",2021
"pi Men d",,,13.38000000,,124.64000000000,"Radial Velocity",2022
"K2-380 b",2.72900000,0.24346549,,,9.40131200000,"Transit",2022
"K2-170 c",1.80176470,0.16074268,,,12.40004700000,"Transit",2018
"TOI-1386 c",,,75.20000000,0.7500000000,232.00000000000,"Radial Velocity",2024
"Kepler-1262 b",1.82000000,0.16236952,,,8.67900242000,"Transit",2016
"TOI-4153 b",16.11851425,1.43800000,365.50266805,0.0631100000,4.61741410000,"Transit",2024
"MOA-2020-BLG-108L b",,,3391.22910269,3.6900000000,,"Microlensing",2026
"TOI-7189 b",10.90000000,0.98000000,159.04000000,0.0329400000,2.89055000000,"Transit",2026
"Gl 725 A b",,,2.78000000,0.0680000000,11.22010000000,"Radial Velocity",2025
"HD 202206 b",,,6849.20217085,0.8100000000,256.26000000000,"Radial Velocity",2026
"HIP 81991 b",,,3019.36986650,6.4000000000,5860.00000000000,"Radial Velocity",2026
"Gl 725 B c",,,3.40000000,0.1390000000,37.90000000000,"Radial Velocity",2026
"TOI-7265 B b",10.70000000,0.95000000,224.95000000,0.0400700000,4.17232000000,"Transit",2026
"TOI-4492 b",11.78063872,1.05100000,1881.54416944,0.0535000000,4.43318240000,"Transit",2026
"OGLE-2014-BLG-0676L b",,,988.44634577,2.0400000000,,"Microlensing",2016
"KOI-134 c",,,69.92224954,0.2305000000,33.95000000000,"Transit Timing Variations",2025
"Kepler-37 b",0.30980000,0.02763855,0.79000000,0.1019000000,13.36702000000,"Transit",2013
"TOI-1694 b",5.27000000,0.47015872,28.24000000,0.0445000000,3.77013890000,"Transit",2023
"TOI-2384 b",11.48920522,1.02500000,624.85064816,0.0279300000,2.13570304000,"Transit",2024
"TOI-5628 A b",8.29464572,0.74000000,28.60455663,0.0368000000,4.34166120000,"Transit",2026
"HD 125136 b",,,718.29219982,,849.77000000000,"Radial Velocity",2026
"HD 202206 c",,,982.08977763,2.3900000000,1299.22000000000,"Radial Velocity",2004
"TOI-603 b",7.37000000,0.65750849,33.00000000,0.1282000000,16.17984600000,"Transit",2026
"TOI-5806 b",15.13212395,1.35000000,721.47048389,0.0484000000,3.18563810000,"Transit",2026
"TOI-5916 b",11.80000000,1.05000000,219.00000000,0.0278900000,2.36712341000,"Transit",2026
"TOI-286 b",1.42000000,0.12668413,4.53000000,0.0503000000,4.51172440000,"Transit",2024
"TOI-2406 b",2.86000000,0.25515255,15.60000000,0.0226700000,3.07668910000,"Transit",2021
"TOI-7393 b",11.30000000,1.01000000,194.78000000,0.0366400000,3.33708000000,"Transit",2026
"TOI-7169 b",16.53324653,1.47500000,130.30964687,0.0428000000,3.43731250000,"Transit",2026
"TOI-2114 b",14.54925695,1.29800000,324.18497514,0.0760000000,6.20995900000,"Transit",2026
"TOI-2095 c",1.33000000,0.11865486,7.40000000,0.1370000000,28.17232000000,"Transit",2023
"HD 80653 b",1.62100000,0.14461618,5.61000000,0.0165700000,0.71957926000,"Transit",2020
"K2-312 c",,,1681.31227303,1.8820000000,871.32000000000,"Radial Velocity",2023
"TOI-762 A b",8.33948164,0.74400000,79.77493016,0.0341800000,3.47168260000,"Transit",2024
"Kepler-725 b",10.80000000,0.96351312,,0.2238000000,39.64372000000,"Transit",2016
"HD 60779 b",3.24600000,0.28958922,14.19000000,0.1922000000,29.98617500000,"Transit",2026
"HD 60779 c",,,28.30000000,,104.79000000000,"Radial Velocity",2026
"K2-24 b",5.63800000,0.50298954,20.60000000,0.1673000000,20.88959610000,"Transit",2016
"K2-24 c",7.93000000,0.70746843,16.40000000,0.2620000000,42.34732000000,"Transit",2016
"TOI-4438 b",2.40000000,0.21411403,4.11000000,0.0523000000,7.44629500000,"Transit",2024
"LP 714-47 b",4.25000000,0.37916026,28.38000000,0.0405600000,4.05203200000,"Transit",2020
"TOI-4504 b",2.65000000,0.23641757,140.00000000,0.0338000000,2.42615160000,"Transit",2024
"TOI-4504 c",11.17000000,0.99652237,821.00000000,0.3593000000,82.81909300000,"Transit",2024
"TOI-4504 d",11.26000000,1.00455164,643.00000000,0.2219000000,41.28719750000,"Transit Timing Variations",2024
"TOI-1422 c",2.61000000,0.23284900,14.00000000,0.2050000000,34.56330000000,"Radial Velocity",2025
"TOI-1062 c",,,9.78000000,0.0800000000,7.97200000000,"Radial Velocity",2021
"TOI-1422 b",3.83000000,0.34169030,9.50000000,0.1070000000,12.99894000000,"Transit",2022
"MOA-2010-BLG-117L b",,,170.00000000,2.4200000000,,"Microlensing",2018
"Kepler-1325 b",2.86000000,0.25515211,,,33.87868380000,"Transit",2016
"GJ 514 b",,,5.20000000,0.4220000000,140.43000000000,"Radial Velocity",2022
"Kepler-402 e",1.46000000,0.13000000,,0.1020000000,11.24286100000,"Transit",2014
"TOI-2981 b",13.40000000,1.19546999,638.00000000,0.0480000000,3.60150100000,"Transit",2024
"Kepler-1710 b",3.19744103,0.28525707,,,14.91110039000,"Transit",2021
"TOI-1259 A b",11.60000000,1.03488447,141.00000000,0.0408000000,3.47797920000,"Transit",2021
"TOI-1774.01",2.78000000,0.24801541,8.50000000,,16.70988000000,"Transit",2021
"TOI-2285 b",1.77000000,0.15790910,,,13.63510900000,"Transit",2021
"K2-249 b",2.79000000,0.24890713,,0.1151000000,12.40900000000,"Transit",2018
"K2-368 b",1.33200000,0.11883329,,,5.02559800000,"Transit",2022
"2MASS J03590986+2009361 b",,,5720.91132600,572.0000000000,,"Imaging",2024
"Kepler-1663 b",3.30395896,0.29475948,,,17.60460000000,"Transit",2020
"K2-219 c",1.43839723,0.12832521,,,6.66767000000,"Transit",2018
"Kepler-1169 b",0.94000000,0.08386118,,,6.11009134000,"Transit",2016
"Kepler-1060 b",2.38000000,0.21232938,,,46.87793670000,"Transit",2016
"Kepler-107 c",1.59700000,0.14247504,10.00000000,0.0606400000,4.90145200000,"Transit",2014
"Kepler-99 b",1.48000000,0.13200000,6.15000000,,4.60358000000,"Transit",2014
"HD 233604 b",,,2089.64400000,0.7470000000,192.00000000000,"Radial Velocity",2013
"Kepler-368 b",3.26000000,0.29100000,,0.1860000000,26.84768000000,"Transit",2014
"Kepler-1856 b",1.73447868,0.15474009,,,1.30200004600,"Transit",2021
"TIC 241249530 b",13.29385111,1.18600000,1582.78546686,0.6410000000,165.77190000000,"Transit",2024
"WASP-67 b",12.89035000,1.15000000,136.66690000,,4.61442000000,"Transit",2012
"NGTS-38 b",12.11690814,1.08100000,1516.04150139,0.6970000000,180.52797000000,"Transit",2026
"KMT-2023-BLG-0332L b",,,6992.22495400,3.2000000000,,"Microlensing",2026
"TOI-2345 c",2.45100000,0.21866395,7.27000000,0.1257000000,21.06430200000,"Transit",2025
"TOI-5599 b",7.18882120,0.64134477,,,5.43691503941,"Transit",2026
"Kepler-562 b",5.21000000,0.46480507,,,18.00931443600,"Transit",2016
"EPIC 248847494 b",12.44199000,1.11000000,4131.79000000,4.5000000000,3650.00000000000,"Transit",2018
"GJ 414 A b",2.63000000,0.23463288,7.60000000,0.2324000000,50.80000000000,"Radial Velocity",2021
"K2-204 b",3.17214154,0.28300000,,0.0738000000,7.05590800000,"Transit",2018
"Kepler-179 c",2.00000000,0.17800000,,0.0640000000,6.40013000000,"Transit",2014
"HD 221420 b",,,7278.27052030,10.1500000000,10090.00000000000,"Radial Velocity",2019
"NSVS 14256825 b",,,4497.29450000,3.1200000000,3225.00000000000,"Eclipse Timing Variations",2019
"TYC 8998-760-1 c",12.32990000,1.10000000,1906.98000000,320.0000000000,,"Imaging",2020
"HD 36384 b",,,2097.66748620,1.3000000000,490.00000000000,"Radial Velocity",2023
"TOI-905 b",13.12573900,1.17100000,211.99261000,0.0466600000,3.73949400000,"Transit",2020
"TOI-1806.01",3.40953670,0.30384891,,0.0877350440,15.14546930000,"Transit",2024
"Kepler-60 d",1.99000000,0.17753591,4.16000000,,11.89810000000,"Transit",2012
"Kepler-156 b",2.30000000,0.20500000,,0.0540000000,4.97345600000,"Transit",2014
"HD 99283 b",,,308.29355479,1.0800000000,310.40000000000,"Radial Velocity",2021
"GJ 720 A b",,,13.64000000,0.1190000000,19.46600000000,"Radial Velocity",2021
"Kepler-1888 b",1.32578716,0.11827901,,,11.39169979000,"Transit",2021
"Kepler-1001 c",1.57799279,0.14077909,,,9.18186000000,"Transit",2020
"TOI-3523 A b",15.97279750,1.42500000,435.42491759,0.0355900000,2.30458952000,"Transit",2025
"Kepler-950 b",8.98000000,0.80114194,,,98.71804060000,"Transit",2016
"Kepler-1094 b",3.18000000,0.28370060,,,78.10002310000,"Transit",2016
"HD 126614 b",,,107.74382997,2.2490000000,1257.25303000000,"Radial Velocity",2009
"K2-172 b",1.66608079,0.14863777,,,14.31694100000,"Transit",2018
"TOI-2416 b",9.86390302,0.88000000,953.48522100,0.0831000000,8.27547900000,"Transit",2023
"K2-32 b",5.29900000,0.47274593,15.00000000,0.0795000000,8.99200000000,"Transit",2016
"K2-149 b",1.64000000,0.14631100,,0.0830000000,11.33200000000,"Transit",2018
"TOI-921 b",3.53409617,0.31529149,,,5.12871907628,"Transit",2026
"Kepler-154 d",3.84000000,0.34258185,,,20.54981883000,"Transit",2016
"Kepler-1453 b",2.67000000,0.23820145,,,47.16116960000,"Transit",2016
"TOI-791 b",11.13051784,0.99300000,9.50000000,0.6020000000,139.29931000000,"Transit",2026
"Kepler-243 c",1.99000000,0.17800000,,0.1420000000,20.02621800000,"Transit",2014
"Kepler-439 b",2.24000000,0.20000000,,0.5630000000,178.13960000000,"Transit",2015
"17 Sco b",,,1373.01871824,1.4500000000,578.38000000000,"Radial Velocity",2020
"Kepler-445 d",1.25000000,0.11000000,,,8.15275000000,"Transit",2015
"Kepler-423 b",13.36100000,1.19200000,189.10100000,0.0358500000,2.68432850000,"Transit",2014
"OGLE-2018-BLG-0596L b",,,13.93000000,0.9700000000,,"Microlensing",2019
"HD 110113 b",2.05000000,0.18288875,4.55000000,0.0350000000,2.54100000000,"Transit",2021
"K2-155 c",2.60000000,0.23195646,,0.0946000000,13.85000000000,"Transit",2018
"Kepler-1177 b",1.90000000,0.16950665,,,106.24754700000,"Transit",2016
"Kepler-1032 b",1.87000000,0.16683023,,,3.29011795300,"Transit",2016
"DMPP-8 b",,,81.09000000,0.3098000000,62.91500000000,"Radial Velocity",2026
"CoRoT-1 b",16.70000000,1.49000000,327.35000000,,1.50895570000,"Transit",2008
"HD 5278 c",,,18.40000000,0.2416000000,40.87000000000,"Radial Velocity",2021
"Kepler-53 b",2.89000000,0.25800000,111.00000000,,18.64895250000,"Transit",2012
"Qatar-4 b",12.72221500,1.13500000,1938.76300000,0.0280300000,1.80535640000,"Transit",2017
"TOI-1695 b",1.90000000,0.16950694,6.36000000,0.0335480000,3.13427910000,"Transit",2022
"Kepler-688 b",9.76000000,0.87072888,,,3.89593684400,"Transit",2016
"HD 217107 c",,,1388.91013859,5.9220000000,5138.70000000000,"Radial Velocity",2005
"K2-419 A b",10.55000000,0.94100000,196.00000000,0.1208000000,20.35847252000,"Transit",2024
"Kapteyn c",,,7.00000000,0.3110000000,121.54000000000,"Radial Velocity",2014
"HD 92788 b",,,1195.04080000,0.9700000000,325.80300000000,"Radial Velocity",2000
"Kepler-715 b",3.75000000,0.33455259,,,10.00652995000,"Transit",2016
"Kepler-1629 b",0.77000000,0.06869480,,,3.87595807000,"Transit",2016
"Kepler-357 d",3.43000000,0.30600000,,0.2460000000,49.49987500000,"Transit",2014
"Kepler-510 b",2.47000000,0.22035864,,,19.55659418000,"Transit",2016
"Kepler-1919 b",2.62390658,0.23408967,,,37.88660049000,"Transit",2021
"KMT-2021-BLG-0736L b",,,21.00000000,4.0000000000,,"Microlensing",2025
"K2-190 c",1.09308317,0.09751835,,,21.57402300000,"Transit",2018
"HD 13931 b",,,699.22600000,5.1500000000,4218.00000000000,"Radial Velocity",2009
"Kepler-1388 e",2.46000000,0.21946650,,,37.63270840000,"Transit",2016
"K2-43 c",2.42000000,0.21589794,,,2.19888400000,"Transit",2019
"WASP-23 b",10.78300000,0.96200000,280.95000000,0.0376000000,2.94442560000,"Transit",2010
"Kepler-732 b",2.18000000,0.19448657,,,9.46781404800,"Transit",2016
"TOI-7008 b",4.94735276,0.44137401,,,0.84069041367,"Transit",2026
"Kepler-185 c",2.02000000,0.18000000,,0.1390000000,20.72904200000,"Transit",2014
"TOI-1227 b",9.57246952,0.85400000,,0.0886000000,27.36397000000,"Transit",2022
"KMT-2020-BLG-0202L b",,,3902.93283796,4.1700000000,,"Microlensing",2026
"KOI-7368 b",2.22000000,0.19800000,,,6.84303440000,"Transit",2022
"Kepler-1225 b",1.82000000,0.16236952,,,7.01075434000,"Transit",2016
"Kepler-1039 b",1.46000000,0.13025248,,,0.93488424200,"Transit",2016
"Kepler-407 c",,,4000.00000000,,3000.00000000000,"Radial Velocity",2014
"Kepler-971 b",2.13000000,0.19002587,,,9.59070716000,"Transit",2016
"Kepler-1967 b",0.73022577,0.06514649,,,7.28169012100,"Transit",2021
"Kepler-154 c",2.95000000,0.26300000,,0.3030000000,62.30327600000,"Transit",2014
"GJ 251 c",,,3.88000000,0.1960000000,53.64700000000,"Radial Velocity",2025
"HD 188015 b",,,476.72000000,1.2030000000,461.20000000000,"Radial Velocity",2004
"Kepler-419 c",,,2320.10000000,1.6800000000,675.47000000000,"Transit Timing Variations",2014
"TOI-2081 b",2.04000000,0.18199692,,0.0752000000,10.50534000000,"Transit",2022
"Kepler-1133 b",1.97000000,0.17575163,,,11.55562343000,"Transit",2016
"BEBOP-4 AB b",,,8358.88710410,3.6340000000,1823.50000000000,"Radial Velocity",2025
"Kepler-1875 b",3.22686692,0.28788228,,,34.45859909000,"Transit",2021
"BEBOP-3 b",,,177.34825111,1.4440000000,547.00000000000,"Radial Velocity",2025
"K2-49 b",1.93000000,0.17218307,,0.0309000000,2.77065000000,"Transit",2016
"TOI-5630 b",2.37117553,0.21154248,,,3.22118452536,"Transit",2026
"Kepler-171 c",2.56000000,0.22800000,,0.0980000000,11.46346200000,"Transit",2014
"Kepler-1174 b",1.59000000,0.14185030,,,6.89225223000,"Transit",2016
"Kepler-354 d",1.24000000,0.11100000,,0.1460000000,24.20984200000,"Transit",2014
"TOI-4734 b",10.91754720,0.97400000,61.65871096,0.0740000000,6.23563300000,"Transit",2025
"HD 33283 b",,,104.56607000,0.1508000000,18.19910000000,"Radial Velocity",2006
"WASP-82 b",18.15858000,1.62000000,371.86110000,,2.70579000000,"Transit",2015
"WASP-117 b",11.88154000,1.06000000,95.34900000,,10.02165000000,"Transit",2014
"Kepler-328 b",2.30000000,0.20500000,28.50000000,,34.92100000000,"Transit",2013
"Kepler-652 b",2.49000000,0.22214292,,,4.18200253100,"Transit",2016
"HD 213519 b",,,9.21702380,0.0990000000,11.12214000000,"Radial Velocity",2022
"Kepler-1302 b",1.43000000,0.12757605,,,8.83922659000,"Transit",2016
"HD 15906 c",2.93000000,0.26139754,,0.1410000000,21.58329800000,"Transit",2023
"HD 125390 b",,,8646.20398403,3.4960000000,1757.39151000000,"Radial Velocity",2019
"HD 7924 d",,,6.44000000,0.1551000000,24.45100000000,"Radial Velocity",2015
"Kepler-352 d",0.80628032,0.07193164,,,6.88727998700,"Transit",2021
"HD 176986 d",,,6.76000000,0.2814900000,61.37600000000,"Radial Velocity",2026
"TOI-2019 b",5.33275337,0.47575721,34.40000000,0.1280000000,15.34440000000,"Transit",2024
"K2-411 b",0.98980000,0.08830419,,0.0511000000,3.21410000000,"Transit",2022
"HD 94890 c",,,2831.85110637,4.3300000000,2492.19000000000,"Radial Velocity",2025
"KMT-2021-BLG-1898L b",,,232.01473711,1.9000000000,,"Microlensing",2022
"Kepler-176 e",1.45000000,0.12936034,,,51.16579000000,"Transit",2016
"HD 153557 b",,,20.34101805,0.0680000000,7.29903000000,"Radial Velocity",2022
"TIC 77552382 b",5.69176189,0.50778586,,,3.51025904942,"Transit",2026
"TOI-1230.01",2.38627705,0.21288975,,,25.05734661842,"Transit",2021
"Pr0211 b",,,597.52040000,0.0317600000,2.14610000000,"Radial Velocity",2012
"HD 96127 b",,,1207.74794660,1.4100000000,638.90000000000,"Radial Velocity",2011
"Kepler-1111 b",2.00000000,0.17842805,,,8.79617863000,"Transit",2016
"GJ 1148 b",,,96.70000000,0.1660000000,41.38000000000,"Radial Velocity",2010
"HD 22496 b",,,5.57000000,0.0510000000,5.09071000000,"Radial Velocity",2021
"Kepler-144 c",1.35000000,0.12000000,,0.0940000000,10.10466500000,"Transit",2014
"Kepler-1598 b",0.95000000,0.08475332,,,4.34195123000,"Transit",2016
"Kepler-78 b",1.20100000,0.10714623,1.68000000,0.0090100000,0.35500745000,"Transit",2013
"Kepler-1004 b",6.28000000,0.56026407,,,5.28789787000,"Transit",2016
"Kepler-130 b",1.02000000,0.09100000,,0.0790000000,8.45745800000,"Transit",2014
"Kepler-1126 b",1.73000000,0.15434026,,,108.59332900000,"Transit",2016
"Kepler-26 b",2.78000000,0.24801499,5.12000000,,12.28000000000,"Transit",2011
"Kepler-52 c",1.84000000,0.16400000,45.40000000,,16.38500210000,"Transit",2012
"Kepler-1918 b",2.29763023,0.20498119,,,47.05640030000,"Transit",2021
"Kepler-1416 b",0.88000000,0.07850834,,,1.49514952000,"Transit",2016
"TOI-1772.01",2.90500000,0.25916719,,0.0783750000,8.05424687400,"Transit",2024
"HD 30177 b",,,2622.08435775,3.4900000000,2539.00000000000,"Radial Velocity",2002
"Kepler-147 b",1.53000000,0.13600000,,0.1130000000,12.61058400000,"Transit",2014
"HD 87816 c",,,3877.50656540,10.1400000000,7596.00000000000,"Radial Velocity",2025
"K2-42 b",2.15000000,0.19181015,,0.0617000000,6.68796000000,"Transit",2016
"KELT-18 b",17.59813000,1.57000000,375.03940000,0.0455000000,2.87175180000,"Transit",2017
"Kepler-1762 b",2.76022913,0.24625157,,,29.53910065000,"Transit",2021
"Kepler-1988 b",1.53000000,0.13649769,,0.1038000000,11.49500229000,"Transit",2023
"HD 125271 b",,,3465.60094993,10.8170000000,14901.99295000000,"Radial Velocity",2022
"Kepler-444 d",0.53000000,0.04700000,,0.0600000000,6.18939200000,"Transit",2015
"Kepler-451 d",,,559.37799632,,43.00000000000,"Eclipse Timing Variations",2022
"Kepler-1124 b",1.28000000,0.11419395,,,2.85234897500,"Transit",2016
"Kepler-178 d",3.95000000,0.35200000,,0.3970000000,96.67898800000,"Transit",2014
"K2-32 d",3.48400000,0.31082220,6.70000000,0.1842200000,31.71701000000,"Transit",2016
"K2-366 b",2.35900000,0.21045625,,,15.93703900000,"Transit",2022
"HD 10442 b",,,472.61321000,2.0100000000,1032.30000000000,"Radial Velocity",2014
"HD 14067 b",,,4862.77462710,5.1500000000,2744.00000000000,"Radial Velocity",2014
"7 CMa c",,,276.51210000,2.1530000000,996.00000000000,"Radial Velocity",2019
"kap CrB b",,,483.73483545,2.5000000000,1253.68000000000,"Radial Velocity",2007
"Kepler-276 c",2.90000000,0.25900000,16.60000000,,31.88400000000,"Transit",2013
"Kepler-487 d",2.77513568,0.24758145,,,2.41839003600,"Transit",2021
"HATS-30 b",13.17057500,1.17500000,224.38798000,0.0435400000,3.17435160000,"Transit",2016
"Kepler-656 c",1.41000000,0.12579199,,0.0602000000,5.25449393000,"Transit",2023
"Kepler-67 b",2.94000000,0.26200000,,0.1171000000,15.72590000000,"Transit",2013
"Kepler-349 c",1.96000000,0.17500000,,0.1050000000,12.24762900000,"Transit",2014
"Kepler-1873 b",1.62573811,0.14503889,,,0.55884200300,"Transit",2021
"Kepler-1165 b",1.55000000,0.13828174,,,9.47852200000,"Transit",2016
"Kepler-1774 b",3.18179549,0.28386127,,,59.77080154000,"Transit",2021
"HD 202772 A b",18.23701160,1.62700000,323.54931833,0.0520800000,3.30887750000,"Transit",2019
"Kepler-1326 b",4.18000000,0.37291462,,,42.35142670000,"Transit",2016
"Kepler-1051 b",3.40000000,0.30332768,,,25.96200249000,"Transit",2016
"Kepler-788 b",2.55000000,0.22749576,,,8.39846269000,"Transit",2016
"HIP 70849 b",,,1430.22783150,3.9900000000,3649.00000000000,"Radial Velocity",2011
"HATS-28 b",13.38354600,1.19400000,213.58176000,0.0413100000,3.18107810000,"Transit",2016
"HD 153557 d",,,8725.66108578,21.4490000000,40654.64809000000,"Radial Velocity",2022
"Kepler-251 d",2.77000000,0.24700000,,0.1820000000,30.13300100000,"Transit",2014
"Kepler-32 f",0.82000000,0.07315550,,0.0130000000,0.74296000000,"Transit",2012
"Kepler-1592 b",1.54000000,0.13738960,,,3.05710069000,"Transit",2016
"Kepler-283 c",1.82000000,0.16200000,,0.3410000000,92.74371100000,"Transit",2014
"Kepler-621 b",2.30000000,0.20519226,,,2.62811374600,"Transit",2016
"TOI-2141 d",,,14.90000000,0.2906000000,60.45000000000,"Radial Velocity",2025
"Kepler-436 c",2.33000000,0.20786868,,,16.79713874000,"Transit",2016
"Kepler-428 b",12.11000000,1.08000000,403.63000000,0.0433000000,3.52563254000,"Transit",2014
"TOI-6041 c",,,77.90000000,0.3721000000,88.00000000000,"Radial Velocity",2025
"Kepler-1346 b",1.58000000,0.14095816,,,3.40165668000,"Transit",2016
"OGLE-2015-BLG-1649L b",,,807.00000000,2.0700000000,,"Microlensing",2019
"Kepler-445 b",1.58000000,0.14000000,,,2.98415100000,"Transit",2015
"Kepler-678 b",5.14000000,0.45856009,,,7.27503724000,"Transit",2016
"Kepler-169 c",1.21000000,0.10800000,,0.0620000000,6.19546900000,"Transit",2014
"K2-407 b",1.28300000,0.11446179,,,4.94190700000,"Transit",2022
"HD 30856 b",,,491.68301000,1.8500000000,847.00000000000,"Radial Velocity",2011
"Kepler-1021 b",2.33000000,0.20786868,,,13.47469571000,"Transit",2016
"Kepler-1649 c",1.06000000,0.09456687,,,19.53527000000,"Transit",2020
"GJ 4274 b",,,2.97000000,0.0153000000,1.63390000000,"Radial Velocity",2026
"Kepler-80 g",1.13000000,0.10081185,,,14.64558000000,"Transit",2017
"TOI-6016 b",13.67495645,1.22000000,371.85923619,0.0550000000,4.02368700000,"Transit",2024
"Kepler-296 f",1.80000000,0.16058524,,0.2550000000,63.33627000000,"Transit",2014
"TOI-4406 b",11.20898070,1.00000000,95.34852210,0.2010000000,30.08364000000,"Transit",2023
"TOI-4155 b",3.21000000,0.28637751,,,3.32072900000,"Transit",2025
"Kepler-185 b",1.17000000,0.10400000,,0.0260000000,1.63290000000,"Transit",2014
"Kepler-1996 b",2.26000000,0.20162404,,0.1789000000,32.37618300000,"Transit",2023
"Kepler-1357 b",1.28000000,0.11419395,,,3.00913240000,"Transit",2016
"LkCa 15 c",,,,18.6000000000,,"Imaging",2015
"Kepler-1353 b",1.80000000,0.16058524,,,24.75439660000,"Transit",2016
"TOI-1238 b",1.21000000,0.10794916,3.76000000,0.0139000000,0.76459700000,"Transit",2022
"Kepler-1982 b",0.77000000,0.06869492,,0.0511000000,3.82315697000,"Transit",2023
"K2-88 b",1.23000000,0.10973325,,0.0345000000,4.61220000000,"Transit",2016
"Ross 176 b",1.84000000,0.16415409,4.57000000,0.0464000000,5.00663380000,"Transit",2025
"Kepler-663 b",2.60000000,0.23195646,,,4.99678284000,"Transit",2016
"Kepler-258 c",3.61000000,0.32200000,,0.1930000000,33.65307900000,"Transit",2014
"XO-6 b",23.20263000,2.07000000,1398.45200000,0.0815000000,3.76500070000,"Transit",2016
"Kepler-1176 b",2.45000000,0.21857436,,,24.17385790000,"Transit",2016
"K2-388 b",3.90000000,0.34793529,,,6.33932000000,"Transit",2022
"HD 218566 b",,,63.56600000,0.6900000000,225.70000000000,"Radial Velocity",2010
"K2-72 e",1.29000000,0.11508609,,0.1060000000,24.15886800000,"Transit",2016
"Kepler-1145 b",1.40000000,0.12489963,,,3.97076766000,"Transit",2016
"TOI-1107 b",14.57167491,1.30000000,1064.72516345,0.0561000000,4.07823870000,"Transit",2022
"Kepler-440 b",1.86000000,0.17000000,,0.2420000000,101.11141000000,"Transit",2015
"TOI-1411 b",1.19880592,0.10695049,2.00000000,0.0212200000,1.45205270000,"Transit",2022
"HD 158259 f",,,6.14000000,,12.02800000000,"Radial Velocity",2020
"Kepler-785 b",13.02000000,1.16156660,,,1.97376092600,"Transit",2016
"TOI-1233.01",2.53900000,0.22651441,,0.1074000000,14.17568500000,"Transit",2021
"TOI-5624 e",3.24700000,0.28967844,8.90000000,0.1439000000,21.48993600000,"Transit",2026
"HD 21411 b",,,65.90000000,0.3620000000,84.28800000000,"Radial Velocity",2019
"Kepler-1077 b",2.77000000,0.24712285,,,34.35118740000,"Transit",2016
"TOI-2049 b",16.64533634,1.48500000,486.27746271,0.0691900000,5.30346800000,"Transit",2026
"KMT-2016-BLG-2397L b",,,836.00000000,3.6400000000,,"Microlensing",2020
"K2-59 c",2.30000000,0.20519226,,0.0905000000,11.29540000000,"Transit",2016
"Qatar-9 b",11.30988100,1.00900000,378.21770000,0.0234000000,1.54073100000,"Transit",2019
"TIC 86380416 b",2.41236120,0.21521682,,,6.04086434610,"Transit",2026
"K2-263 b",2.51300000,0.22419523,15.40000000,0.2573000000,50.81917200000,"Transit",2018
"HD 81688 b",,,525.68818518,0.6480000000,183.93000000000,"Radial Velocity",2007
"HIP 14810 b",,,1239.53700000,0.0696000000,6.67389200000,"Radial Velocity",2005
"Kepler-1081 b",1.01000000,0.09010616,,,3.85691854700,"Transit",2016
"ome Ser b",,,233.92170755,0.8380000000,278.59000000000,"Radial Velocity",2013
"Kepler-640 b",2.56000000,0.22838790,,,22.24813967000,"Transit",2016
"K2-157 b",0.93500000,0.08340000,1.14000000,0.0096200000,0.36525750000,"Transit",2018
"Kepler-1129 b",2.96000000,0.26407351,,,24.33978040000,"Transit",2016
"Kepler-212 c",2.74000000,0.24400000,,0.2070000000,31.80517400000,"Transit",2014
"TOI-3862 b",5.53000000,0.49300000,53.70000000,0.0253900000,1.55745774000,"Transit",2026
"Qatar-1 b",12.81188700,1.14300000,411.27202000,0.0233200000,1.42002420000,"Transit",2010
"K2-257 b",0.83000000,0.07404764,,0.0216000000,1.60588000000,"Transit",2018
"HD 5278 b",2.45000000,0.21857474,7.80000000,0.1202000000,14.33915600000,"Transit",2021
"TOI-1248 b",6.80848590,0.60741347,27.40000000,0.0510000000,4.36015610000,"Transit",2024
"TOI-4582 b",10.53644186,0.94000000,168.44905571,,31.03400000000,"Transit",2023
"TOI-4364 b",2.01000000,0.17932050,,0.0475300000,5.42401900000,"Transit",2025
"Kepler-6 b",14.61653600,1.30400000,212.31044000,0.0485200000,3.23469960000,"Transit",2009
"EPIC 212297394 b",1.48000000,0.13203698,,,2.28936300000,"Transit",2019
"HATS-33 b",13.78707000,1.23000000,378.85336000,0.0372700000,2.54955510000,"Transit",2016
"TOI-5126 c",3.86000000,0.34436673,,0.1439000000,17.89990000000,"Transit",2023
"Kepler-334 b",1.12000000,0.10000000,,0.0610000000,5.47031900000,"Transit",2014
"TOI-6008 b",1.03000000,0.09189060,4.00000000,0.0107770000,0.85743470000,"Transit",2024
"HD 181433 c",,,235.50000000,1.8850000000,1018.50000000000,"Radial Velocity",2008
"HD 104067 c",,,13.20000000,0.1058000000,13.89920000000,"Radial Velocity",2024
"WASP-175 b",13.54047200,1.20800000,314.65170000,0.0440300000,3.06529070000,"Transit",2019
"KELT-19 A b",21.40919000,1.91000000,1293.56810000,0.0637000000,4.61170930000,"Transit",2017
"Kepler-29 c",2.34000000,0.20876082,4.50000000,,13.28613000000,"Transit",2011
"HIP 5763 b",,,162.09248757,0.1700000000,30.01400000000,"Radial Velocity",2021
"TOI-4363 b",1.76689273,0.15763188,,,2.11867592279,"Transit",2026
"GJ 15 A c",,,36.00000000,5.4000000000,7600.00000000000,"Radial Velocity",2018
"Kepler-129 c",2.52000000,0.22481973,43.00000000,0.3900000000,82.20000000000,"Transit",2014
"TOI-6564 b",16.39873876,1.46300000,222.16205649,0.0542000000,3.98541300000,"Transit",2026
"TOI-4747 b",3.95803201,0.35311257,,,5.21924158592,"Transit",2026
"Kepler-201 b",2.46000000,0.21900000,,0.1750000000,25.67208300000,"Transit",2014
"TOI-799 b",2.06631784,0.18434485,,,5.54519139676,"Transit",2026
"HIP 65407 b",,,136.03124000,0.1770000000,28.12500000000,"Radial Velocity",2016
"Kepler-523 b",1.96000000,0.17485949,,,5.83598311100,"Transit",2016
"Kepler-319 c",2.63000000,0.23500000,,0.0690000000,6.94135700000,"Transit",2014
"HN Lib b",,,5.46000000,0.1417000000,36.11600000000,"Radial Velocity",2023
"Kepler-119 b",3.60000000,0.32100000,,0.0350000000,2.42208200000,"Transit",2014
"TOI-411 b",1.36200000,0.12150971,13.71000000,0.0572700000,4.04029500000,"Transit",2022
"Kepler-495 b",5.23000000,0.46658935,,,3.41303622100,"Transit",2016
"Kepler-1501 b",1.56000000,0.13917388,,,14.55645330000,"Transit",2016
"Kepler-126 d",2.50000000,0.22300000,,0.4480000000,100.28313400000,"Transit",2014
"HD 41004 A b",,,807.25000000,,963.00000000000,"Radial Velocity",2004
"HD 11964 c",,,25.00000000,0.2290000000,37.91000000000,"Radial Velocity",2008
"Kepler-812 b",3.55000000,0.31670979,,,10.11716531000,"Transit",2016
"Kepler-1495 b",2.94000000,0.26228923,,,85.27325600000,"Transit",2016
"NGTS-13 b",12.80067800,1.14200000,1538.29720000,0.0549000000,4.11902700000,"Transit",2021
"Kepler-273 b",1.50000000,0.13400000,,0.0370000000,2.93653200000,"Transit",2014
"HD 162020 b",,,3127.44720000,0.0800000000,8.42820000000,"Radial Velocity",2002
"HAT-P-37 b",13.20400000,1.17800000,371.52800000,0.0379000000,2.79743600000,"Transit",2011
"PSR J1719-1438 b",,,382.80000000,0.0044000000,0.09070629300,"Pulsar Timing",2011
"Kepler-1827 b",1.85644292,0.16562103,,,3.70061993600,"Transit",2021
"Kepler-242 b",2.61000000,0.23300000,,0.0750000000,8.20395000000,"Transit",2014
"Kepler-324 c",3.15000000,0.28100000,,0.2600000000,51.80561200000,"Transit",2014
"TOI-6330 b",10.89000000,0.97200000,3179.00000000,0.0576300000,6.85002460000,"Transit",2025
"LkCa 15 b",,,,14.7000000000,,"Imaging",2015
"Kepler-1178 b",1.07000000,0.09545901,,,31.80634000000,"Transit",2016
"K2-357 b",3.72000000,0.33187674,,0.1450000000,16.34886370000,"Transit",2021
"Kepler-120 c",1.53000000,0.13600000,,0.0880000000,12.79458500000,"Transit",2014
"Kepler-296 e",1.53000000,0.13649746,,0.1690000000,34.14211000000,"Transit",2014
"Kepler-282 e",3.10000000,0.27700000,56.20000000,,44.34700000000,"Transit",2013
"K2-325 b",2.20000000,0.19627085,,0.0419000000,6.93000000000,"Transit",2020
"HIP 74890 b",,,762.79200000,2.1000000000,822.30000000000,"Radial Velocity",2016
"Gaia-1 b",13.77583728,1.22900000,533.95172376,0.0404700000,3.05252400000,"Transit",2022
"Kepler-360 b",1.65000000,0.14700000,,0.0440000000,3.28967200000,"Transit",2014
"Kepler-666 b",2.40000000,0.21411366,,,4.49876092000,"Transit",2016
"Kepler-153 b",2.92000000,0.26100000,,0.1290000000,18.87022700000,"Transit",2014
"TIC 434398831 c",5.63000000,0.50227582,,0.0657200000,6.21029100000,"Transit",2025
"EPIC 206032309 b",1.01000000,0.09010616,,,2.87814000000,"Transit",2019
"Kepler-1676 b",3.37695960,0.30127216,,,29.92210000000,"Transit",2020
"Kepler-149 d",3.96000000,0.35300000,,0.5710000000,160.01803200000,"Transit",2014
"EPIC 206215704 b",1.00000000,0.08921418,,,2.25543600000,"Transit",2019
"HD 190984 b",,,985.20000000,5.5000000000,4885.00000000000,"Radial Velocity",2009
"Kepler-1312 b",2.10000000,0.18734945,,,5.44832528600,"Transit",2016
"Kepler-605 c",0.86000000,0.07672406,,,2.35895151500,"Transit",2016
"HD 52265 b",,,384.57430000,0.5200000000,119.27000000000,"Radial Velocity",2000
"Kepler-296 b",1.61000000,0.14363458,,0.0790000000,10.86438400000,"Transit",2014
"Kepler-1726 b",2.50861954,0.22380443,,,18.39629936000,"Transit",2021
"HD 168443 b",,,2424.39508860,0.2920000000,58.11187000000,"Radial Velocity",1998
"Kepler-388 b",0.81000000,0.07200000,,0.0360000000,3.17331500000,"Transit",2014
"HD 190228 b",,,1598.67688721,2.4060000000,1143.59858000000,"Radial Velocity",2022
"Kepler-466 b",2.85000000,0.25425997,,,51.07926307000,"Transit",2016
"OGLE-2018-BLG-0962L b",,,425.89006538,3.5900000000,,"Microlensing",2021
"KMT-2023-BLG-2209L b",,,254.26272560,3.5100000000,,"Microlensing",2025
"K2-382 b",2.07200000,0.18485178,,,21.70015600000,"Transit",2022
"Kepler-1024 b",3.91000000,0.34882684,,,66.41621330000,"Transit",2016
"TOI-1634 b",1.75900000,0.15692774,4.90000000,0.0154400000,0.98934551000,"Transit",2021
"Kepler-1112 b",3.02000000,0.26942635,,,14.36267939000,"Transit",2016
"Kepler-1398 c",1.03000000,0.09189045,,,4.13827595000,"Transit",2016
"HAT-P-58 b",14.93036229,1.33200000,118.23216740,0.0499400000,4.01383790000,"Transit",2021
"Kepler-822 b",1.77000000,0.15790882,,,3.22296927300,"Transit",2016
"HD 197037 b",,,251.00000000,2.0700000000,1035.70000000000,"Radial Velocity",2012
"Kepler-285 b",1.34000000,0.12000000,,0.0360000000,2.63386700000,"Transit",2014
"EPIC 201595106 b",1.56500000,0.13962019,7.67000000,0.0177000000,0.87724000000,"Transit",2021
"Kepler-861 b",2.28000000,0.20340798,,,3.94963137500,"Transit",2016
"Kepler-1130 c",0.79239584,0.07069294,,,3.26663994800,"Transit",2021
"MOA-2022-BLG-563L b",,,127.13136280,2.1500000000,,"Microlensing",2024
"BD+49 828 b",,,508.50000000,4.2000000000,2590.00000000000,"Radial Velocity",2015
"Kepler-18 c",5.49000000,0.49000000,17.30000000,0.0752000000,7.64159000000,"Transit",2011
"Kepler-168 b",1.46000000,0.13000000,,0.0560000000,4.42539100000,"Transit",2014
"HD 28471 b",,,3.72000000,0.0420000000,3.16490000000,"Radial Velocity",2025
"GJ 1137 c",,,5.12000000,0.0835000000,9.64120000000,"Radial Velocity",2026
"HD 73256 c",,,5085.25451200,3.8000000000,2690.00000000000,"Radial Velocity",2023
"OGLE-2019-BLG-0468L b",,,1090.15143601,3.2900000000,,"Microlensing",2022
"Kepler-183 b",2.06000000,0.18400000,,0.0640000000,5.68794500000,"Transit",2014
"KMT-2021-BLG-0322L b",,,2034.10180480,,,"Microlensing",2021
"TOI-519 b",11.54525012,1.03000000,147.15455244,0.0159000000,1.26523280000,"Transit",2021
"Kepler-1316 b",3.54000000,0.31581765,,,87.97321360000,"Transit",2016
"Kepler-1335 b",1.45000000,0.12936034,,,6.26406846000,"Transit",2016
"EPIC 212624936 c",2.30000000,0.20519261,,,11.81143700000,"Transit",2021
"Kepler-1565 b",1.19000000,0.10616469,,,1.53818843700,"Transit",2016
"Kepler-1778 b",3.01665969,0.26912881,,,10.08740044000,"Transit",2021
"K2-384 e",1.34500000,0.11999307,,,9.71504300000,"Transit",2022
"Kepler-298 b",1.96000000,0.17500000,,0.0800000000,10.47546400000,"Transit",2014
"Kepler-740 b",4.57000000,0.40770809,,,3.58410121600,"Transit",2016
"Kepler-239 b",2.33000000,0.20800000,,0.0950000000,11.76305100000,"Transit",2014
"TOI-4495 b",2.48300000,0.22151880,7.70000000,0.0395700000,2.56699000000,"Transit",2026
"HD 70642 b",,,633.43519000,3.3180000000,2124.54000000000,"Radial Velocity",2003
"Kepler-1542 b",0.76000000,0.06780266,,,3.95116882000,"Transit",2016
"KMT-2021-BLG-1372L b",,,61.27000000,2.3700000000,,"Microlensing",2022
"Kepler-386 b",1.39000000,0.12400000,,0.0960000000,12.31043000000,"Transit",2014
"Kepler-471 b",14.96000000,1.33464181,,,5.01423457500,"Transit",2016
"KMT-2020-BLG-0414L b",,,1.87000000,2.0700000000,,"Microlensing",2021
"pi Men c",2.01890000,0.18011450,,,6.26783990000,"Transit",2018
"Kepler-577 b",2.55000000,0.22749576,,,25.69578251000,"Transit",2016
"Kepler-433 b",16.25000000,1.45000000,896.24000000,0.0679000000,5.33408384000,"Transit",2015
"LHS 1815 b",1.08800000,0.09706503,1.58000000,,3.81433400000,"Transit",2020
"TOI-913 b",2.45280000,0.21882454,,,11.09864400000,"Transit",2023
"TOI-1105 b",3.05823658,0.27283806,,,10.86818410933,"Transit",2026
"TOI-3353.01",2.66675550,0.23765421,,0.0601182180,4.66579650000,"Transit",2024
"Kepler-262 b",1.36000000,0.12100000,,0.1080000000,13.06085500000,"Transit",2014
"TYC 2187-512-1 b",,,104.88337431,1.2200000000,691.90000000000,"Radial Velocity",2022
"TOI-942 c",4.67000000,0.41663021,,0.0859800000,10.15627200000,"Transit",2020
"Kepler-1679 b",2.06920360,0.18460198,,,9.75376000000,"Transit",2020
"Kepler-293 c",3.83000000,0.34200000,,0.2860000000,54.15574300000,"Transit",2014
"Kepler-1055 b",1.23000000,0.10973325,,,2.29503623300,"Transit",2016
"KMT-2024-BLG-0404L b",,,8657.64580668,0.8500000000,,"Microlensing",2025
"K2-19 d",1.04400000,0.09313960,6.20000000,0.0347800000,2.50827000000,"Transit",2016
"WASP-124 b",13.89916000,1.24000000,190.69800000,0.0449000000,3.37265000000,"Transit",2016
"TOI-6884 b",10.39072511,0.92700000,8365.24367224,0.0629000000,4.80826400000,"Transit",2026
"TOI-5788 c",2.27200000,0.20269461,6.40000000,0.1197000000,16.21336200000,"Transit",2026
"Kepler-49 e",1.56000000,0.13900000,,0.1160000000,18.59610800000,"Transit",2014
"Kepler-745 b",2.16000000,0.19270229,,,9.93143556000,"Transit",2016
"GJ 674 b",,,11.09000000,0.0390000000,4.69380000000,"Radial Velocity",2007
"Kepler-551 b",2.73000000,0.24355429,,,12.37646610000,"Transit",2016
"Kepler-9 d",1.64000000,0.14600000,,0.0273000000,1.59285100000,"Transit",2010
"Kepler-1508 b",1.33000000,0.11865465,,,20.70565040000,"Transit",2016
"Kepler-59 c",1.98000000,0.17700000,,,17.98012350000,"Transit",2012
"Kepler-204 c",1.79000000,0.16000000,,0.1730000000,25.66059300000,"Transit",2014
"Kepler-1404 b",2.01000000,0.17932019,,,15.93147390000,"Transit",2016
"Kepler-1396 b",2.07000000,0.18467303,,,18.22064210000,"Transit",2016
"HD 190007 b",,,15.50000000,,11.72412800000,"Radial Velocity",2020
"TOI-1117 c",,,8.78000000,0.0534000000,4.57900000000,"Radial Velocity",2025
"KMT-2022-BLG-1818L c",,,114.41822652,12.6000000000,,"Microlensing",2026
"OGLE-2019-BLG-0299L b",,,1976.89269154,2.8000000000,,"Microlensing",2021
"TOI-2368 b",10.83908434,0.96700000,206.58846455,0.0564900000,5.17500730000,"Transit",2024
"V0391 Peg b",,,1017.05600000,1.7000000000,1170.00000000000,"Pulsation Timing Variations",2007
"HD 95089 c",,,1096.51350000,3.3300000000,1785.00000000000,"Radial Velocity",2016
"Kepler-222 c",4.64000000,0.41400000,,0.0910000000,10.08881000000,"Transit",2014
"Kepler-1714 b",3.26437302,0.29122836,,,10.27530003000,"Transit",2021
"K2-243 c",2.01000000,0.17932019,,0.1817000000,24.94598000000,"Transit",2018
"KMT-2021-BLG-0912L b",,,2.81000000,3.1400000000,,"Microlensing",2022
"Kepler-926 b",2.31000000,0.20608440,,,52.06886010000,"Transit",2016
"KMT-2017-BLG-1038L b",,,640.00000000,1.8000000000,,"Microlensing",2019
"Kepler-192 d",1.02000000,0.09099830,,,6.47027579000,"Transit",2016
"TOI-2196 b",3.51000000,0.31314176,26.00000000,0.0223400000,1.19472680000,"Transit",2022
"Kepler-1250 b",1.92000000,0.17129093,,,2.60754383400,"Transit",2016
"TOI-883 b",7.17166228,0.63981396,,,10.05771848538,"Transit",2026
"TOI-815 c",2.62000000,0.23374115,23.50000000,0.1930000000,34.97614500000,"Transit",2024
"HD 170469 b",,,209.76780000,2.2400000000,1145.00000000000,"Radial Velocity",2007
"Kepler-330 c",1.95000000,0.17400000,,0.1160000000,15.95538700000,"Transit",2014
"K2-381 b",1.07500000,0.09590524,,,7.93893340000,"Transit",2022
"Kepler-905 b",1.41000000,0.12579177,,,5.08274651700,"Transit",2016
"HD 240210 b",,,1655.82000000,1.1600000000,501.75000000000,"Radial Velocity",2009
"HD 165131 b",,,5943.39121090,3.5400000000,2342.60000000000,"Radial Velocity",2023
"Kepler-1977 b",1.66000000,0.14809554,,0.0486000000,4.53702121000,"Transit",2023
"Kepler-1594 b",1.06000000,0.09456687,,,2.71603809000,"Transit",2016
"Kepler-909 b",1.47000000,0.13114462,,,13.93290318000,"Transit",2016
"Kepler-345 c",1.20000000,0.10700000,,0.0770000000,9.38742700000,"Transit",2014
"KMT-2017-BLG-2509L b",,,664.26137063,2.1400000000,,"Microlensing",2021
"Kepler-655 b",2.71000000,0.24177001,,,46.40633580000,"Transit",2016
"Kepler-9 b",8.29000000,0.73958426,43.40000000,0.1430000000,19.23891000000,"Transit",2010
"HD 150010 b",,,762.78817680,1.4000000000,562.00000000000,"Radial Velocity",2022
"KMT-2021-BLG-0119L b",,,1754.41280664,2.9200000000,,"Microlensing",2022
"K2-277 b",2.18575124,0.19500000,,0.0664000000,6.32676800000,"Transit",2018
"ups And b",,,218.53100000,0.0592216600,4.61703300000,"Radial Velocity",1996
"KMT-2023-BLG-0949L b",,,1900.61387386,2.0300000000,,"Microlensing",2025
"Kepler-797 b",2.17000000,0.19359443,,,27.07237711000,"Transit",2016
"Kepler-1123 b",1.67000000,0.14898742,,,4.33946454000,"Transit",2016
"Kepler-137 c",1.88000000,0.16800000,,0.1300000000,18.73575300000,"Transit",2014
"Kepler-373 b",1.36000000,0.12100000,,0.0600000000,5.53530900000,"Transit",2014
"TrES-5 b",13.38354600,1.19400000,568.91570000,0.0245900000,1.48224686000,"Transit",2011
"Kepler-1947 b",1.01016660,0.09012118,,,6.96363019900,"Transit",2021
"Kepler-898 b",1.49000000,0.13292890,,,5.87061910000,"Transit",2016
"HD 195019 b",,,1264.96340000,0.1400000000,18.20132000000,"Radial Velocity",1998
"Kepler-109 b",2.49000000,0.22214330,4.90000000,0.0701000000,6.48163070000,"Transit",2014
"Kepler-1072 b",1.58000000,0.14095816,,,1.56906650200,"Transit",2016
"TOI-2267 c",1.14000000,0.10170416,,0.0263000000,3.49504120000,"Transit",2025
"MOA-2022-BLG-091L b",,,1141.00398113,3.4400000000,,"Microlensing",2025
"Kepler-1921 b",2.89459458,0.25823888,,,20.03479958000,"Transit",2021
"KMT-2019-BLG-2974L b",,,88.99195396,2.0000000000,,"Microlensing",2022
"GJ 3082 b",,,8.20000000,0.0790000000,11.94900000000,"Radial Velocity",2020
"Kepler-835 b",2.79000000,0.24890713,,,11.41909375000,"Transit",2016
"HD 125595 b",,,6.35660000,0.0800000000,9.67370000000,"Radial Velocity",2011
"Kepler-1045 b",2.69000000,0.23998573,,,26.41045478000,"Transit",2016
"Kepler-186 d",1.40000000,0.12500000,,0.0781000000,13.34299600000,"Transit",2014
"Kepler-644 b",3.15000000,0.28102418,,,3.17391710300,"Transit",2016
"Kepler-576 b",3.27000000,0.29172986,,,29.91136794000,"Transit",2016
"Kepler-1604 b",1.41000000,0.12579177,,,0.68368425600,"Transit",2016
"HATS-42 b",15.69260000,1.40000000,597.52040000,0.0368900000,2.29210200000,"Transit",2018
"Kepler-441 b",1.64000000,0.15000000,,0.6400000000,207.24820000000,"Transit",2015
"TOI-3568 b",5.30000000,0.48300000,26.40000000,0.0485000000,4.41796500000,"Transit",2024
"HD 30177 c",,,1484.25866069,9.9000000000,11320.00000000000,"Radial Velocity",2016
"Kepler-947 b",2.28000000,0.20340798,,,26.96443170000,"Transit",2016
"HD 129445 b",,,508.50700000,2.9000000000,1840.00000000000,"Radial Velocity",2009
"K2-198 b",4.18900000,0.37371755,,,17.04286830000,"Transit",2018
"Kepler-1824 b",2.38127597,0.21244358,,,95.61100006000,"Transit",2021
"Kepler-334 d",1.41000000,0.12600000,,0.1680000000,25.09849000000,"Transit",2014
"Kepler-1523 b",1.58000000,0.14095816,,,0.93875077000,"Transit",2016
"TOI-1288 c",,,85.70000000,1.0700000000,416.00000000000,"Radial Velocity",2022
"Kepler-1153 b",1.73000000,0.15434026,,,1.75583532700,"Transit",2016
"Kepler-1011 b",2.87000000,0.25604425,,,5.75322197400,"Transit",2016
"Kepler-566 b",2.15000000,0.19181015,,,18.42794624000,"Transit",2016
"HIP 114933 b",,,616.58710958,2.8400000000,1481.60000000000,"Radial Velocity",2021
"Kepler-804 b",1.94000000,0.17307521,,,14.37457351000,"Transit",2016
"Kepler-304 d",2.75000000,0.24500000,,0.0800000000,9.65347100000,"Transit",2014
"Kepler-561 c",2.68000000,0.23909359,,,5.35016198300,"Transit",2016
"HAT-P-45 b",15.98400000,1.42600000,283.49200000,0.0452000000,3.12899200000,"Transit",2014
"Kepler-158 d",0.43000000,0.03836210,,,0.64508800000,"Transit",2024
"OGLE-2012-BLG-0026L c",,,270.00000000,4.8000000000,,"Microlensing",2012
"HD 190647 b",,,630.89255000,2.2310000000,1176.45000000000,"Radial Velocity",2007
"TIC 9344899 b",9.16000000,0.81700000,6170.00000000,0.0815000000,8.58215660000,"Transit",2026
"HD 30669 b",,,149.37000000,2.6900000000,1684.00000000000,"Radial Velocity",2014
"TOI-4961 b",12.34108775,1.10100000,572.09113260,0.0726000000,7.47918200000,"Transit",2025
"Kepler-19 c",,,13.10000000,,28.73100000000,"Transit Timing Variations",2011
"GJ 887 e",,,1.46000000,0.0417000000,4.42490000000,"Radial Velocity",2026
"Kepler-253 c",2.65000000,0.23600000,,0.0890000000,10.28195100000,"Transit",2014
"KMT-2023-BLG-0830L b",,,17.79839079,1.7000000000,,"Microlensing",2025
"WASP-185 b",14.01125000,1.25000000,311.47340000,0.0904000000,9.38755000000,"Transit",2019
"Kepler-970 b",2.60900000,0.23275979,,0.1390000000,16.73652500000,"Transit",2016
"Kepler-1550 b",3.02000000,0.26942635,,,225.58280900000,"Transit",2016
"OGLE-2017-BLG-0640L b",,,514.88201934,1.1400000000,,"Microlensing",2024
"Kepler-48 d",2.04000000,0.18200000,7.93000000,,42.89610000000,"Transit",2014
"Kepler-1569 b",1.68000000,0.14987956,,,5.79180156000,"Transit",2016
"CoRoT-6 b",13.06800000,1.16600000,940.74000000,0.0855000000,8.88659300000,"Transit",2009
"HD 221416 b",9.17000000,0.83600000,60.50000000,0.1228000000,14.27670000000,"Transit",2019
"TOI-2537 b",11.25381662,1.00400000,415.40172795,0.3715000000,94.10220000000,"Transit",2024
"TOI-1824 b",2.74382690,0.24478826,16.00000000,0.1510000000,22.80853300000,"Transit",2024
"HD 128717 b",,,6293.00245860,4.8500000000,3420.00000000000,"Astrometry",2025
"KMT-2018-BLG-1976L b",,,705.57906354,3.5400000000,,"Microlensing",2021
"HD 163607 c",,,699.54383000,2.3900000000,1272.00000000000,"Radial Velocity",2012
"Kepler-1916 b",2.61757235,0.23352457,,,31.25429916000,"Transit",2021
"TOI-283 b",2.34000000,0.20876118,6.54000000,0.1230000000,17.61745000000,"Transit",2025
"KMT-2016-BLG-1836L b",,,700.00000000,3.5000000000,,"Microlensing",2019
"Kepler-1581 b",0.80000000,0.07137122,,,6.28385491000,"Transit",2016
"TIC 62895484 b",3.49391667,0.31170690,,,2.83985434327,"Transit",2026
"KMT-2017-BLG-0673L b",,,1166.43025369,2.3400000000,,"Microlensing",2022
"Kepler-766 b",3.39000000,0.30243554,,,6.10027804000,"Transit",2016
"Kepler-100 e",,,24.14271827,0.3123915860,60.88858800000,"Radial Velocity",2023
"K2-47 b",1.89000000,0.16861451,,0.1779000000,31.63720000000,"Transit",2016
"TOI-2295 b",16.47720163,1.47000000,278.09985612,0.1992000000,30.03330200000,"Transit",2024
"BD+14 4559 b",,,330.54320000,0.7800000000,268.94000000000,"Radial Velocity",2009
"Kepler-395 c",1.32000000,0.11800000,,0.1770000000,34.98926200000,"Transit",2014
"HD 79181 b",,,203.41018048,0.9000000000,273.10000000000,"Radial Velocity",2021
"OGLE-2023-BLG-0836L b",,,1385.73185452,3.7000000000,,"Microlensing",2024
"Kepler-176 c",2.60000000,0.23200000,,0.1020000000,12.75971200000,"Transit",2014
"OGLE-2014-BLG-1722L c",,,83.70000000,1.7000000000,,"Microlensing",2018
"Kepler-1017 b",1.99000000,0.17753591,,,7.23400469000,"Transit",2016
"Kepler-1672 b",2.97022762,0.26498596,,,150.87800000000,"Transit",2020
"Kepler-1209 b",1.51000000,0.13471318,,,25.36911600000,"Transit",2016
"Kepler-496 b",2.32000000,0.20697654,,,8.30864937000,"Transit",2016
"Kepler-1410 b",1.78000000,0.15880096,,,60.86616800000,"Transit",2016
"GJ 3021 b",,,1071.04000000,0.4900000000,133.71000000000,"Radial Velocity",2000
"Kepler-915 b",1.50000000,0.13382104,,,4.59489604000,"Transit",2016
"HIP 10090 b",,,1229.99593509,3.8700000000,2960.00000000000,"Radial Velocity",2026
"Kepler-626 b",2.29000000,0.20430012,,,14.48585199000,"Transit",2016
"Kepler-1151 b",2.22000000,0.19805513,,,65.64784240000,"Transit",2016
"Kepler-215 c",1.77000000,0.15800000,,0.1130000000,14.66710800000,"Transit",2014
"Kepler-271 c",0.95000000,0.08475332,,,7.41086267000,"Transit",2014
"Kepler-1521 b",2.50000000,0.22303506,,,47.14840805000,"Transit",2016
"Kepler-1015 b",3.55000000,0.31670979,,,16.00494214000,"Transit",2016
"HD 68402 b",,,975.73810000,2.1800000000,1103.00000000000,"Radial Velocity",2016
"Kepler-549 b",2.57000000,0.22928004,,,42.94956490000,"Transit",2016
"K2-165 d",2.64809498,0.23624721,,,14.10136100000,"Transit",2018
"Kepler-714 b",9.67000000,0.86269962,,,8.09888798600,"Transit",2016
"Kepler-1348 b",1.94000000,0.17307521,,,27.57227420000,"Transit",2016
"TOI-277 b",2.65000000,0.23641757,,0.0269000000,3.99400000000,"Transit",2022
"Kepler-1768 b",2.23346338,0.19925660,,,15.13589954000,"Transit",2021
"OGLE-2013-BLG-0102L b",,,4100.00000000,0.8000000000,,"Microlensing",2014
"KMT-2018-BLG-0748L b",,,60.00000000,0.6200000000,,"Microlensing",2020
"KMT-2019-BLG-0335L b",,,6674.39654700,1.6400000000,,"Microlensing",2023
"Kepler-431 d",1.11000000,0.10000000,,0.1045000000,11.92200000000,"Transit",2015
"Kepler-1362 b",2.60000000,0.23195646,,,136.20562600000,"Transit",2016
"Kepler-1283 b",1.91000000,0.17039879,,,12.94609780000,"Transit",2016
"KMT-2023-BLG-1454L b",,,200.23189641,1.1800000000,,"Microlensing",2024
"XO-2 S d",,,1179.14338997,5.4600000000,4696.00000000000,"Radial Velocity",2024
"Kepler-186 f",1.17000000,0.10400000,,0.4320000000,129.94410000000,"Transit",2014
"EPIC 212297394 c",2.27000000,0.20251618,,,5.21396500000,"Transit",2021
"TOI-622 b",9.23620010,0.82400000,96.30200732,0.0708000000,6.40251300000,"Transit",2023
"Kepler-1842 b",2.35388681,0.21000008,,,14.02639961000,"Transit",2021
"Kepler-1439 b",1.46000000,0.13025248,,,8.07392849000,"Transit",2016
"Kepler-989 b",2.21000000,0.19716299,,,7.96431535200,"Transit",2016
"Kepler-398 d",0.88000000,0.07850834,,,6.83437001000,"Transit",2016
"TIC 365102760 b",6.21000000,0.55402005,19.20000000,0.0622000000,4.21285367000,"Transit",2024
"Kepler-1739 b",2.43056832,0.21684115,,,7.34370994600,"Transit",2021
"Kepler-65 e",,,260.00000000,,258.80000000000,"Radial Velocity",2019
"EPIC 201170410.02",1.04700000,0.09340708,,0.0349000000,6.79870000000,"Transit",2020
"Kepler-94 c",,,3126.00000000,,820.30000000000,"Radial Velocity",2014
"OGLE-2017-BLG-1522L b",,,240.00000000,0.5900000000,,"Microlensing",2018
"HD 181234 b",,,2980.91262925,7.4270000000,7593.40512000000,"Radial Velocity",2019
"TOI-3693 b",12.59889431,1.12400000,324.18497514,0.0813000000,9.08851600000,"Transit",2022
"PSR B1257+12 d",,,3.90000000,0.4600000000,98.21140000000,"Pulsar Timing",1992
"GJ 667 C f",,,2.70000000,0.1560000000,39.02600000000,"Radial Velocity",2013
"Kepler-351 c",3.19000000,0.28500000,,0.2870000000,57.24809000000,"Transit",2014
"Kepler-446 c",1.11000000,0.10000000,,,3.03617900000,"Transit",2015
"Kepler-1288 b",1.12000000,0.09991971,,,2.76122421000,"Transit",2016
"GJ 3512 c",,,143.97626837,1.7310000000,2354.00000000000,"Radial Velocity",2020
"WASP-56 b",10.53646000,0.94000000,143.02350000,,4.61710000000,"Transit",2012
"TOI-1533 b",2.89000000,0.25782897,28.10000000,0.0445000000,3.64579740000,"Transit",2026
"Kepler-25 c",5.21700000,0.46542957,15.20000000,,12.72070000000,"Transit",2011
"TOI-2453 b",3.24380341,0.28939325,,,4.44143463188,"Transit",2026
"Kepler-758 c",1.69000000,0.15077170,,,4.75793986000,"Transit",2016
"Kepler-220 b",0.81000000,0.07200000,,0.0460000000,4.15980700000,"Transit",2014
"Kepler-1688 b",1.26174569,0.11256541,,,5.62012000000,"Transit",2020
"Kepler-839 b",2.57000000,0.22928004,,,37.81445140000,"Transit",2016
"TIC 206466666 b",2.14817673,0.19164782,,,9.10486865159,"Transit",2026
"TOI-1759 b",3.14000000,0.28013252,10.80000000,0.1177000000,18.85019000000,"Transit",2022
"Kepler-1801 b",2.70926154,0.24170454,,,10.44089985000,"Transit",2021
"WASP-142 b",17.14977000,1.53000000,266.97720000,0.0347000000,2.05286800000,"Transit",2016
"Kepler-1454 b",1.88000000,0.16772237,,,47.03194790000,"Transit",2016
"Kepler-245 c",2.18000000,0.19400000,,0.1240000000,17.46081200000,"Transit",2014
"Kepler-1271 b",1.48000000,0.13203676,,,3.02559550000,"Transit",2016
"TOI-4034 b",17.71018951,1.58000000,276.51071409,0.0328900000,1.80209320000,"Transit",2026
"Ross 508 b",,,4.00000000,0.0536600000,10.77000000000,"Radial Velocity",2022
"91 Aqr b",,,1017.00000000,0.7000000000,181.40000000000,"Radial Velocity",2013
"Kepler-125 c",0.74000000,0.06600000,,0.0510000000,5.77446400000,"Transit",2014
"Kepler-936 b",1.45000000,0.12936034,,,10.56134221000,"Transit",2016
"Kepler-20 c",2.89400000,0.25818583,11.10000000,0.0936000000,10.85407740000,"Transit",2011
"Kepler-369 b",1.13000000,0.10100000,,0.0300000000,2.73275600000,"Transit",2014
"Kepler-115 c",2.60000000,0.23200000,,0.0870000000,8.99088900000,"Transit",2014
"OGLE-2016-BLG-0613L AB b",,,1330.00000000,6.4000000000,,"Microlensing",2017
"Kepler-913 b",2.06000000,0.18378089,,,10.29672521000,"Transit",2016
"Kepler-1018 b",2.58000000,0.23017218,,,49.10135140000,"Transit",2016
"HD 77946 b",2.89646124,0.25840541,10.90000000,0.0730000000,6.52736300000,"Transit",2024
"Kepler-761 b",2.03000000,0.18110447,,,10.12804789000,"Transit",2016
"WASP-184 b",14.90797000,1.33000000,181.16310000,0.0627000000,5.18170000000,"Transit",2019
"Kepler-11 c",2.87000000,0.25600000,2.90000000,0.1070000000,13.02410000000,"Transit",2010
"Kepler-1186 b",2.23000000,0.19894727,,,16.07677615000,"Transit",2016
"TOI-4662 b",2.87998299,0.25693531,,,4.70343764575,"Transit",2026
"Kepler-633 b",1.63000000,0.14541886,,,8.50340718000,"Transit",2016
"Kepler-1847 b",2.74516914,0.24490801,,,11.12969971000,"Transit",2021
"KOI-4777.01",0.51000000,0.04549923,99.20000000,0.0080000000,0.41200000000,"Transit",2022
"Kepler-1329 b",2.17000000,0.19359443,,,9.33646594000,"Transit",2016
"Kepler-730 c",1.56926000,0.14000000,,0.0399700000,2.85188338000,"Transit",2018
"HD 80883 b",,,1748.05623850,6.4620000000,6383.78352000000,"Radial Velocity",2022
"Wendelstein-2 b",12.99347280,1.15920000,232.33373000,0.0234000000,1.75222390000,"Transit",2020
"TOI-1249 b",3.27103010,0.29182226,11.90000000,0.1090000000,13.07915100000,"Transit",2024
"Kepler-623 b",3.01000000,0.26853421,,,9.07097734000,"Transit",2016
"Kepler-531 b",2.78000000,0.24801499,,,29.88485741000,"Transit",2016
"Kepler-1110 b",2.66000000,0.23730931,,,9.69312032000,"Transit",2016
"HD 117618 b",,,55.30242000,0.1800000000,25.80000000000,"Radial Velocity",2004
"HD 164604 c",,,3019.36986650,5.5560000000,5387.00000000000,"Radial Velocity",2026
"K2-385 b",1.53900000,0.13730062,,,2.38086700000,"Transit",2022
"Kepler-80 f",1.21000000,0.10794897,,0.0175000000,0.98678730000,"Transit",2016
"KMT-2018-BLG-1996L b",,,346.43296363,4.2700000000,,"Microlensing",2021
"TOI-858 B b",14.06727078,1.25500000,349.61124770,0.0443500000,3.27971780000,"Transit",2023
"HD 196885 A b",,,819.97000000,2.3700000000,1333.00000000000,"Radial Velocity",2007
"Kepler-897 b",2.39000000,0.21322152,,,8.04726420000,"Transit",2016
"Kepler-581 b",2.63000000,0.23463288,,,40.60698210000,"Transit",2016
"TIC 390586021 b",2.86009388,0.25516093,,,2.74703755819,"Transit",2026
"BD-210397 c",,,1525.57635360,5.9000000000,6240.00000000000,"Radial Velocity",2023
"Kepler-717 b",2.42000000,0.21589794,,,4.40840023000,"Transit",2016
"EPIC 212424622 b",2.17000000,0.19359443,,,18.09830000000,"Transit",2019
"HD 17092 b",,,3219.61790000,1.3100000000,359.89999000000,"Radial Velocity",2007
"TOI-4602.01",2.45000000,0.21900000,5.53000000,0.0474700000,3.98129990000,"Transit",2024
"TIC 178172313 b",2.80405322,0.25016130,,,4.37318161360,"Transit",2026
"Kepler-965 b",3.38000000,0.30154340,,,134.25272980000,"Transit",2016
"Kepler-289 b",2.49000000,0.22214330,3.70000000,,34.53830000000,"Transit",2014
"HATS-11 b",18.03000000,1.60852886,,0.0507000000,3.61918800000,"Transit",2016
"TYC 0434-04538-1 b",,,1938.76300000,0.6600000000,193.20000000000,"Radial Velocity",2021
"Kepler-1157 b",1.09000000,0.09724329,,,4.45743164000,"Transit",2016
"Kepler-964 b",2.12000000,0.18913373,,,13.52251060000,"Transit",2016
"KMT-2021-BLG-0909L b",,,400.46379282,1.7500000000,,"Microlensing",2023
"Kepler-23 c",3.00500000,0.26808861,7.81000000,,10.74000000000,"Transit",2011
"GJ 676 A e",,,6.67439655,0.1810000000,35.47358000000,"Radial Velocity",2012
"Kepler-502 b",4.77000000,0.42555090,,,4.28686431000,"Transit",2016
"TYC 8998-760-1 b",,,,146.0000000000,,"Imaging",2020
"Kepler-1425 b",0.94000000,0.08386118,,,14.45413020000,"Transit",2016
"Kepler-226 b",1.55000000,0.13800000,,0.0470000000,3.94099700000,"Transit",2014
"Kepler-1038 c",1.41623380,0.12634813,,,7.12765979800,"Transit",2021
"Kepler-1730 b",4.48524519,0.40014746,,,13.81019974000,"Transit",2021
"GJ 229 b",,,14.93793513,1.0860000000,579.47495000000,"Radial Velocity",2014
"KMT-2021-BLG-2294L b",,,22.24798849,1.1500000000,,"Microlensing",2022
"Kepler-1626 b",2.02000000,0.18021233,,,4.13962966000,"Transit",2016
"MOA-2011-BLG-322L b",,,3690.00000000,4.3000000000,,"Microlensing",2013
"Kepler-85 e",1.27000000,0.11300000,,0.1630000000,25.21675100000,"Transit",2014
"K2-360 c",,,15.23000000,0.0883000000,9.79692000000,"Radial Velocity",2024
"Kepler-1849 b",2.38685349,0.21294117,,,57.29290009000,"Transit",2021
"TOI-5398 c",3.52000000,0.31403391,11.80000000,0.0570000000,4.77271000000,"Transit",2023
"HD 104985 b",,,1766.80811451,0.7150000000,199.68000000000,"Radial Velocity",2003
"GJ 2056 b",,,16.20000000,0.2830000000,69.97100000000,"Radial Velocity",2020
"TOI-663 d",1.92000000,0.17129122,5.20000000,0.0576000000,7.10272680000,"Transit",2024
"Kepler-319 d",2.29000000,0.20400000,,0.1910000000,31.78192500000,"Transit",2014
"TOI-216.02",8.00000000,0.71371342,18.75187601,,17.16073000000,"Transit",2019
"Kepler-1638 b",1.87000000,0.16683023,,,259.33683000000,"Transit",2016
"UCAC3 113-933 b",,,6674.39654700,6100.0000000000,,"Imaging",2024
"Kepler-1183 b",2.82000000,0.25158355,,,28.50571890000,"Transit",2016
"Kepler-911 b",2.60000000,0.23195646,,,20.31050100000,"Transit",2016
"Kepler-830 b",1.70000000,0.15166384,,,11.29695137000,"Transit",2016
"Kepler-775 b",1.19000000,0.10616469,,,0.97486892600,"Transit",2016
"KMT-2021-BLG-1150L b",,,279.68899816,4.5000000000,,"Microlensing",2023
"OGLE-2018-BLG-1185L b",,,8.40000000,1.5400000000,,"Microlensing",2021
"Kepler-156 c",2.55000000,0.22700000,,0.1170000000,15.90680100000,"Transit",2014
"Kepler-26 d",1.07000000,0.09500000,,0.0390000000,3.54391900000,"Transit",2014
"OGLE-2019-BLG-0304L b",,,162.09248757,1.2300000000,,"Microlensing",2021
"Kepler-62 b",1.31000000,0.11700000,9.00000000,0.0553000000,5.71493200000,"Transit",2013
"Kepler-937 b",3.72000000,0.33187617,,,67.66882700000,"Transit",2016
"Kepler-843 b",2.59000000,0.23106432,,,2.05387982100,"Transit",2016
"HD 37124 d",,,221.20968000,2.8070000000,1862.00000000000,"Radial Velocity",2005
"Kepler-1860 b",1.13863767,0.10158262,,,12.73719978000,"Transit",2021
"KIC 10001893 d",,,,,0.81161000000,"Orbital Brightness Modulation",2014
"Kepler-276 b",2.87000000,0.25600000,,0.1190000000,14.12841000000,"Transit",2014
"Kepler-952 b",7.65000000,0.68248729,,,130.35469190000,"Transit",2016
"HD 66428 c",,,560.64930995,9.4080000000,10478.84437000000,"Radial Velocity",2021
"Kepler-350 c",3.10000000,0.27700000,6.10000000,,17.84900000000,"Transit",2013
"Kepler-1656 b",,,47.80000000,0.1974000000,31.56200000000,"Transit",2018
"Qatar-7 b",19.05530000,1.70000000,597.52040000,0.0352000000,2.03204600000,"Transit",2019
"Kepler-1793 b",3.79037518,0.33815521,,,8.77999973300,"Transit",2021
"Kepler-208 b",1.63000000,0.14500000,,0.0540000000,4.22864000000,"Transit",2014
"Kepler-352 b",0.86000000,0.07700000,,0.0850000000,10.05537000000,"Transit",2014
"HD 167042 b",,,444.00628458,1.2200000000,417.67000000000,"Radial Velocity",2007
"TOI-4930 b",6.93277225,0.61850158,,,6.78130241498,"Transit",2026
"Kepler-1331 b",1.05000000,0.09367473,,,0.78916165300,"Transit",2016
"WASP-2 b",12.11692900,1.08100000,295.89973000,0.0314400000,2.15217500000,"Transit",2007
"Kepler-1483 b",1.52000000,0.13560532,,,9.50851560000,"Transit",2016
"K2-90 b",2.60000000,0.23195646,,0.0960000000,13.73331400000,"Transit",2016
"Kepler-190 b",1.56000000,0.13900000,,0.0300000000,2.01999900000,"Transit",2014
"Kepler-317 b",2.09000000,0.18600000,,0.0610000000,5.52424200000,"Transit",2014
"Kepler-931 b",1.33000000,0.11865465,,,8.03755877000,"Transit",2016
"Kepler-240 c",2.20000000,0.19600000,,0.0740000000,7.95352800000,"Transit",2014
"Kepler-1560 b",0.89000000,0.07940048,,,3.03195744000,"Transit",2016
"Kepler-2000 c",1.57000000,0.14006626,,0.1228000000,20.61803480000,"Transit",2023
"HD 20781 b",,,1.93000000,0.0529000000,5.31350000000,"Radial Velocity",2019
"TOI-2096 c",1.91400000,0.17075594,,0.0400000000,6.38784000000,"Transit",2023
"TOI-4463 A b",13.26022417,1.18300000,252.35575516,0.0403600000,2.88071980000,"Transit",2023
"Kepler-1642 b",3.20000000,0.28548488,,,12.20575130000,"Transit",2016
"Kepler-504 b",1.59000000,0.14185030,,,9.54927542200,"Transit",2016
"Kepler-171 d",1.89000000,0.16900000,,0.2230000000,39.59551900000,"Transit",2014
"TOI-663 c",2.26000000,0.20162404,3.65000000,0.0437000000,4.69555070000,"Transit",2024
"MOA-2012-BLG-006L b",,,2700.00000000,10.2000000000,,"Microlensing",2017
"Kepler-1156 b",1.32000000,0.11776251,,,11.89520511000,"Transit",2016
"Kepler-53 c",3.17000000,0.28300000,36.00000000,,38.55830380000,"Transit",2012
"KMT-2022-BLG-0303L b",,,163.04597279,4.8100000000,,"Microlensing",2024
"Kepler-268 b",2.55000000,0.22700000,,0.1800000000,25.93413800000,"Transit",2014
"TIC 153919886 b",2.70601108,0.24141455,,,2.10510492329,"Transit",2026
"Kepler-273 c",1.98000000,0.17700000,,0.0730000000,8.01492700000,"Transit",2014
"Kepler-1964 b",1.78105870,0.15889569,,,2.44082999200,"Transit",2021
"OGLE-2017-BLG-1806L b",,,5.27000000,1.7500000000,,"Microlensing",2023
"Kepler-183 c",2.27000000,0.20300000,,0.1030000000,11.63707100000,"Transit",2014
"KMT-2019-BLG-0371L b",,,2447.27873390,0.7900000000,,"Microlensing",2021
"K2-288 B b",1.90000000,0.16950665,,0.1640000000,31.39346300000,"Transit",2018
"2MASS J21252752-8138278 b",,,3813.94088400,7493.0000000000,,"Imaging",2024
"KMT-2017-BLG-1194L b",,,3.54000000,1.7800000000,,"Microlensing",2023
"HATS-2 b",12.57647635,1.12200000,435.42491759,0.0231700000,1.35413379000,"Transit",2013
"Kepler-1585 b",1.79000000,0.15969310,,,3.58274630000,"Transit",2016
"HD 17674 b",,,276.51210000,1.4200000000,623.80000000000,"Radial Velocity",2017
"Kepler-5 b",15.98403400,1.42600000,670.93913000,0.0538000000,3.54846570000,"Transit",2009
"OGLE-2018-BLG-0977L b",,,6.40000000,2.0000000000,,"Microlensing",2022
"GJ 887 d",,,6.10000000,0.2120000000,50.77000000000,"Radial Velocity",2026
"KMT-2016-BLG-1820L b",,,1450.00000000,1.0800000000,,"Microlensing",2018
"MXB 1658-298 b",,,7532.57100000,1.6130000000,760.00000000000,"Eclipse Timing Variations",2017
"BD-08 2823 c",,,104.00000000,0.6800000000,237.60000000000,"Radial Velocity",2009
"TOI-2583 A b",14.45958510,1.29000000,79.45710175,0.0571000000,4.52072650000,"Transit",2023
"Kepler-1781 b",2.38091029,0.21241095,,,4.88752985000,"Transit",2021
"TOI-7009 b",3.71000000,0.33098460,,0.0287000000,2.32066120000,"Transit",2026
"K2-220 b",2.37000000,0.21143760,,,13.68186000000,"Transit",2018
"Kepler-1065 c",1.60000000,0.14274244,,,2.37030743000,"Transit",2016
"HATS-67 b",18.88716500,1.68500000,460.85350000,0.0303200000,1.60917880000,"Transit",2018
"HD 24064 b",,,4096.82870000,1.2900000000,535.59998000000,"Radial Velocity",2015
"TOI-2202 c",,,117.27868218,0.1554400000,24.67440000000,"Transit Timing Variations",2021
"Kepler-302 b",4.06000000,0.36200000,,0.1930000000,30.18410400000,"Transit",2014
"HD 11112 b",,,2598.56505563,13.3800000000,17244.90764000000,"Radial Velocity",2022
"BD+20 594 b",2.57807000,0.23000000,22.24810000,,41.68550000000,"Transit",2016
"Kepler-1538 b",2.82000000,0.25158355,,,175.13881900000,"Transit",2016
"Kepler-584 b",4.21000000,0.37559104,,,35.18103040000,"Transit",2016
"Kepler-525 b",2.63000000,0.23463288,,,18.68404933000,"Transit",2016
"Kepler-269 b",2.47000000,0.22000000,,0.0610000000,5.32671800000,"Transit",2014
"G 264-012 c",,,3.75000000,0.0525000000,8.05180000000,"Radial Velocity",2021
"K2-133 b",1.34000000,0.11954679,,0.0319400000,3.07133000000,"Transit",2017
"TCP J05074264+2447555 b",,,20.00000000,0.9400000000,,"Microlensing",2018
"TOI-7384 b",3.56000000,0.31800000,,0.0439000000,6.23402580000,"Transit",2026
"HD 176986 b",,,5.36000000,0.0629560000,6.49164000000,"Radial Velocity",2017
"Kepler-290 d",0.86000000,0.07672419,,0.0154000000,0.76401755300,"Transit",2023
"Kepler-1135 b",1.85000000,0.16504595,,,76.95785700000,"Transit",2016
"K2-119 b",2.53000000,0.22571148,,0.0698000000,7.72728300000,"Transit",2017
"Kepler-365 b",2.04000000,0.18200000,,0.0980000000,10.66490300000,"Transit",2014
"OGLE-2018-BLG-0506L b",,,16.30000000,3.0000000000,,"Microlensing",2022
"K2-233 d",2.36300000,0.21081310,10.30000000,0.1516000000,24.36810000000,"Transit",2018
"UCAC4 328-061594 b",,,6674.39654700,19000.0000000000,,"Imaging",2024
"GJ 433 c",,,32.42200000,4.8190000000,5094.10500000000,"Radial Velocity",2014
"Kepler-43 b",13.66377100,1.21900000,1026.59090000,0.0460000000,3.02409490000,"Transit",2011
"HD 136352 d",2.56200000,0.22856672,8.82000000,0.4250000000,107.24500000000,"Radial Velocity",2019
"HD 191939 c",3.19500000,0.28503930,8.00000000,0.1752000000,28.57974300000,"Transit",2020
"Kepler-605 b",1.44000000,0.12846820,,,3.38353806600,"Transit",2016
"HD 51608 b",,,12.77000000,0.1059000000,14.07260000000,"Radial Velocity",2019
"Kepler-254 d",2.50000000,0.22300000,,0.1390000000,18.74647700000,"Transit",2014
"K2-218 b",2.56948149,0.22923378,,,8.67988500000,"Transit",2018
"HD 124330 b",,,238.37130525,0.8600000000,270.66000000000,"Radial Velocity",2021
"HD 2685 b",16.14096000,1.44000000,371.86110000,0.0568000000,4.12688000000,"Transit",2019
"Kepler-45 b",10.76000000,0.96000000,160.49700000,0.0300000000,2.45523900000,"Transit",2011
"K2-87 b",7.60000000,0.67802659,,0.0940000000,9.72661800000,"Transit",2016
"CoRoT-30 b",11.30988100,1.00900000,921.70700000,0.0844000000,9.06005000000,"Transit",2020
"HATS-63 b",13.52926300,1.20700000,305.11680000,0.0402600000,3.05665270000,"Transit",2018
"Kepler-1835 b",3.53387773,0.31527200,,,11.96409988000,"Transit",2021
"Kepler-1802 b",1.67100000,0.14907689,,,15.45020008000,"Transit",2021
"TOI-1244 b",2.46700000,0.22009138,,0.0606940000,6.40031648300,"Transit",2024
"Kepler-68 e",,,86.44932670,4.6000000000,3455.00000000000,"Radial Velocity",2023
"Kepler-102 e",2.17000000,0.19359477,4.70000000,0.1162000000,16.14569940000,"Transit",2013
"WISE J033605.05-014350.4 b",,,2622.08435775,0.9700000000,2560.00000000000,"Imaging",2023
"HD 109286 b",,,950.30693693,1.2590000000,520.10000000000,"Radial Velocity",2021
"Kepler-1427 b",1.10000000,0.09813543,,,0.96897237600,"Transit",2016
"HD 141399 c",,,422.71390000,0.6890000000,201.99000000000,"Radial Velocity",2014
"MOA-2016-BLG-227L b",,,890.00000000,1.3900000000,,"Microlensing",2017
"HD 192310 c",,,24.00000000,1.1800000000,525.80000000000,"Radial Velocity",2011
"PSR B1257+12 c",,,4.30000000,0.3600000000,66.54190000000,"Pulsar Timing",1992
"BD+48 740 b",,,540.31100000,1.7000000000,733.00000000000,"Radial Velocity",2018
"HD 42618 b",,,14.40000000,0.5540000000,149.61000000000,"Radial Velocity",2016
"Kepler-749 b",3.10000000,0.27656348,,,17.31716585000,"Transit",2016
"Kepler-443 b",2.33000000,0.21000000,,0.4950000000,177.66930000000,"Transit",2015
"Kepler-458 c",4.20000000,0.37469890,,,20.74028413000,"Transit",2016
"K2-131 b",1.69000000,0.15077196,7.90000000,0.0093600000,0.36930380000,"Transit",2017
"Kepler-92 b",3.51000000,0.31300000,64.30000000,,13.74900000000,"Transit",2013
"GJ 1148 c",,,68.06000000,0.9120000000,532.58000000000,"Radial Velocity",2017
"Kepler-542 b",1.57000000,0.14006602,,,13.14497566000,"Transit",2016
"Kepler-716 c",1.39281536,0.12425866,,,3.96999000000,"Transit",2020
"Kepler-1634 b",3.19000000,0.28459274,,,374.87623900000,"Transit",2016
"Kepler-929 b",1.11000000,0.09902757,,,0.92103213500,"Transit",2016
"OGLE-2016-BLG-1266L b",,,3813.94088400,0.4300000000,,"Microlensing",2018
"Kepler-287 b",2.33000000,0.20800000,,0.1450000000,20.34219900000,"Transit",2014
"K2-32 c",3.13400000,0.27959723,8.10000000,0.1384300000,20.66093000000,"Transit",2016
"HD 204313 e",,,4868.17771002,7.4570000000,7325.64666000000,"Radial Velocity",2022
"HD 213885 c",,,19.95000000,0.0567980000,4.78503000000,"Radial Velocity",2019
"Kepler-718 b",16.56000000,1.47738424,,,2.05234990500,"Transit",2016
"Kepler-139 e",,,426.11581520,3.2357963900,2047.63537300000,"Radial Velocity",2023
"TOI-942 b",3.89000000,0.34704315,,0.0486600000,4.32421000000,"Transit",2020
"TOI-2104 b",1.52898127,0.13640681,,,5.90437045700,"Transit",2026
"Kepler-1838 b",1.66049425,0.14813963,,,12.14680004000,"Transit",2021
"Kepler-1503 b",2.27000000,0.20251584,,,96.16987000000,"Transit",2016
"K2-183 b",1.10000000,0.09813560,,,0.46928500000,"Transit",2018
"Kepler-150 e",3.12000000,0.27800000,,0.1890000000,30.82655700000,"Transit",2014
"YZ Cet c",,,1.14000000,0.0215600000,3.05989000000,"Radial Velocity",2017
"Kepler-710 b",1.88000000,0.16772237,,,4.34728552700,"Transit",2016
"Kepler-327 c",1.03000000,0.09200000,,0.0470000000,5.21233300000,"Transit",2014
"ZTF J1230-2655 b",13.78704626,1.23000000,7024.00779470,,0.23597766000,"Transit",2025
"HD 102843 b",,,113.90000000,4.0740000000,3090.94200000000,"Radial Velocity",2019
"Kepler-329 c",1.93000000,0.17200000,,0.1130000000,18.68473700000,"Transit",2014
"Kepler-1994 b",0.51000000,0.04549923,,0.0530000000,4.61225043000,"Transit",2023
"Kepler-1615 b",2.06000000,0.18378089,,,47.31261920000,"Transit",2016
"Kepler-646 b",1.99000000,0.17753591,,,15.87364565000,"Transit",2016
"Kepler-435 b",22.31000000,1.99000000,266.97000000,0.0948000000,8.60015360000,"Transit",2015
"K2-272 b",3.13000000,0.27924038,,0.1007000000,14.45367560000,"Transit",2018
"Kepler-56 d",,,1784.00000000,2.1600000000,1002.00000000000,"Radial Velocity",2016
"HD 152581 b",,,594.02427000,1.6600000000,686.50000000000,"Radial Velocity",2011
"Kepler-314 b",0.83000000,0.07400000,,0.0350000000,2.46106900000,"Transit",2014
"MOA-2008-BLG-310L b",,,23.40000000,1.1000000000,,"Microlensing",2009
"K2-138 f",2.90400000,0.25907753,1.63000000,0.1044700000,12.75758000000,"Transit",2017
"Kepler-139 d",1.69500000,0.15121803,4.65807623,0.0755533961,7.30569992200,"Transit",2023
"HIP 116454 b",2.46900000,0.22026981,9.70000000,0.0792000000,9.10041570000,"Transit",2014
"TOI-1750 b",2.78943837,0.24885745,,,11.33727129656,"Transit",2026
"TOI-3837 b",10.87271128,0.97000000,187.51876013,0.0990000000,11.88865000000,"Transit",2025
"Kepler-966 b",4.13000000,0.36845392,,,99.74762200000,"Transit",2016
"OGLE-2019-BLG-1180L b",,,555.24622703,5.1900000000,,"Microlensing",2023
"TOI-172 b",10.81668500,0.96500000,1722.63860000,0.0914000000,9.47725000000,"Transit",2019
"TOI-1533 c",7.50000000,0.66910634,36.60000000,0.0760000000,8.06379260000,"Transit",2026
"HD 105618 b",,,25.42627256,0.0910000000,10.02245000000,"Radial Velocity",2022
"Kepler-292 c",1.47000000,0.13100000,,0.0450000000,3.71533500000,"Transit",2014
"Kepler-207 b",1.57000000,0.14000000,,0.0290000000,1.61186500000,"Transit",2014
"WASP-79 b",17.14974047,1.53000000,270.15414595,0.0519000000,3.66239200000,"Transit",2012
"HD 21749 c",0.89200000,0.07957891,3.70000000,0.0695000000,7.78993000000,"Transit",2019
"Kepler-193 b",2.39000000,0.21300000,,0.1060000000,11.38848000000,"Transit",2014
"TIC 237913194 b",12.52045300,1.11700000,617.22586000,0.1207000000,15.16886500000,"Transit",2020
"HD 142245 b",,,975.73810000,2.7800000000,1299.00000000000,"Radial Velocity",2011
"HATS-27 b",16.81350000,1.50000000,168.44990000,0.0611000000,4.63703800000,"Transit",2016
"K2-72 c",1.16000000,0.10348827,,0.0780000000,15.18903400000,"Transit",2016
"Kepler-1093 b",1.95000000,0.17396735,,,25.08246260000,"Transit",2016
"Kepler-1576 b",1.04000000,0.09278259,,,6.98471973000,"Transit",2016
"HD 11755 b",,,1789.38290000,1.0900000000,433.70001000000,"Radial Velocity",2015
"KOI-351 e",2.66000000,0.23700000,,0.4200000000,91.93913000000,"Transit",2013
"tau Gem b",,,6547.00000000,1.1700000000,305.50000000000,"Radial Velocity",2013
"2MASS J12073346-3932539 b",15.69257298,1.40000000,1652.70771640,,,"Imaging",2004
"Kepler-1724 b",2.83677238,0.25308032,,,6.45442009000,"Transit",2021
"Kepler-11 g",3.33000000,0.29700000,25.00000000,0.4660000000,118.38070000000,"Transit",2010
"Kepler-1537 b",1.18000000,0.10527255,,,1.44445379800,"Transit",2016
"Kepler-1736 b",3.87658560,0.34584640,,,37.81029892000,"Transit",2021
"Kepler-372 b",1.36000000,0.12100000,,0.0750000000,6.84969200000,"Transit",2014
"Kepler-1428 b",1.64000000,0.14631100,,,10.67607169000,"Transit",2016
"KMT-2023-BLG-1743L b",,,6356.56814000,1.1600000000,,"Microlensing",2024
"Kepler-1669 b",2.78043818,0.24805408,,,9.51216000000,"Transit",2020
"OGLE-2018-BLG-1428L b",,,240.00000000,3.3000000000,,"Microlensing",2021
"K2-164 b",3.24925008,0.28987868,,,17.35506600000,"Transit",2018
"HD 210702 b",,,481.51003660,1.0790000000,355.50000000000,"Radial Velocity",2007
"Kepler-259 b",2.80000000,0.25000000,,0.0790000000,8.11531700000,"Transit",2014
"Kepler-244 b",2.76000000,0.24600000,,0.0500000000,4.31179200000,"Transit",2014
"Kepler-630 b",3.18000000,0.28370060,,,161.47439370000,"Transit",2016
"Kepler-1448 b",1.61000000,0.14363458,,,12.27065865000,"Transit",2016
"NGTS-35 b",10.90000000,0.97243454,152.00000000,0.1600000000,25.24119200000,"Transit",2025
"TOI-5489 c",1.28000000,0.11419415,,,4.92126000000,"Transit",2025
"OGLE-2018-BLG-1119L b",,,289.22385037,4.0600000000,,"Microlensing",2022
"Kepler-1641 b",3.11000000,0.27745562,,,19.67226600000,"Transit",2016
"Kepler-756 b",1.12000000,0.09991971,,,1.22486632200,"Transit",2016
"Kepler-341 e",1.99000000,0.17800000,,0.2420000000,42.47326900000,"Transit",2014
"Kepler-47 c",4.65000000,0.41484521,3.17000000,0.9638000000,303.22700000000,"Transit",2012
"Kepler-42 d",0.57000000,0.05100000,,0.0154000000,1.86516900000,"Transit",2011
"OGLE-2018-BLG-0799L b",,,82.63538582,1.2800000000,,"Microlensing",2022
"Kepler-1882 b",1.48674404,0.13263865,,,13.78730011000,"Transit",2021
"HD 21693 c",,,17.37000000,0.2586000000,53.73570000000,"Radial Velocity",2019
"TOI-5076 b",3.48935569,0.31130000,16.14568308,0.1481000000,23.44316200000,"Transit",2024
"WASP-71 b",13.22662000,1.18000000,441.78370000,,2.90367000000,"Transit",2012
"HD 109246 b",,,273.33380000,0.3300000000,68.27000000000,"Radial Velocity",2010
"Kepler-225 b",1.20000000,0.10700000,,0.0560000000,6.73897500000,"Transit",2014
"Kepler-539 c",,,762.79200000,2.4200000000,1000.00000000000,"Transit Timing Variations",2016
"HD 111232 c",,,5740.93451564,17.2500000000,26472.44623000000,"Radial Velocity",2022
"Kepler-1375 b",1.74000000,0.15523240,,,3.30041920000,"Transit",2016
"TOI-1450 A b",1.13000000,0.10081202,1.25800000,,2.04392740000,"Transit",2024
"Kepler-676 b",3.04000000,0.27121063,,,11.59822172000,"Transit",2016
"TIC 279401253 b",11.20898070,1.00000000,1951.46641898,0.3690000000,76.80000000000,"Transit",2023
"Kepler-288 b",1.67000000,0.14900000,,0.0650000000,6.09732600000,"Transit",2014
"Kepler-267 b",1.98000000,0.17700000,,0.0370000000,3.35372800000,"Transit",2014
"HIP 109384 b",,,495.81480000,1.1340000000,499.48000000000,"Radial Velocity",2016
"Kepler-1132 b",2.35000000,0.20965296,,,62.89162280000,"Transit",2016
"K2-209 b",0.86850263,0.07748261,,,2.08061500000,"Transit",2018
"Kepler-474 b",3.06000000,0.27299491,,,5.66067293500,"Transit",2016
"K2-291 b",1.58900000,0.14176108,6.49000000,0.0326100000,2.22517700000,"Transit",2019
"TOI-2346 b",16.11851425,1.43800000,394.10722468,0.0473000000,3.33120290000,"Transit",2025
"Kepler-712 b",3.41000000,0.30421982,,,21.02247699000,"Transit",2016
"TOI-6716 b",0.98200000,0.08760000,,0.0319000000,4.71858980000,"Transit",2026
"WASP-99 b",11.43318000,1.02000000,772.32690000,,5.75251000000,"Transit",2014
"K2-157 c",,,30.80000000,0.1650000000,25.94200000000,"Radial Velocity",2025
"TOI-663 b",2.27000000,0.20251618,4.45000000,0.0295000000,2.59890200000,"Transit",2024
"Kepler-442 b",1.34000000,0.12000000,,0.4090000000,112.30530000000,"Transit",2015
"Kepler-1005 b",1.50000000,0.13382104,,,6.49801525000,"Transit",2016
"OGLE-2018-BLG-0532L b",,,6.22800000,1.0640000000,,"Microlensing",2020
"Kepler-370 c",1.91000000,0.17000000,,0.1400000000,19.02293000000,"Transit",2014
"OGLE-2007-BLG-368L b",,,20.00000000,2.8000000000,,"Microlensing",2009
"TOI-2580 b",17.37392009,1.55000000,200.23189641,0.0480000000,3.39775000000,"Transit",2024
"Kepler-305 c",3.30000000,0.29400000,6.00000000,,8.29100000000,"Transit",2013
"KMT-2023-BLG-0735L b",,,38.77506565,2.9600000000,,"Microlensing",2024
"Kepler-1433 b",1.56000000,0.13917388,,,4.13592271000,"Transit",2016
"Kepler-262 c",1.64000000,0.14600000,,0.1520000000,21.85372200000,"Transit",2014
"KMT-2023-BLG-1642L b",,,343.25467956,1.4100000000,,"Microlensing",2024
"Kepler-1099 b",2.83000000,0.25247569,,,2.16845259300,"Transit",2016
"TOI-5218 b",9.86000000,0.87900000,657.00000000,0.0469000000,4.29145200000,"Transit",2024
"TOI-1752 c",2.29000000,0.20430047,,0.1614000000,32.71443000000,"Transit",2026
"HD 93385 b",,,4.20000000,0.0756000000,7.34260000000,"Radial Velocity",2021
"K2-91 b",1.10000000,0.09813543,,0.0164000000,1.41954900000,"Transit",2016
"Kepler-14 b",12.73300000,1.13600000,2669.66000000,,6.79012300000,"Transit",2011
"GJ 896 A b",,,718.29219982,0.6396500000,284.39000000000,"Astrometry",2022
"Kepler-1104 b",1.23000000,0.10973325,,,5.03728015000,"Transit",2016
"Kepler-957 b",5.50000000,0.49067713,,,5.90741353700,"Transit",2016
"Kepler-267 c",2.13000000,0.19000000,,0.0600000000,6.87745000000,"Transit",2014
"Kepler-1235 b",0.79000000,0.07047908,,,4.16055856000,"Transit",2016
"Kepler-654 b",2.07000000,0.18467303,,,13.72465129000,"Transit",2016
"HD 13908 b",,,274.91000000,0.1540000000,19.38200000000,"Radial Velocity",2013
"KMT-2023-BLG-0119L b",,,83.70000000,3.1400000000,,"Microlensing",2025
"K2-403 b",5.33300000,0.47577921,,,33.58997900000,"Transit",2022
"Kepler-1435 b",0.86000000,0.07672406,,,4.45343281000,"Transit",2016
"Kepler-120 b",2.15000000,0.19200000,,0.0550000000,6.31250100000,"Transit",2014
"Kepler-1509 b",1.85000000,0.16504595,,,25.43381970000,"Transit",2016
"Kepler-750 c",1.62000000,0.14452672,,,4.08899022000,"Transit",2016
"KMT-2016-BLG-1107L b",,,1043.00000000,0.3420000000,,"Microlensing",2019
"TOI-5300 b",9.86390302,0.88000000,190.69704420,0.0295000000,2.26219600000,"Transit",2025
"GJ 9714 b",,,2988.54051102,12.3190000000,19240.75467000000,"Radial Velocity",2022
"Kepler-1090 b",2.25000000,0.20073156,,,198.68017900000,"Transit",2016
"CoRoT-9 b",11.94879400,1.06600000,266.97720000,0.4021000000,95.27265600000,"Transit",2009
"Kepler-303 c",1.14000000,0.10200000,,0.0570000000,7.06114900000,"Transit",2014
"NY Vir b",,,845.42780000,,3160.00000000000,"Eclipse Timing Variations",2011
"KMT-2021-BLG-0320L b",,,31.78284070,1.5400000000,,"Microlensing",2022
"Kepler-1981 b",9.23000000,0.82344686,,1.3292000000,453.54212000000,"Transit",2023
"Kepler-81 b",2.42000000,0.21600000,,,5.95500000000,"Transit",2012
"HAT-P-4 b",14.28000000,1.27400000,213.25500000,0.0443800000,3.05653600000,"Transit",2007
"MASCARA-4 b",16.98160576,1.51500000,532.36258173,0.0474000000,2.82409320000,"Transit",2020
"Kepler-583 b",2.28000000,0.20340798,,,6.51002530000,"Transit",2016
"Kepler-227 b",3.11000000,0.27700000,,0.0900000000,9.48801500000,"Transit",2014
"Kepler-468 b",13.34000000,1.19011509,,,38.47875706700,"Transit",2016
"EPIC 206024342 d",2.60000000,0.23195686,,,14.64753100000,"Transit",2021
"Kepler-1897 b",2.81407954,0.25105579,,,24.22030067000,"Transit",2021
"TIC 279401253 c",,,2548.98382414,0.5910000000,155.30000000000,"Transit",2023
"Kepler-1122 b",2.04000000,0.18199661,,,42.19173570000,"Transit",2016
"KMT-2024-BLG-2059L b",,,6.99222495,2.5500000000,,"Microlensing",2025
"Kepler-194 d",2.40000000,0.21400000,,0.2750000000,52.81497300000,"Transit",2014
"Kepler-136 b",2.05000000,0.18300000,,0.1060000000,11.57890000000,"Transit",2014
"AT2021ueyL b",,,425.89006538,4.0100000000,4168.69000000000,"Microlensing",2025
"K2-187 e",1.90000000,0.16950694,,,13.60662900000,"Transit",2018
"TOI-5110 b",11.98240037,1.06900000,921.70238030,0.2157000000,30.15857700000,"Transit",2024
"Kepler-145 b",2.65000000,0.23600000,37.10000000,,22.95100000000,"Transit",2013
"Kepler-1116 b",2.54000000,0.22660362,,,41.69778270000,"Transit",2016
"MOA-2010-BLG-353L b",,,86.00000000,1.7200000000,,"Microlensing",2015
"Kepler-842 b",1.60000000,0.14274244,,,1.21956827000,"Transit",2016
"Kepler-1489 b",1.77000000,0.15790882,,,82.29475100000,"Transit",2016
"Kepler-559 b",3.61000000,0.32206263,,,17.58752333000,"Transit",2016
"KMT-2016-BLG-2142L b",,,4923.00000000,0.8300000000,,"Microlensing",2018
"Kepler-1833 b",1.30027362,0.11600284,,,6.89212989800,"Transit",2021
"Kepler-23 d",2.20600000,0.19680648,4.44000000,,15.27000000000,"Transit",2014
"HD 219415 b",,,317.83000000,3.2000000000,2093.30000000000,"Radial Velocity",2012
"Kepler-1834 b",1.45938340,0.13019769,,,4.60301017800,"Transit",2021
"Kepler-1814 b",2.36961357,0.21140313,,,2.93535995500,"Transit",2021
"K2-125 b",2.18000000,0.19448657,,0.1210000000,21.75026400000,"Transit",2017
"Kepler-1709 b",3.12424875,0.27872728,,,65.70459747000,"Transit",2021
"HD 93963 A c",3.11976057,0.27832688,18.40000000,0.0472600000,3.64513890000,"Transit",2022
"Kepler-1996 c",2.81000000,0.25069184,,0.3608000000,92.72972480000,"Transit",2023
"MOA-2009-BLG-266L b",,,10.40000000,3.2000000000,2800.00000000000,"Microlensing",2011
"KOI-1257 b",10.54000000,0.94000000,460.83000000,0.3820000000,86.64766100000,"Transit",2014
"Kepler-974 b",1.57000000,0.14006602,,,4.19449651400,"Transit",2016
"TOI-1744.01",2.68000000,0.23909400,,0.1640860000,22.34170292700,"Transit",2024
"TOI-1451 b",2.61143902,0.23297739,15.20000000,0.1270000000,16.53794400000,"Transit",2024
"TOI-1691 b",3.66000000,0.32652389,,0.1293650000,16.73688893500,"Transit",2024
"Kepler-1263 b",1.14000000,0.10170399,,,4.55139967000,"Transit",2016
"KMT-2019-BLG-0298L b",,,575.26941667,5.6700000000,,"Microlensing",2023
"TIC 4672985 b",11.50041420,1.02600000,4049.13390518,0.3300000000,69.04800000000,"Transit",2024
"Kepler-533 b",3.38000000,0.30154340,,,28.51120525000,"Transit",2016
"Kepler-1366 b",1.43000000,0.12757605,,,2.16457096800,"Transit",2016
"CoRoT-20 c",,,5403.11000000,2.9000000000,1675.00000000000,"Radial Velocity",2018
"Kepler-1915 b",3.21798413,0.28708981,,,13.83539963000,"Transit",2021
"TOI-1246 b",3.01000000,0.26853468,8.10000000,0.0490000000,4.30744000000,"Transit",2022
"HIP 8152 b",2.53625843,0.22627021,8.90000000,0.0930000000,10.75101400000,"Transit",2023
"Kepler-1589 b",1.09000000,0.09724329,,,0.99166527400,"Transit",2016
"Kepler-218 b",1.48000000,0.13200000,,0.0460000000,3.61933700000,"Transit",2014
"Kepler-283 b",2.13000000,0.19000000,,0.0820000000,11.00815100000,"Transit",2014
"Kepler-325 b",2.91000000,0.26000000,,0.0530000000,4.54443900000,"Transit",2014
"OGLE-2015-BLG-1609L b",,,76.27881768,,,"Microlensing",2025
"OGLE-2013-BLG-0132L b",,,92.00000000,3.6000000000,,"Microlensing",2017
"HD 101930 b",,,79.45750000,0.3000000000,70.46000000000,"Radial Velocity",2005
"Kepler-181 b",1.27000000,0.11300000,,0.0400000000,3.13787300000,"Transit",2014
"CoRoT-18 b",14.68000000,1.31000000,1102.82000000,0.0295000000,1.90006930000,"Transit",2011
"Kepler-1673 b",2.93551940,0.26188950,,,33.78880000000,"Transit",2020
"Kepler-1287 b",1.54000000,0.13738960,,,11.47685909000,"Transit",2016
"GJ 433 b",,,6.04300000,0.0620000000,7.37050000000,"Radial Velocity",2013
"HD 80869 b",,,1609.80088146,2.9050000000,1752.92067000000,"Radial Velocity",2021
"HD 85390 b",,,31.46517000,1.3730000000,799.52000000000,"Radial Velocity",2011
"TOI-2969 b",12.32987877,1.10000000,368.68095212,0.0261000000,1.82371460000,"Transit",2025
"PSR B1257+12 b",,,0.02000000,0.1900000000,25.26200000000,"Pulsar Timing",1994
"Kepler-1253 b",1.33000000,0.11865465,,,68.88619150000,"Transit",2016
"TOI-5624 c",2.47400000,0.22071588,4.80000000,0.0737400000,7.88538500000,"Transit",2026
"TOI-1266 b",2.52000000,0.22481973,4.46000000,0.0730000000,10.89450000000,"Transit",2020
"KMT-2018-BLG-0030L b",,,460.85119015,4.3900000000,,"Microlensing",2022
"TOI-1782.01",2.36800000,0.21125917,,0.0502400000,4.98764102800,"Transit",2024
"Kepler-92 c",2.60000000,0.23200000,6.10000000,,26.72300000000,"Transit",2013
"Kepler-1420 b",1.28000000,0.11419395,,,6.69960006000,"Transit",2016
"Kepler-1500 b",1.20000000,0.10705683,,,15.03301050000,"Transit",2016
"HD 22532 b",,,673.79622284,1.9000000000,872.60000000000,"Radial Velocity",2022
"Kepler-748 b",2.52000000,0.22481934,,,7.40742793000,"Transit",2016
"Kepler-1057 b",3.36000000,0.29975912,,,14.08827448000,"Transit",2016
"CoRoT-13 b",9.92000000,0.88500000,415.70400000,0.0510000000,4.03519000000,"Transit",2010
"KIC 8121913 b",,,667.43965470,,3.29460100000,"Orbital Brightness Modulation",2021
"Kepler-1323 b",1.52000000,0.13560532,,,0.92990667800,"Transit",2016
"Kepler-573 b",2.79000000,0.24890713,,,22.18329658000,"Transit",2016
"TOI-1278 b",12.21778896,1.09000000,5879.82552950,0.0950000000,14.47567000000,"Transit",2021
"HIP 111909 b",,,384.57237247,1.3200000000,487.08000000000,"Radial Velocity",2025
"UKIRT-2017-BLG-001L b",,,407.00000000,4.1800000000,,"Microlensing",2018
"Kepler-1479 b",1.83000000,0.16326166,,,14.53261362000,"Transit",2016
"Kepler-400 b",1.65000000,0.14700000,,0.0870000000,9.02438900000,"Transit",2014
"HD 285507 b",,,311.47340000,0.0600000000,6.08810000000,"Radial Velocity",2013
"Kepler-169 f",2.58000000,0.23000000,,0.3590000000,87.09019500000,"Transit",2014
"Kepler-1146 b",1.23000000,0.10973325,,,2.35226579700,"Transit",2016
"TOI-532 b",5.82000000,0.51922652,61.50000000,0.0296000000,2.32665080000,"Transit",2021
"OGLE-2015-BLG-1771L b",,,138.00000000,0.8500000000,,"Microlensing",2020
"Kepler-598 c",3.02420941,0.26980189,,,86.49450000000,"Transit",2020
"24 Sex b",,,632.46000000,1.3330000000,452.80000000000,"Radial Velocity",2010
"Kepler-146 c",3.13000000,0.27900000,,0.3640000000,76.73217100000,"Transit",2014
"WASP-170 b",12.28506400,1.09600000,508.52800000,0.0337000000,2.34478022000,"Transit",2018
"Kepler-647 b",1.17000000,0.10438041,,,16.22546490000,"Transit",2016
"HIP 10090 c",,,270.15414595,0.9000000000,321.82000000000,"Radial Velocity",2026
"HD 208897 b",,,379.48711796,1.0630000000,358.27000000000,"Radial Velocity",2017
"XO-2 N b",,,188.79007376,0.0366600000,2.61585906000,"Transit",2007
"NGC 2682 YBP 1194 b",,,101.70560000,,6.95900000000,"Radial Velocity",2014
"KMT-2017-BLG-1057L b",,,23.50000000,2.3600000000,,"Microlensing",2024
"Kepler-252 c",2.15000000,0.19200000,,0.0800000000,10.84846300000,"Transit",2014
"Kepler-1704 b",11.94877343,1.06600000,1322.16617312,2.0270000000,988.88112000000,"Transit",2021
"Kepler-875 b",2.90000000,0.25872067,,,27.50737990000,"Transit",2016
"Kepler-226 c",2.27000000,0.20300000,,0.0580000000,5.34955500000,"Transit",2014
"Kepler-865 b",2.49000000,0.22214292,,,14.16399294000,"Transit",2016
"DENIS-P J082303.1-491201 b",,,9057.77000000,0.3600000000,246.36000000000,"Astrometry",2013
"Kepler-1987 e",1.92000000,0.17129122,,0.0765000000,8.74292005000,"Transit",2023
"GJ 667 C g",,,4.60000000,0.5490000000,256.20000000000,"Radial Velocity",2013
"Kepler-277 b",2.92000000,0.26100000,87.30000000,,17.32400000000,"Transit",2013
"Kepler-557 b",2.67000000,0.23820145,,,3.70598955100,"Transit",2016
"Kepler-895 b",1.54000000,0.13738960,,,2.80624232800,"Transit",2016
"Kepler-1278 b",1.01000000,0.09010616,,,3.23941344000,"Transit",2016
"Kepler-97 c",,,344.00000000,,789.00000000000,"Radial Velocity",2014
"Kepler-708 b",2.93000000,0.26139709,,,3.16789193800,"Transit",2016
"MOA-2015-BLG-337L b",,,33.70000000,0.2400000000,,"Microlensing",2018
"Kepler-152 b",2.79000000,0.24900000,,0.1240000000,18.20797300000,"Transit",2014
"Kepler-222 b",3.16000000,0.28200000,,0.0480000000,3.93698100000,"Transit",2014
"XO-5 b",12.78000000,1.14000000,378.20000000,0.0515000000,4.18775580000,"Transit",2008
"MOA-2012-BLG-505L b",,,6.70000000,0.9000000000,,"Microlensing",2017
"Kepler-690 b",5.95000000,0.53082345,,,7.74809437400,"Transit",2016
"Kepler-1637 b",0.89000000,0.07940048,,,6.10960324000,"Transit",2016
"G 192-15 b",,,1.03000000,0.0172300000,2.27476000000,"Radial Velocity",2025
"K2-223 b",0.89000000,0.07940062,,,0.50557000000,"Transit",2018
"Kepler-1906 b",2.77615754,0.24767261,,,7.36268997200,"Transit",2021
"Kepler-1022 b",2.36000000,0.21054510,,,10.99469878000,"Transit",2016
"HD 217786 b",,,4402.55909376,2.4460000000,1301.36009000000,"Radial Velocity",2011
"Kepler-1049 b",0.95000000,0.08475332,,,3.27346073600,"Transit",2016
"TOI-1295 b",15.69257298,1.40000000,451.31633794,0.0470000000,3.19688380000,"Transit",2024
"Kepler-1487 b",2.13000000,0.19002587,,,7.31946363000,"Transit",2016
"OGLE-2017-BLG-1375L b",,,3585.00000000,3.0400000000,,"Microlensing",2020
"Kepler-198 c",2.47000000,0.22000000,,0.2590000000,49.56741600000,"Transit",2014
"POTS-1 b",10.54800000,0.94100000,734.16000000,0.0373400000,3.16062960000,"Transit",2013
"KMT-2021-BLG-0852L b",,,155.73591943,7.7800000000,,"Microlensing",2026
"Kepler-876 b",1.43000000,0.12757605,,,5.14438011000,"Transit",2016
"Kepler-1412 b",0.83000000,0.07404764,,,3.61460510000,"Transit",2016
"Kepler-1571 b",1.52000000,0.13560532,,,3.38555488000,"Transit",2016
"TOI-5777 b",3.09551273,0.27616362,,,6.91716177373,"Transit",2026
"Kepler-172 e",2.76000000,0.24600000,,0.2110000000,35.11873600000,"Transit",2014
"HD 25463 b",2.54535814,0.22708203,8.70000000,0.0760000000,7.04914230000,"Transit",2023
"Kepler-1802 c",2.32200000,0.20715532,,,33.13610077000,"Transit",2021
"HD 164509 b",,,140.79869000,0.8700000000,280.17000000000,"Radial Velocity",2012
"WASP-66 b",15.69260000,1.40000000,746.90050000,,4.08605000000,"Transit",2012
"TOI-3629 b",8.29464572,0.74000000,82.63538582,0.0430000000,3.93655100000,"Transit",2022
"HD 80913 b",,,7505.20000290,9.9500000000,10839.83341000000,"Radial Velocity",2022
"K2-319 b",2.79000000,0.24890713,,0.1516000000,26.68000000000,"Transit",2020
"Kepler-1098 b",1.30000000,0.11597823,,,2.54307285500,"Transit",2016
"Kepler-800 b",2.85000000,0.25425997,,,14.13176026000,"Transit",2016
"Kepler-58 b",2.78000000,0.24800000,35.50000000,,10.21849540000,"Transit",2012
"HD 43197 b",,,175.75910907,0.8820000000,308.92072000000,"Radial Velocity",2010
"Kepler-1020 b",2.28000000,0.20340798,,,96.91514960000,"Transit",2016
"MOA-2010-BLG-073L b",,,3500.00000000,1.2100000000,,"Microlensing",2012
"Kepler-1175 b",2.99000000,0.26674993,,,37.94563000000,"Transit",2016
"Kepler-389 c",1.46000000,0.13000000,,0.1100000000,14.51143000000,"Transit",2014
"Kepler-1853 b",1.51862272,0.13548268,,,48.88819885000,"Transit",2021
"Kepler-373 c",1.24000000,0.11100000,,0.1260000000,16.72594800000,"Transit",2014
"TOI-558 b",12.17295304,1.08600000,1147.36054927,0.1291000000,14.57407100000,"Transit",2021
"Kepler-424 b",9.98000000,0.89000000,327.35000000,0.0440000000,3.31186440000,"Transit",2014
"MOA-2010-BLG-477L b",,,480.00000000,2.0000000000,,"Microlensing",2012
"HD 46375 b",,,71.80000000,0.0398000000,3.02357300000,"Radial Velocity",2000
"GJ 163 d",,,29.40000000,1.0304000000,603.95116000000,"Radial Velocity",2013
"Kepler-1633 b",1.58000000,0.14095816,,,186.40427100000,"Transit",2016
"Kepler-1593 b",3.17000000,0.28280846,,,174.50983500000,"Transit",2016
"K2-210 b",0.86000000,0.07672419,,,0.57023000000,"Transit",2018
"TOI-4308 b",2.41890000,0.21580018,,,9.15120100000,"Transit",2023
"OGLE-2015-BLG-0051L b",,,230.00000000,0.7300000000,,"Microlensing",2016
"Kepler-100 c",2.20000000,0.19600000,7.05000000,,12.81590000000,"Transit",2014
"K2-258 b",3.00000000,0.26764207,,0.1490000000,19.09210000000,"Transit",2018
"Kepler-641 b",1.85000000,0.16504595,,,9.48961571000,"Transit",2016
"K2-9 b",2.25000000,0.20073156,,0.0910000000,18.44980000000,"Transit",2015
"Kepler-1587 b",1.33000000,0.11865465,,,9.40604670000,"Transit",2016
"Kepler-490 b",11.65000000,1.03934338,,,3.26869515400,"Transit",2016
"WASP-3 b",15.91678000,1.42000000,772.32690000,,1.84683000000,"Transit",2007
"Kepler-1528 b",1.46000000,0.13025248,,,1.79111020500,"Transit",2016
"Kepler-1600 b",3.13000000,0.27923990,,,386.37054800000,"Transit",2016
"KMT-2024-BLG-1044L b",,,7.75000000,,,"Microlensing",2024
"Gaia-5 b",,,6633.07885409,,358.62000000000,"Astrometry",2025
"Kepler-601 b",1.90000000,0.16950665,,,5.37886844100,"Transit",2016
"Kepler-311 c",1.43000000,0.12800000,,0.1450000000,19.73828600000,"Transit",2014
"Kepler-760 c",1.48000000,0.13203676,,,2.46697439000,"Transit",2016
"Kepler-537 b",1.41000000,0.12579177,,,3.24755521900,"Transit",2016
"Kepler-104 d",3.58000000,0.31900000,,0.2570000000,51.75539400000,"Transit",2014
"HD 23472 f",1.13700000,0.10143652,0.77000000,0.0906000000,12.16218390000,"Transit",2022
"Kepler-144 b",1.33000000,0.11900000,,0.0660000000,5.88527300000,"Transit",2014
"Kepler-224 e",1.97000000,0.17600000,,0.1240000000,18.64357700000,"Transit",2014
"Kepler-149 c",1.61000000,0.14400000,,0.2810000000,55.32832800000,"Transit",2014
"KMT-2019-BLG-2783L b",,,368.68095212,1.8500000000,,"Microlensing",2023
"TOI-2989 b",12.55405838,1.12000000,953.48522100,0.0384000000,3.12283200000,"Transit",2025
"Kepler-532 b",2.57000000,0.22928004,,,12.92491623000,"Transit",2016
"Kepler-1859 c",1.66000000,0.14809554,,0.0473000000,3.59645081000,"Transit",2023
"TIC 139270665 b",7.22979255,0.64500000,147.15455244,0.1630000000,23.62400000000,"Transit",2024
"K2-372 b",2.94500000,0.26273575,,,9.84407700000,"Transit",2022
"GJ 180 b",,,6.49000000,0.0920000000,17.13300000000,"Radial Velocity",2014
"Kepler-1078 b",1.90000000,0.16950665,,,3.00725242000,"Transit",2016
"OGLE-2008-BLG-092L b",,,57.00000000,15.0000000000,,"Microlensing",2014
"KMT-2019-BLG-0297L b",,,6038.73973300,0.9600000000,,"Microlensing",2023
"KMT-2021-BLG-0192L b",,,34.96112477,1.6200000000,,"Microlensing",2022
"Kepler-155 b",2.09000000,0.18600000,,0.0560000000,5.93119400000,"Transit",2014
"1RXS J160929.1-210524 b",,,3000.00000000,330.0000000000,,"Imaging",2008
"LHS 1678 c",0.94100000,0.08395054,,0.0327000000,3.69428400000,"Transit",2021
"K2-339 b",1.92000000,0.17129122,,,19.50742800000,"Transit",2021
"HD 285968 b",,,8.40000000,0.0660000000,8.78360000000,"Radial Velocity",2008
"Gaia22dkvL b",,,187.83658854,1.4000000000,,"Microlensing",2024
"OGLE-2019-BLG-0362L b",,,1036.12060682,2.1800000000,,"Microlensing",2022
"Kepler-115 b",1.09000000,0.09700000,,0.0360000000,2.40367900000,"Transit",2014
"eps Eri b",,,317.82840700,3.5300000000,2680.00000000000,"Radial Velocity",2000
"Kepler-106 b",0.82000000,0.07300000,5.30000000,,6.16486000000,"Transit",2014
"Kepler-332 b",1.17000000,0.10400000,,0.0700000000,7.62632400000,"Transit",2014
"WISPIT 2 b",,,1541.46777395,57.0000000000,,"Imaging",2025
"HD 99492 c",,,17.90000000,,95.23300000000,"Radial Velocity",2023
"TOI-5720 b",1.09000000,0.09724345,4.30000000,0.0182880000,1.43445550000,"Transit",2024
"Kepler-612 b",2.84000000,0.25336783,,,3.72215641300,"Transit",2016
"TOI-1839 b",2.21895097,0.19796189,,,1.42378440907,"Transit",2026
"TOI-4603 b",11.67975789,1.04200000,4096.80816623,0.0888000000,7.24599000000,"Transit",2023
"Kepler-831 b",1.27000000,0.11330181,,,5.62153941000,"Transit",2016
"Kepler-445 c",2.51000000,0.22000000,,,4.87122900000,"Transit",2015
"HIP 4845 b",,,14.40000000,0.1760000000,34.15000000000,"Radial Velocity",2020
"Kepler-33 e",4.02000000,0.35900000,,0.2138000000,31.78440000000,"Transit",2011
"Kepler-1469 b",2.80000000,0.24979927,,,21.86353010000,"Transit",2016
"NGC 2682 Sand 978 b",,,692.86940000,,511.21000000000,"Radial Velocity",2017
"TOI-6281 b",1.92416074,0.17166242,,,1.05426244177,"Transit",2026
"TOI-6651 b",5.09000000,0.45410017,61.00000000,0.0633000000,5.05697300000,"Transit",2024
"TOI-791 c",12.94637271,1.15500000,18.60000000,0.8630000000,232.01570000000,"Transit",2026
"K2-290 b",3.06000000,0.27299491,10.90000000,0.0923000000,9.21165000000,"Transit",2019
"Kepler-191 d",2.28000000,0.20340798,,,5.94504101700,"Transit",2016
"K2-395 b",2.59700000,0.23168922,,,4.80335200000,"Transit",2022
"HD 192310 b",,,16.90000000,0.3200000000,74.72000000000,"Radial Velocity",2011
"HATS-47 b",12.52045300,1.11700000,117.27927000,0.0426900000,3.92280380000,"Transit",2020
"GJ 682 c",,,8.70000000,0.1760000000,57.32000000000,"Radial Velocity",2014
"HD 40307 c",,,6.60000000,0.0799000000,9.61840000000,"Radial Velocity",2009
"Kepler-1130 d",0.64472273,0.05751841,,,4.27225017500,"Transit",2021
"HD 141004 b",,,13.63483866,0.1238000000,15.50830000000,"Radial Velocity",2021
"Kepler-1859 b",1.58313575,0.14123815,,,2.72959995300,"Transit",2021
"Kepler-1050 b",1.60000000,0.14274244,,,15.37875460000,"Transit",2016
"HD 42012 b",,,508.52800000,1.6700000000,857.50000000000,"Radial Velocity",2017
"Kepler-170 c",2.86000000,0.25500000,,0.1310000000,16.66586300000,"Transit",2014
"Kepler-55 b",2.43000000,0.21700000,,,27.94814490000,"Transit",2012
"Kepler-236 c",2.00000000,0.17800000,,0.1320000000,23.96812700000,"Transit",2014
"Kepler-1941 b",2.64976949,0.23639701,,,31.33510017000,"Transit",2021
"Kepler-1333 b",2.81000000,0.25069141,,,109.64718420000,"Transit",2016
"GJ 160.2 b",,,10.20000000,0.0530000000,5.23540000000,"Radial Velocity",2014
"TOI-2589 b",12.10569916,1.08000000,1112.39942450,0.3000000000,61.62770000000,"Transit",2023
"TOI-2180 b",11.32107051,1.01000000,875.61726129,0.8280000000,260.79000000000,"Transit",2022
"Kepler-1924 b",2.65446572,0.23681598,,,15.33170033000,"Transit",2021
"Kepler-1052 b",2.93000000,0.26139709,,,34.85382760000,"Transit",2016
"Kepler-1223 b",1.22000000,0.10884111,,,16.30125900000,"Transit",2016
"OGLE-2018-BLG-0677L b",,,3.96000000,0.6300000000,,"Microlensing",2020
"Kepler-1934 b",0.91307734,0.08145944,,,1.41975998900,"Transit",2021
"EPIC 206024342 c",1.40000000,0.12489985,,,0.91172400000,"Transit",2021
"Kepler-313 b",2.53000000,0.22600000,,0.1250000000,14.97041800000,"Transit",2014
"HAT-P-69 b",18.78628400,1.67600000,1137.83140000,0.0655500000,4.78694910000,"Transit",2019
"HD 332231 b",9.07303305,0.80944319,74.10000000,0.1450000000,18.71202400000,"Transit",2020
"Kepler-1892 b",1.83707938,0.16389353,,,6.33123016400,"Transit",2021
"EPIC 211945201 b",5.76000000,0.51387278,,0.1493000000,19.49221000000,"Transit",2018
"Kepler-38 b",4.30000000,0.38400000,122.00000000,0.4632000000,105.59900000000,"Transit",2012
"K2-254 b",1.63000000,0.14541886,,0.0448000000,4.09639000000,"Transit",2018
"HD 200964 c",,,385.84562000,1.9600000000,852.50000000000,"Radial Velocity",2010
"Kepler-996 b",1.98000000,0.17664377,,,3.77059058400,"Transit",2016
"KOI-3680 b",11.09691000,0.99000000,613.41190000,0.5340000000,141.24167100000,"Transit",2018
"Kepler-289 d",3.03000000,0.27031896,5.33000000,,66.02820000000,"Transit",2014
"OGLE-2012-BLG-0950L b",,,35.00000000,2.6000000000,,"Microlensing",2016
"K2-136 d",1.56500000,0.13962019,3.00000000,0.1538000000,25.57500000000,"Transit",2017
"Kepler-103 b",3.48570000,0.31097386,11.67000000,0.1330000000,15.96532870000,"Transit",2014
"TOI-912 b",1.93000000,0.17218336,5.10000000,0.0410000000,4.67806910000,"Transit",2025
"HR 858 c",1.97900000,0.17655486,3.80000000,0.0687000000,5.97386500000,"Transit",2019
"Kepler-944 b",2.63000000,0.23463288,,,43.31677370000,"Transit",2016
"KMT-2021-BLG-1689L b",,,46.00000000,2.5000000000,,"Microlensing",2022
"Kepler-1983 b",2.33000000,0.20786903,,0.0689000000,7.32851947000,"Transit",2023
"K2-138 b",1.51000000,0.13471318,3.10000000,0.0338500000,2.35309000000,"Transit",2017
"Kepler-208 e",1.48000000,0.13200000,,0.1320000000,16.25945800000,"Transit",2014
"Kepler-1284 b",1.21000000,0.10794897,,,0.66407380600,"Transit",2016
"HATS-31 b",18.38276000,1.64000000,279.69040000,0.0478000000,3.37796000000,"Transit",2016
"Kepler-1619 b",0.76000000,0.06780266,,,23.62259130000,"Transit",2016
"KOI-1599.01",1.90000000,0.16950665,4.60000000,0.1472800000,20.44150000000,"Transit",2019
"Kepler-1512 b",1.18000000,0.10527255,,,20.35972599000,"Transit",2016
"Kepler-163 c",2.26000000,0.20200000,,0.1520000000,21.34726200000,"Transit",2014
"Kepler-953 b",4.21000000,0.37559104,,,88.40655258000,"Transit",2016
"KMT-2020-BLG-0414L c",,,8581.36698900,22.3000000000,,"Microlensing",2021
"K2-240 b",2.00000000,0.17842805,,0.0513000000,6.03400000000,"Transit",2018
"HD 81817 b",,,7668.56380410,3.2330000000,1021.20159000000,"Radial Velocity",2020
"OGLE-2017-BLG-1099L b",,,959.84178914,2.7300000000,,"Microlensing",2021
"TOI-654.01",2.37800000,0.21215132,8.71000000,0.0194400000,1.52756100000,"Transit",2024
"Kepler-196 c",2.24000000,0.20000000,,0.2400000000,47.42773700000,"Transit",2014
"OGLE-2014-BLG-1722L b",,,55.30000000,1.5000000000,,"Microlensing",2018
"OGLE-2012-BLG-0838L b",,,53.10000000,4.4300000000,,"Microlensing",2020
"HIP 8923 b",,,3171.92750186,5.9000000000,5160.00000000000,"Radial Velocity",2026
"Kepler-935 b",1.35000000,0.12043893,,,4.88083852000,"Transit",2016
"Kepler-268 c",3.38000000,0.30200000,,0.3910000000,83.44639300000,"Transit",2014
"K2-179 b",2.51267885,0.22416619,,,5.17219100000,"Transit",2018
"K2-35 b",1.32000000,0.11776251,,0.0310000000,2.39996400000,"Transit",2016
"MOA-2011-BLG-293L b",,,1500.00000000,1.1000000000,,"Microlensing",2012
"Kepler-770 c",1.20000000,0.10705683,,,1.47532231400,"Transit",2016
"Kepler-1330 b",1.65000000,0.14720314,,,10.10769068000,"Transit",2016
"Kepler-1466 b",1.55000000,0.13828174,,,31.17504480000,"Transit",2016
"Kepler-1869 b",1.11955354,0.09988005,,,8.16736030600,"Transit",2021
"XO-2 S c",,,438.60320166,0.4737000000,120.05900000000,"Radial Velocity",2014
"TOI-1301.01",2.47700000,0.22098352,,0.0598660000,6.09640720900,"Transit",2024
"Kepler-1533 b",3.46000000,0.30868052,,,308.54710000000,"Transit",2016
"HD 60532 c",,,797.75330000,1.6000000000,600.10000000000,"Radial Velocity",2008
"Kepler-361 b",1.45000000,0.12900000,,0.0860000000,8.48661600000,"Transit",2014
"Kepler-660 b",2.57000000,0.22928004,,,9.27358194000,"Transit",2016
"MOA-2020-BLG-208L b",,,46.00000000,2.7400000000,,"Microlensing",2023
"CoRoT-36 b",15.80466279,1.41000000,216.12331676,0.0660000000,5.61653100000,"Transit",2022
"Kepler-312 c",3.15000000,0.28100000,,0.1530000000,19.74741200000,"Transit",2014
"K2-69 b",2.32000000,0.20697654,,0.0591000000,7.06599000000,"Transit",2016
"HATS-66 b",15.81589900,1.41100000,1694.03390000,0.0471400000,3.14143910000,"Transit",2018
"Kepler-379 b",1.66000000,0.14800000,,0.1520000000,20.09838000000,"Transit",2014
"Kepler-591 b",3.39000000,0.30243554,,,81.16942990000,"Transit",2016
"Kepler-174 c",1.49000000,0.13300000,,0.2140000000,44.00052900000,"Transit",2014
"Kepler-857 b",6.80000000,0.60665537,,,85.35129427000,"Transit",2016
"Kepler-11 e",4.19000000,0.37400000,8.00000000,0.1950000000,31.99960000000,"Transit",2010
"Kepler-1227 b",2.29000000,0.20430012,,,94.28875770000,"Transit",2016
"KMT-2025-BLG-0481L b",,,187.51876013,2.1800000000,,"Microlensing",2026
"Kepler-1695 b",1.11948901,0.09987412,,,4.73290000000,"Transit",2020
"TOI-669 b",2.58606487,0.23071365,10.00000000,0.0480000000,3.94515200000,"Transit",2023
"Kepler-154 f",1.50000000,0.13382104,,,9.91935684000,"Transit",2016
"K2-95 b",3.31000000,0.29529893,,0.0525000000,10.13464540000,"Transit",2016
"OGLE-2023-BLG-0766L b",,,349.61124770,2.5000000000,,"Microlensing",2026
"gam Lib b",,,357.87478628,1.3190000000,414.88000000000,"Radial Velocity",2018
"Kepler-484 b",2.28000000,0.20340798,,,10.04556931300,"Transit",2016
"HAT-P-24 b",14.57170000,1.30000000,238.37250000,,3.35524000000,"Transit",2010
"HD 158038 b",,,486.27990000,1.5000000000,521.00000000000,"Radial Velocity",2011
"Kepler-384 c",1.13000000,0.10100000,,0.2360000000,45.34826900000,"Transit",2014
"OGLE-2015-BLG-0966L b",,,21.00000000,2.7000000000,,"Microlensing",2016
"Kepler-1046 b",1.71000000,0.15255598,,,14.37508035000,"Transit",2016
"Kepler-1554 b",2.90000000,0.25872067,,,198.08877400000,"Transit",2016
"K2-222 b",2.27500000,0.20296226,7.50000000,0.1186000000,15.38892740000,"Transit",2018
"Kepler-277 c",3.36000000,0.30000000,64.20000000,,33.00600000000,"Transit",2013
"Kepler-1311 d",9.65837605,0.86166408,,,197.51100160000,"Transit",2021
"Kepler-802 b",3.54000000,0.31581765,,,40.05874730000,"Transit",2016
"TOI-5143 c",16.25302201,1.45000000,,0.0560200000,5.20971180000,"Transit",2025
"HD 141937 b",,,3591.46099910,1.5400000000,662.37000000000,"Radial Velocity",2002
"Kepler-956 b",3.00000000,0.26764207,,,5.24867263100,"Transit",2016
"Kepler-200 b",2.13000000,0.19000000,,0.0800000000,8.59480500000,"Transit",2014
"Kepler-912 b",2.80000000,0.24979927,,,2.53475627300,"Transit",2016
"HAT-P-52 b",11.30988100,1.00900000,259.98494000,0.0369400000,2.75359530000,"Transit",2015
"Kepler-1090 c",3.29265785,0.29375176,,,42.42720032000,"Transit",2021
"OGLE-2011-BLG-0251L b",,,170.00000000,2.7200000000,,"Microlensing",2012
"HD 25171 b",,,290.81445000,2.9710000000,1802.29000000000,"Radial Velocity",2010
"KMT-2018-BLG-1990L b",,,111.00000000,0.7630000000,,"Microlensing",2019
"Kepler-787 b",1.28000000,0.11419395,,,0.92831049800,"Transit",2016
"TOI-4487 A b",14.60530185,1.30300000,397.28550875,0.0544800000,3.95407090000,"Transit",2025
"Kepler-1291 b",1.66000000,0.14809528,,,8.63043276000,"Transit",2016
"Kepler-169 e",2.20000000,0.19600000,,0.1050000000,13.76710200000,"Transit",2014
"Kepler-829 b",2.11000000,0.18824159,,,6.88337562000,"Transit",2016
"Kepler-1127 b",1.96000000,0.17485949,,,5.12330347000,"Transit",2016
"K2-68 b",1.58000000,0.14095816,,0.0708000000,8.05428000000,"Transit",2016
"Kepler-1358 b",1.12000000,0.09991971,,,7.06317341000,"Transit",2016
"OGLE-2017-BLG-1049L b",,,1760.00000000,3.9200000000,,"Microlensing",2020
"Kepler-245 e",1.75000000,0.15612454,,,3.21982105600,"Transit",2016
"OGLE-2014-BLG-0221L b",,,1382.55357045,3.7600000000,,"Microlensing",2024
"NGTS-17 b",13.89913607,1.24000000,242.82090295,0.0391000000,3.24253000000,"Transit",2021
"Kepler-182 b",2.58000000,0.23000000,,0.0960000000,9.82579200000,"Transit",2014
"KMT-2024-BLG-1281L b",,,19.06970442,1.9600000000,,"Microlensing",2025
"Kepler-845 b",2.04000000,0.18199661,,,0.92785982100,"Transit",2016
"KMT-2024-BLG-1005L b",,,6674.39654700,0.7800000000,,"Microlensing",2025
"TOI-7166 b",2.01000000,0.17932050,,0.0619100000,12.92063621000,"Transit",2025
"Kepler-1814 c",1.76000000,0.15701695,,0.0133000000,0.62628176600,"Transit",2023
"Kepler-1086 b",2.44000000,0.21768222,,,18.78425728000,"Transit",2016
"Kepler-272 c",1.79000000,0.16000000,,0.0610000000,6.05734200000,"Transit",2014
"Kepler-266 b",2.48000000,0.22100000,,0.0710000000,6.61833000000,"Transit",2014
"K2-352 b",1.37000000,0.12222342,,,3.66591200000,"Transit",2021
"Kepler-36 c",3.67900000,0.32821840,7.13000000,,16.21865000000,"Transit",2012
"Kepler-466 c",1.25000000,0.11151753,,,3.70921384600,"Transit",2016
"HD 134987 b",,,511.70630000,0.8100000000,258.17999000000,"Radial Velocity",1999
"HD 189567 c",,,7.00000000,0.1970000000,33.68800000000,"Radial Velocity",2021
"Kepler-1652 b",1.60000000,0.14274244,,0.1654000000,38.09722000000,"Transit",2017
"Teegarden's Star c",,,1.05000000,0.0455000000,11.41600000000,"Radial Velocity",2019
"Kepler-1899 b",1.55098292,0.13836967,,,4.09577989600,"Transit",2021
"Kepler-352 c",1.24000000,0.11100000,,0.1180000000,16.33299500000,"Transit",2014
"Kepler-256 c",2.15000000,0.19200000,,0.0450000000,3.38802000000,"Transit",2014
"OGLE-2016-BLG-1598L b",,,120.77479466,2.5000000000,,"Microlensing",2024
"HD 28678 b",,,490.09386000,1.1800000000,380.20000000000,"Radial Velocity",2011
"TOI-5386 A b",14.70618268,1.31200000,155.10026262,0.0485600000,3.62156552000,"Transit",2025
"Kepler-370 b",1.59000000,0.14200000,,0.0540000000,4.57953000000,"Transit",2014
"TOI-2641 b",18.10250383,1.61500000,122.68176510,0.0607000000,4.88097400000,"Transit",2023
"HD 83443 b",,,127.76701961,0.0406000000,2.98562800000,"Radial Velocity",2002
"omi UMa b",,,1160.39151396,3.6910000000,1569.81000000000,"Radial Velocity",2012
"KMT-2017-BLG-2331L b",,,171.00000000,2.1400000000,,"Microlensing",2024
"BD-10 3166 b",,,187.51970000,0.0400000000,3.48777000000,"Radial Velocity",2000
"KMT-2021-BLG-1554L b",,,38.13940884,0.7200000000,,"Microlensing",2022
"HATS-71 b",11.47801600,1.02400000,117.59710000,0.0374500000,3.79552020000,"Transit",2020
"TOI-1648 b",2.54000000,0.22700000,7.40000000,0.0694000000,7.33160200000,"Transit",2025
"Kepler-1085 c",3.26817741,0.29156726,,,56.77710000000,"Transit",2020
"GJ 3138 c",,,4.18000000,0.0570000000,5.97400000000,"Radial Velocity",2017
"WASP-187 b",18.38276000,1.64000000,254.26400000,0.0653000000,5.14787800000,"Transit",2020
"Kepler-948 b",1.85000000,0.16504595,,,7.76846622000,"Transit",2016
"GJ 180 d",,,7.56000000,0.3090000000,106.30000000000,"Radial Velocity",2020
"Kepler-509 b",2.49000000,0.22214292,,,41.74600392000,"Transit",2016
"TOI-1659.01",2.25500000,0.20117797,,0.0657570000,5.87755632800,"Transit",2024
"Kepler-1991 c",2.57000000,0.22928044,,0.1528000000,22.79020351000,"Transit",2023
"Kepler-1735 b",1.19429134,0.10654772,,,7.71792984000,"Transit",2021
"Kepler-332 d",1.18000000,0.10500000,,0.1890000000,34.21154000000,"Transit",2014
"TIC 349520724 b",2.82626313,0.25214274,,,7.94044635021,"Transit",2026
"Kepler-752 b",2.81000000,0.25069141,,,18.82747265000,"Transit",2016
"NGTS-27 b",15.64773706,1.39600000,188.47224535,0.0446000000,3.37041810000,"Transit",2024
"Kepler-1729 b",3.89404186,0.34740374,,,4.22097015400,"Transit",2021
"Kepler-206 d",1.19000000,0.10600000,,0.1630000000,23.44281000000,"Transit",2014
"Kepler-1955 b",1.16654878,0.10407269,,,14.26519966000,"Transit",2021
"HD 82943 c",,,622.60300000,0.7434500000,220.07800000000,"Radial Velocity",2003
"HIP 35965 b",,,2589.98368864,15.8980000000,26125.56497000000,"Radial Velocity",2022
"CoRoT-31 b",16.36514000,1.46000000,266.97720000,0.0586000000,4.62941000000,"Transit",2020
"Kepler-279 c",4.30000000,0.38400000,49.40000000,,35.73600000000,"Transit",2013
"Kepler-1486 b",2.32000000,0.20697654,,,54.64957590000,"Transit",2016
"NGTS-31 b",18.04645893,1.61000000,355.96781584,0.0640000000,4.16273400000,"Transit",2025
"HD 143361 b",,,1122.57556000,1.9880000000,1039.15000000000,"Radial Velocity",2008
"HD 132563 b",,,473.54700000,2.6200000000,1544.00000000000,"Radial Velocity",2011
"EPIC 206317286 b",0.96000000,0.08564546,,,1.58252000000,"Transit",2019
"TOI-1710 b",5.06000000,0.45142374,19.10000000,0.1652000000,24.28336000000,"Transit",2022
"Kepler-363 b",1.16000000,0.10300000,,0.0480000000,3.61456800000,"Transit",2014
"Kepler-102 d",1.15400000,0.10295316,3.00000000,0.0861800000,10.31176700000,"Transit",2014
"TIC 260969020 b",2.22686612,0.19866803,,,8.48584501953,"Transit",2026
"Kepler-1234 b",2.81000000,0.25069141,,,11.94014029000,"Transit",2016
"WASP-132 b",10.09929161,0.90100000,136.03055820,0.0674000000,7.13351640000,"Transit",2016
"Kepler-354 c",1.31000000,0.11700000,,0.1150000000,16.93440200000,"Transit",2014
"TOI-1450 A c",,,1.52700000,,5.06880000000,"Transit",2024
"OGLE-2015-BLG-0954L b",,,1100.00000000,1.6000000000,,"Microlensing",2016
"Kepler-1891 b",1.52139156,0.13572970,,,4.02229023000,"Transit",2021
"GJ 229 A c",,,8.58136699,0.3840000000,121.93268000000,"Radial Velocity",2020
"Kepler-344 b",2.61000000,0.23300000,,0.1530000000,21.96394500000,"Transit",2014
"MOA-2009-BLG-387L b",,,830.00000000,1.8000000000,1980.00000000000,"Microlensing",2010
"HAT-P-70 b",20.96083000,1.87000000,2154.88740000,0.0473900000,2.74432452000,"Transit",2019
"K2-381 c",2.00000000,0.17842836,,,16.03465600000,"Transit",2022
"HD 331093 b",,,476.74261050,1.4400000000,621.62000000000,"Radial Velocity",2021
"HIP 38594 c",,,48.40000000,3.8050000000,3477.76800000000,"Radial Velocity",2020
"HD 196050 b",,,1493.79351290,2.6500000000,1392.00000000000,"Radial Velocity",2002
"HATS-77 b",13.05846252,1.16500000,436.69623122,0.0360700000,3.08762620000,"Transit",2021
"HD 99706 c",,,1808.45270000,,1278.00000000000,"Radial Velocity",2016
"Kepler-10 d",,,12.00000000,0.5379000000,151.06000000000,"Radial Velocity",2023
"KELT-23 A b",14.82950700,1.32300000,298.12454000,0.0330200000,2.25525100000,"Transit",2019
"TOI-2046 b",16.14093221,1.44000000,731.00533610,,1.49718420000,"Transit",2022
"HD 35843 c",2.54000000,0.22660401,11.32000000,0.2500000000,46.96220000000,"Transit",2025
"Kepler-1272 b",2.37000000,0.21143724,,,51.13097040000,"Transit",2016
"Kepler-69 c",1.71000000,0.15300000,,0.6400000000,242.46130000000,"Transit",2013
"Kepler-263 b",2.67000000,0.23800000,,0.1200000000,16.56808700000,"Transit",2014
"Kepler-594 b",2.18000000,0.19448657,,,13.64618192000,"Transit",2016
"UZ For b",,,2002.20000000,5.9000000000,5840.00000000000,"Eclipse Timing Variations",2011
"WASP-55 b",14.72860064,1.31400000,186.24744650,,4.46563100000,"Transit",2012
"Kepler-881 b",1.78000000,0.15880096,,,4.44448017000,"Transit",2016
"TOI-2092 b",2.94892961,0.26308633,,,4.30325528074,"Transit",2026
"K2-194 b",3.64229858,0.32494411,,,39.72138600000,"Transit",2018
"OGLE-TR-10 b",14.01100000,1.25000000,197.04600000,0.0434000000,3.10127800000,"Transit",2004
"Kepler-139 b",2.94000000,0.26200000,,0.1270000000,15.77104400000,"Transit",2014
"HD 131496 b",,,572.09400000,2.0100000000,896.00000000000,"Radial Velocity",2011
"K2-17 b",2.23000000,0.19894727,,0.1190000000,17.96753000000,"Transit",2015
"K2-188 b",1.35000000,0.12043893,,0.0289000000,1.74216900000,"Transit",2018
"K2-38 b",1.54000000,0.13738983,7.30000000,0.0499400000,4.01593000000,"Transit",2016
"Kepler-1365 b",0.92000000,0.08207690,,,7.69993485000,"Transit",2016
"Kepler-60 c",1.90000000,0.16950665,3.85000000,,8.91870000000,"Transit",2012
"LHS 3154 b",,,13.15000000,0.0226200000,3.71778000000,"Radial Velocity",2023
"HATS-17 b",8.70939300,0.77700000,425.25654000,0.1308000000,16.25461100000,"Transit",2016
"Kepler-1522 b",1.73000000,0.15434026,,,1.84788917100,"Transit",2016
"Kepler-1411 b",2.82000000,0.25158355,,,86.11508880000,"Transit",2016
"HD 183263 c",,,2958.98246917,5.5850000000,4667.97841000000,"Radial Velocity",2008
"HD 88072 b",,,2511.79790052,13.8950000000,18538.79293000000,"Radial Velocity",2022
"K2-140 b",13.56286665,1.21000000,295.58041851,0.0680000000,6.56918800000,"Transit",2017
"K2-43 b",4.51000000,0.40235525,,,3.47114900000,"Transit",2016
"Kepler-1780 b",3.60600667,0.32170692,,,109.44499970000,"Transit",2021
"K2-284 b",2.78000000,0.24801499,,0.0477100000,4.79506900000,"Transit",2018
"Kepler-877 b",2.12000000,0.18913373,,,18.45847097000,"Transit",2016
"HD 161178 b",,,181.16219199,0.8500000000,279.30000000000,"Radial Velocity",2021
"Kepler-390 c",0.79000000,0.07000000,,0.1010000000,13.06002200000,"Transit",2014
"TOI-4791 b",12.44196858,1.11000000,734.18362017,0.0555000000,4.28088000000,"Transit",2023
"Kepler-1191 b",1.51000000,0.13471318,,,5.60014851000,"Transit",2016
"Kepler-1561 b",1.09000000,0.09724329,,,1.00520700700,"Transit",2016
"HD 156279 c",,,3098.82696825,5.4860000000,4818.25358000000,"Radial Velocity",2016
"TOI-5082.01",2.54811000,0.22708083,,0.0512048420,4.24012200000,"Transit",2024
"Kepler-1475 b",2.92000000,0.26050495,,,82.17737400000,"Transit",2016
"HD 100655 b",,,511.70630000,0.6800000000,157.57001000000,"Radial Velocity",2011
"Kepler-1816 b",1.96793970,0.17556812,,,91.50099945000,"Transit",2021
"Kepler-475 b",2.49000000,0.22214292,,,3.10550818900,"Transit",2016
"Kepler-303 b",0.89000000,0.07900000,,0.0240000000,1.93705500000,"Transit",2014
"Kepler-1260 b",1.77000000,0.15790882,,,19.11877530000,"Transit",2016
"GJ 3988 b",,,3.69000000,0.0405000000,6.94420000000,"Radial Velocity",2023
"Kepler-143 c",3.37000000,0.30100000,,0.1810000000,27.08251100000,"Transit",2014
"HD 180902 b",,,535.54355000,1.4000000000,510.90000000000,"Radial Velocity",2009
"Kepler-755 c",1.26000000,0.11240967,,,2.85313364400,"Transit",2016
"WASP-136 b",16.81347105,1.50000000,,,,"Transit",2016
"Kepler-549 d",4.20000000,0.37469955,,0.1575000000,24.61480613000,"Transit",2023
"HD 126525 b",,,75.32571000,1.8370000000,960.41000000000,"Radial Velocity",2018
"HD 88133 b",,,90.42263500,0.0479000000,3.41488400000,"Radial Velocity",2004
"Kepler-1368 b",1.65000000,0.14720314,,,0.67564948600,"Transit",2016
"Kepler-1086 c",2.94000000,0.26228923,,,161.51633450000,"Transit",2016
"Kepler-305 b",3.60000000,0.32100000,10.50000000,,5.48700000000,"Transit",2013
"Kepler-1321 b",4.92000000,0.43893300,,,11.12830484000,"Transit",2016
"Kepler-1864 b",0.75408365,0.06727495,,,3.88151001900,"Transit",2021
"TOI-1296 b",14.11645916,1.25938830,95.30000000,0.0510000000,3.94437360000,"Transit",2021
"HD 23472 b",2.00000000,0.17842836,8.32000000,0.1162000000,17.66708700000,"Transit",2019
"HD 219134 c",1.51100000,0.13480239,4.36000000,0.0653000000,6.76458000000,"Radial Velocity",2015
"Kepler-1752 b",4.54060463,0.40508631,,,56.35850143000,"Transit",2021
"HD 95086 b",,,1589.00000000,55.7000000000,,"Imaging",2013
"TOI-4773 b",15.22179579,1.35800000,1687.66884117,0.0321600000,1.74528510000,"Transit",2025
"Kepler-647 c",4.00135002,0.35697654,,,29.66630000000,"Transit",2020
"WASP-173 A b",13.45080000,1.20000000,1172.79270000,0.0248000000,1.38665318000,"Transit",2018
"HD 220074 b",,,5288.69120000,1.6000000000,672.09998000000,"Radial Velocity",2012
"Kepler-1437 b",1.37000000,0.12222321,,,10.92954610000,"Transit",2016
"Kepler-487 b",11.42000000,1.01882416,,,15.35876840300,"Transit",2016
"K2-384 f",2.22200000,0.19823390,,,13.62749000000,"Transit",2022
"Kepler-1296 b",0.91000000,0.08118476,,,8.38398650000,"Transit",2016
"Kepler-1192 b",2.36000000,0.21054510,,,25.20347870000,"Transit",2016
"PZ Tel b",,,8581.36698900,27.0000000000,44000.00000000000,"Imaging",2023
"Kepler-1180 b",1.99000000,0.17753591,,,16.86012860000,"Transit",2016
"Kepler-618 b",2.60000000,0.23195646,,,3.59576964500,"Transit",2016
"OGLE-2016-BLG-1093L b",,,225.65816897,2.1300000000,,"Microlensing",2022
"GJ 1289 b",,,6.27000000,0.2700000000,111.74000000000,"Radial Velocity",2024
"Kepler-719 b",8.52000000,0.76010349,,,5.00731777900,"Transit",2016
"HD 76700 b",,,66.74430000,0.0500000000,3.97097000000,"Radial Velocity",2002
"Kepler-779 b",0.92000000,0.08207690,,,7.09714223000,"Transit",2016
"Kepler-326 c",1.40000000,0.12500000,,0.0510000000,4.58035800000,"Transit",2014
"Kepler-1530 b",1.64000000,0.14631100,,,2.59044340000,"Transit",2016
"TOI-3474 b",14.67255574,1.30900000,193.87532827,0.0502000000,3.87951050000,"Transit",2025
"Kepler-1114 b",1.35000000,0.12043893,,,14.97435694000,"Transit",2016
"Kepler-924 b",3.07000000,0.27388706,,,61.03701170000,"Transit",2016
"WASP-138 b",12.21781000,1.09000000,387.75260000,0.0494000000,3.63443300000,"Transit",2016
"Kepler-116 b",3.42000000,0.30500000,,0.0690000000,5.96873400000,"Transit",2014
"Kepler-774 b",3.17000000,0.28280846,,,11.08957230000,"Transit",2016
"TOI-4030 b",5.84625590,0.52156891,,,2.50900199461,"Transit",2026
"KMT-2021-BLG-1077L b",,,69.92224954,1.2600000000,,"Microlensing",2022
"Kepler-251 c",2.77000000,0.24700000,,0.1220000000,16.51404300000,"Transit",2014
"Kepler-1419 b",2.86000000,0.25515211,,,42.52158950000,"Transit",2016
"KMT-2024-BLG-1870L b",,,336.89811142,3.1500000000,,"Microlensing",2026
"Kepler-1590 b",1.14000000,0.10170399,,,7.61760804000,"Transit",2016
"2MASS J0249-0557 c",17.37392009,1.55000000,3616.88727166,,,"Imaging",2018
"HD 62549 b",,,2707.58019923,11.8420000000,14306.88519000000,"Radial Velocity",2022
"HD 39855 b",,,8.50000000,0.0410000000,3.24980000000,"Radial Velocity",2019
"Kepler-83 d",1.94000000,0.17300000,,0.0510000000,5.16979600000,"Transit",2014
"Kepler-1464 b",1.66000000,0.14809528,,,31.77859010000,"Transit",2016
"Kepler-324 e",2.03862444,0.18187420,,,13.97939968000,"Transit",2021
"Kepler-1298 b",1.31000000,0.11687037,,,7.12811928000,"Transit",2016
"HD 96700 d",,,12.70000000,0.4240000000,103.50000000000,"Radial Velocity",2021
"Kepler-607 c",2.76001201,0.24623220,,,39.67679977000,"Transit",2021
"Kepler-1211 b",2.55000000,0.22749576,,,11.01816836000,"Transit",2016
"Kepler-1344 b",1.84000000,0.16415380,,,4.76830490000,"Transit",2016
"HD 100777 b",,,390.92894061,1.0600000000,383.00000000000,"Radial Velocity",2007
"HIP 5158 c",,,4780.16320000,7.7000000000,9017.76000000000,"Radial Velocity",2011
"K2-268 d",1.49000000,0.13292913,,,4.52859800000,"Transit",2021
"Kepler-238 b",1.73000000,0.15400000,,0.0340000000,2.09087600000,"Transit",2014
"Kepler-1040 b",2.08000000,0.18556517,,,201.12140000000,"Transit",2016
"HD 13189 b",,,3480.23850000,1.2500000000,471.60001000000,"Radial Velocity",2005
"K2-97 b",13.45077684,1.20000000,174.48779544,0.0854000000,8.40711500000,"Transit",2016
"Kepler-1650 b",0.96000000,0.08564546,,,1.53818001000,"Transit",2017
"Kepler-1531 b",1.11000000,0.09902757,,,1.13854337600,"Transit",2016
"Kepler-514 b",1.72000000,0.15344812,,,5.65179605000,"Transit",2016
"Kepler-174 b",1.96000000,0.17500000,,0.1000000000,13.98179000000,"Transit",2014
"Kepler-1144 b",1.99000000,0.17753591,,,17.14647302000,"Transit",2016
"TOI-163 b",16.69020100,1.48900000,387.75260000,0.0580000000,4.23130600000,"Transit",2019
"Kepler-1832 b",1.22719556,0.10948324,,,3.13878989200,"Transit",2021
"HATS-55 b",14.02245900,1.25100000,292.72143000,0.0541200000,4.20420010000,"Transit",2019
"HATS-64 b",18.81991100,1.67900000,305.11680000,0.0656200000,4.90889700000,"Transit",2018
"Kepler-460 c",5.52000000,0.49246141,,,220.13033570000,"Transit",2016
"Kepler-656 b",3.12000000,0.27834776,,,1.26025909400,"Transit",2016
"DH Tau b",,,3496.00000000,330.0000000000,,"Imaging",2004
"HD 150706 b",,,861.28000000,6.7000000000,5894.00000000000,"Radial Velocity",2012
"TOI-1246 d",3.43139739,0.30612930,5.40000000,0.1320000000,18.65487400000,"Transit",2022
"Kepler-1318 b",3.11000000,0.27745562,,,213.25766300000,"Transit",2016
"TOI-3071 b",7.16000000,0.63877351,68.20000000,0.0249000000,1.26693800000,"Transit",2024
"HD 93351 b",,,3.49611248,0.0350000000,2.45946000000,"Radial Velocity",2022
"NN Ser c",,,3086.11383197,,6987.00000000000,"Eclipse Timing Variations",2010
"Kepler-454 c",,,1433.40611557,1.2870000000,524.19000000000,"Radial Velocity",2015
"Barnard e",,,0.19300000,0.0381000000,6.73920000000,"Radial Velocity",2025
"HD 72659 c",,,6165.87109580,21.5000000000,35500.00000000000,"Radial Velocity",2022
"K2-416 b",2.66000000,0.23730971,1652.70771640,0.0880000000,13.10200000000,"Transit",2023
"K2-133 d",2.00300000,0.17869569,,0.0748700000,11.02454000000,"Transit",2017
"Kepler-827 b",5.63000000,0.50227496,,,51.92927591000,"Transit",2016
"Kepler-331 b",1.82000000,0.16200000,,0.0650000000,8.45749600000,"Transit",2014
"HAT-P-39 b",17.60900000,1.57100000,190.37200000,0.0509000000,3.54387000000,"Transit",2012
"HD 210277 b",,,410.00070000,1.1300000000,442.19000000000,"Radial Velocity",1998
"Kepler-1711 b",1.92300000,0.17155886,,,21.06080055000,"Transit",2021
"Kepler-159 c",3.41000000,0.30400000,,0.2180000000,43.59579200000,"Transit",2014
"K2-378 b",2.88000000,0.25693683,,,2.06043800000,"Transit",2022
"Kepler-399 d",1.89000000,0.16900000,,0.2610000000,58.03461600000,"Transit",2014
"Kepler-31 b",5.50000000,0.49100000,,0.1600000000,20.86130000000,"Transit",2011
"HD 11343 c",,,255.53403923,0.9230000000,228.53731000000,"Radial Velocity",2022
"Kepler-908 b",1.22000000,0.10884111,,,1.34059746800,"Transit",2016
"HATS-24 b",15.63655500,1.39500000,718.29580000,0.0238000000,1.34849780000,"Transit",2017
"TOI-5726.01",2.55400000,0.22785301,,0.0621860000,5.49112521500,"Transit",2024
"TOI-5340 b",15.07607904,1.34500000,270.15414595,0.0628000000,4.93943920000,"Transit",2025
"Kepler-226 d",1.22000000,0.10900000,,0.0760000000,8.10904400000,"Transit",2014
"Kepler-317 c",1.72000000,0.15300000,,0.0830000000,8.77501000000,"Transit",2014
"Kepler-1579 b",0.84000000,0.07493978,,,0.84990788900,"Transit",2016
"TIC 294329732 b",2.07692266,0.18529095,,,9.75658761810,"Transit",2026
"HD 5319 c",,,334.67499000,1.9300000000,872.20000000000,"Radial Velocity",2014
"Kepler-1958 b",2.05124311,0.18299997,,,9.32861995700,"Transit",2021
"Kepler-1076 b",0.80000000,0.07137122,,,6.14727918000,"Transit",2016
"Kepler-1731 b",2.93295657,0.26166131,,,21.76129913000,"Transit",2021
"HD 50554 c",1.31000000,0.11687057,5.30000000,0.0652000000,5.96936200000,"Transit",2026
"Kepler-1350 b",2.52000000,0.22481934,,,4.49686040000,"Transit",2016
"HD 133131 A c",,,133.48860000,4.4900000000,3568.00000000000,"Radial Velocity",2016
"Kepler-1645 b",1.78000000,0.15880096,,,16.17795610000,"Transit",2016
"TOI-969 b",2.76500000,0.24667720,9.10000000,0.0263600000,1.82373050000,"Transit",2022
"Kepler-1669 c",1.90120972,0.16961486,,,1.60932004500,"Transit",2021
"Kepler-664 b",2.66000000,0.23730931,,,2.52559331500,"Transit",2016
"Kepler-24 c",2.51400000,0.22428444,9.99000000,,12.33000000000,"Transit",2011
"Kepler-1468 b",1.73000000,0.15434026,,,8.23984869000,"Transit",2016
"TOI-5422 b",9.10169233,0.81200000,8899.19539600,0.0619000000,5.37721900000,"Transit",2026
"HD 204313 c",,,17.16273398,0.2110000000,34.95875000000,"Radial Velocity",2015
"Kepler-204 b",2.53000000,0.22600000,,0.1170000000,14.40097400000,"Transit",2014
"Kepler-1986 b",1.89000000,0.16861480,,0.1307000000,19.54896660000,"Transit",2023
"Kepler-1009 b",2.17000000,0.19359443,,,11.35011917000,"Transit",2016
"Kepler-1131 b",1.59000000,0.14185030,,,3.53232449000,"Transit",2016
"HD 164922 b",,,116.00000000,2.1600000000,1207.00000000000,"Radial Velocity",2005
"EPIC 246851721 b",11.78065900,1.05100000,953.49000000,0.0722900000,6.18023500000,"Transit",2018
"Kepler-33 c",3.20000000,0.28500000,,0.1189000000,13.17562000000,"Transit",2011
"Kepler-21 b",1.63900000,0.14622204,7.50000000,0.0434000000,2.78582120000,"Transit",2012
"Kepler-746 b",1.11000000,0.09902757,,,3.48159251000,"Transit",2016
"2MASS J11550485-7919108 b",,,6356.56814000,587.0000000000,,"Imaging",2024
"Kepler-1511 b",1.68000000,0.14987956,,,23.23827920000,"Transit",2016
"Kepler-528 b",2.08000000,0.18556517,,,19.78297415000,"Transit",2016
"OGLE-2019-BLG-0679L b",,,1061.54687938,6.9900000000,,"Microlensing",2023
"HD 73267 c",,,1630.77755632,12.6880000000,17071.78045000000,"Radial Velocity",2022
"HD 20781 d",,,10.61000000,0.1647000000,29.15800000000,"Radial Velocity",2019
"Kepler-281 d",5.93747806,0.52970723,,,148.27200320000,"Transit",2021
"Kepler-1808 b",3.02511302,0.26988297,,,23.34040070000,"Transit",2021
"Kepler-372 c",2.09000000,0.18600000,,0.1540000000,20.05376300000,"Transit",2014
"HAT-P-22 b",12.89035000,1.15000000,785.04010000,,3.21222000000,"Transit",2010
"HD 95872 b",,,1188.68420000,5.1500000000,4375.00000000000,"Radial Velocity",2015
"HD 137496 c",,,2434.56559762,1.2163000000,479.90000000000,"Radial Velocity",2021
"HD 4113 b",,,541.26177712,1.2800000000,526.52390000000,"Radial Velocity",2007
"HD 9446 c",,,578.42600000,0.6540000000,192.90000000000,"Radial Velocity",2009
"HD 13808 b",,,11.20000000,0.1051900000,14.18150000000,"Radial Velocity",2021
"75 Cet c",,,289.85950718,3.9290000000,2051.62000000000,"Radial Velocity",2023
"81 Cet b",,,1051.05854195,2.1040000000,1005.57000000000,"Radial Velocity",2008
"HR 858 d",2.00100000,0.17851757,7.10000000,0.1046000000,11.23051100000,"Transit",2019
"HD 18143 b",,,10.80616584,0.0880000000,10.28510000000,"Radial Velocity",2022
"HD 20794 f",,,5.82000000,1.3541000000,647.60000000000,"Radial Velocity",2025
"HD 24040 c",,,63.88350981,1.3000000000,515.40000000000,"Radial Velocity",2021
"HD 31527 c",,,14.16000000,0.2663000000,51.20530000000,"Radial Velocity",2019
"HD 34445 c",,,53.50000000,0.7181000000,214.67000000000,"Radial Velocity",2017
"HD 290327 b",,,772.32690000,3.4300000000,2443.00000000000,"Radial Velocity",2009
"HD 37605 b",,,854.96270000,0.2770000000,55.01292000000,"Radial Velocity",2004
"Kepler-1750 b",6.00434637,0.53567283,,,205.91200260000,"Transit",2021
"Kepler-1913 b",1.51852059,0.13547357,,,14.19600010000,"Transit",2021
"HD 184010 c",,,95.34852210,1.3340000000,484.30000000000,"Radial Velocity",2022
"HD 217958 b",,,166.54208527,3.7580000000,2560.19774000000,"Radial Velocity",2022
"Kepler-90 i",1.32000000,0.11776251,,,14.44912000000,"Transit",2017
"tau Cet g",,,1.75000000,0.1330000000,20.00000000000,"Radial Velocity",2017
"Kepler-1432 b",2.22000000,0.19805513,,,23.91090110000,"Transit",2016
"Kepler-1693 b",1.28938413,0.11503115,,,12.09990000000,"Transit",2020
"HD 219134 h",,,108.06220000,3.1100000000,2247.00000000000,"Radial Velocity",2015
"Kepler-1886 b",2.58158428,0.23031392,,,24.27580070000,"Transit",2021
"Kepler-939 b",1.75000000,0.15612454,,,14.87829600000,"Transit",2016
"TOI-4495 c",4.03000000,0.35953314,23.20000000,0.0632300000,5.18553000000,"Transit",2024
"HD 8574 b",,,645.19490000,0.7600000000,227.00000000000,"Radial Velocity",2002
"TOI-238 c",2.18000000,0.19448691,6.70000000,0.0749000000,8.46565100000,"Radial Velocity",2024
"TOI-5349 b",10.20000000,0.91000000,127.40000000,0.0369000000,3.31792100000,"Transit",2026
"TOI-5319 b",2.83000000,0.25247612,,0.0506000000,4.07853000000,"Transit",2024
"K2-250 b",2.71257333,0.24200000,,0.0460600000,4.01392000000,"Transit",2018
"Kepler-403 c",1.75000000,0.15600000,,0.2970000000,54.28074900000,"Transit",2014
"Kepler-169 b",1.13000000,0.10100000,,0.0400000000,3.25061900000,"Transit",2014
"TOI-1410.01",3.10083009,0.27663801,12.50000000,0.0207000000,1.21687000000,"Transit",2024
"TOI-5238 b",5.22000000,0.46569801,,,4.87217100000,"Transit",2022
"K2-35 c",1.93000000,0.17218307,,0.0550000000,5.60835200000,"Transit",2016
"Kepler-16 b",8.44930000,0.75380000,105.83300000,0.7048000000,228.77600000000,"Transit",2011
"Kepler-817 b",9.03000000,0.80560264,,,3.99010622900,"Transit",2016
"K2-384 d",1.39200000,0.12418614,,,6.67958200000,"Transit",2022
"HIP 67851 c",,,1579.60718279,4.5500000000,3128.41000000000,"Radial Velocity",2015
"TIC 249022743 b",4.79568155,0.42784279,,,2.25719681538,"Transit",2026
"TOI-564 b",11.43318000,1.02000000,464.98529000,0.0273400000,1.65114400000,"Transit",2020
"Kepler-194 c",2.59000000,0.23100000,,0.1310000000,17.30803200000,"Transit",2014
"Kepler-1301 b",1.40000000,0.12489963,,,9.08237046000,"Transit",2016
"HD 23472 d",0.75000000,0.06691063,0.55000000,0.0429800000,3.97664000000,"Transit",2022
"HATS-40 b",17.71022000,1.58000000,505.34970000,0.0499700000,3.26427360000,"Transit",2018
"rho CrB e",,,3.71000000,,12.90400000000,"Radial Velocity",2023
"HD 109988 b",,,6935.33366915,12.5180000000,17132.15854000000,"Radial Velocity",2022
"DMPP-1 c",,,10.94000000,0.0973000000,10.03000000000,"Radial Velocity",2019
"Kepler-1037 b",1.28000000,0.11419395,,,1.06378867300,"Transit",2016
"Kepler-851 b",1.68000000,0.14987956,,,8.50699658000,"Transit",2016
"Kepler-1889 b",2.94360686,0.26261147,,,37.30369949000,"Transit",2021
"K2-148 c",1.73000000,0.15434026,,0.0616000000,6.92260000000,"Transit",2018
"EPIC 201754305 d",1.03000000,0.09189045,,,2.71578000000,"Transit",2019
"TIC 87422071 b",10.86150230,0.96900000,409.99864503,0.1060000000,11.36492900000,"Transit",2026
"HD 22946 d",2.60700000,0.23258136,26.57000000,0.2958000000,47.42489000000,"Transit",2023
"Kepler-248 c",4.07000000,0.36300000,,0.1230000000,16.23949400000,"Transit",2014
"HIP 111909 c",,,257.44100967,1.9700000000,893.63000000000,"Radial Velocity",2025
"HD 77338 b",,,19.06980000,0.0600000000,5.73610000000,"Radial Velocity",2012
"Kepler-1030 b",2.48000000,0.22125078,,,19.32952416000,"Transit",2016
"TOI-2010 b",11.81426566,1.05400000,408.72733140,0.5516000000,141.83402500000,"Transit",2023
"K2-36 c",3.20000000,0.28548537,7.90000000,0.0552800000,5.34088800000,"Transit",2016
"Kepler-1608 b",1.73000000,0.15434026,,,16.47356860000,"Transit",2016
"Kepler-208 c",1.39000000,0.12400000,,0.0790000000,7.46662300000,"Transit",2014
"Kepler-215 d",2.39000000,0.21300000,,0.1850000000,30.86442300000,"Transit",2014
"HD 108874 c",,,314.64000000,2.6590000000,1624.00000000000,"Radial Velocity",2005
"Kepler-1003 b",1.78000000,0.15880096,,,3.55485691500,"Transit",2016
"HAT-P-8 b",15.69260000,1.40000000,406.82240000,,3.07634000000,"Transit",2008
"Kepler-56 b",6.51000000,0.58100000,22.10000000,0.1028000000,10.50160000000,"Transit",2012
"Kepler-413 b",4.34700000,0.38800000,67.00000000,0.3553000000,66.26200000000,"Transit",2014
"HD 136418 b",,,680.15620000,1.2900000000,464.29999000000,"Radial Velocity",2009
"Kepler-59 b",1.10000000,0.09800000,,,11.86817070000,"Transit",2012
"K2-122 b",1.16000000,0.10348845,,0.0373000000,2.21930230000,"Transit",2017
"Kepler-1862 b",2.20300000,0.19653883,,,16.05730057000,"Transit",2021
"Kepler-315 c",4.15000000,0.37000000,,0.7910000000,265.46933500000,"Transit",2014
"HD 156279 b",,,2997.75753482,0.5020000000,133.40355000000,"Radial Velocity",2011
"TOI-5344 b",10.60369574,0.94600000,130.94530368,0.0404100000,3.79262200000,"Transit",2023
"Kepler-322 b",1.01000000,0.09000000,,0.0270000000,1.65388800000,"Transit",2014
"Kepler-961 b",2.55000000,0.22749576,,,16.87727414000,"Transit",2016
"Kepler-404 c",1.72000000,0.15300000,,0.1180000000,14.75116600000,"Transit",2014
"HD 64114 b",,,17.80000000,0.2460000000,45.79100000000,"Radial Velocity",2019
"HD 40307 d",,,9.50000000,0.1321000000,20.43200000000,"Radial Velocity",2009
"HD 40979 b",,,1484.26610000,0.8500000000,264.14999000000,"Radial Velocity",2002
"HD 44219 b",,,184.34047606,1.2600000000,472.00000000000,"Radial Velocity",2010
"HD 45184 b",,,12.19000000,0.0644000000,5.88540000000,"Radial Velocity",2019
"7 CMa b",,,587.98550000,1.7580000000,735.10000000000,"Radial Velocity",2011
"HD 62509 b",,,731.00000000,1.6400000000,589.64000000000,"Radial Velocity",2006
"bet Cnc b",,,2479.00000000,1.7000000000,605.20000000000,"Radial Velocity",2014
"TOI-5624 f",,,13.00000000,0.2366000000,45.37000000000,"Transit Timing Variations",2026
"Kepler-432 c",,,772.32690000,,406.20000000000,"Radial Velocity",2015
"WASP-145 A b",10.08810000,0.90000000,282.86870000,0.0261000000,1.76903810000,"Transit",2018
"NGTS-25 b",11.46678726,1.02300000,203.09235207,0.0388000000,2.82309300000,"Transit",2022
"Kepler-713 b",2.48000000,0.22125078,,,7.41114100000,"Transit",2016
"Kepler-1056 b",3.01000000,0.26853421,,,27.49560600000,"Transit",2016
"TOI-1470 c",2.47000000,0.22035902,7.24000000,0.1060000000,18.08816000000,"Transit",2023
"Kepler-987 b",3.26000000,0.29083772,,,105.30331480000,"Transit",2016
"Kepler-1715 b",4.14042267,0.36938441,,,35.59730148000,"Transit",2021
"Kepler-1683 b",1.87477762,0.16725646,,,15.03370000000,"Transit",2020
"GJ 581 b",,,20.50000000,0.0399000000,5.36860000000,"Radial Velocity",2005
"TOI-5786 b",8.54000000,0.76188908,73.00000000,0.1140000000,12.77910700000,"Transit",2025
"GJ 832 b",,,314.65012293,3.7000000000,3853.00000000000,"Radial Velocity",2008
"K2-286 b",2.10000000,0.18734945,,0.1768000000,27.35900000000,"Transit",2018
"K2-121 b",7.16000000,0.63877351,51.00000000,,5.18573800000,"Transit",2017
"TOI-5108 b",6.60000000,0.58881358,32.00000000,0.0730000000,6.75358100000,"Transit",2025
"K2-62 c",1.99000000,0.17753621,,,16.19697000000,"Transit",2016
"HD 108236 f",2.01700000,0.17994469,,0.1758000000,29.54115000000,"Transit",2021
"HD 155193 b",,,238.37130525,1.0400000000,352.65000000000,"Radial Velocity",2021
"TOI-4029 b",6.73756618,0.60108643,,,5.88498234631,"Transit",2026
"Kepler-1783 b",1.31946731,0.11771519,,,8.27744007100,"Transit",2021
"K2-379 b",2.18100000,0.19457612,,,8.77724700000,"Transit",2022
"Kepler-1956 b",1.08940238,0.09719014,,,5.94371986400,"Transit",2021
"Kepler-1885 b",1.51110555,0.13481204,,,2.52255988100,"Transit",2021
"Kepler-1016 b",2.18000000,0.19448657,,,1.95452434200,"Transit",2016
"GJ 3323 c",,,2.31000000,0.1264000000,40.54000000000,"Radial Velocity",2017
"K2-38 c",2.29000000,0.20430047,8.30000000,0.0951400000,10.56103000000,"Transit",2016
"Kepler-231 b",1.73000000,0.15400000,,0.0740000000,10.06527500000,"Transit",2014
"Kepler-221 e",2.63000000,0.23500000,,0.1300000000,18.36991700000,"Transit",2014
"Kepler-1765 b",2.49508857,0.22259728,,,10.41889954000,"Transit",2021
"Kepler-1019 b",1.46000000,0.13025248,,,1.41122984700,"Transit",2016
"Kepler-1692 b",1.11177184,0.09918564,,,5.95966000000,"Transit",2020
"Kepler-1341 b",2.99000000,0.26674993,,,132.99683220000,"Transit",2016
"BD-11 4672 b",,,206.58950000,2.3600000000,1634.00000000000,"Radial Velocity",2014
"HIP 99770 b",,,5403.08291900,15.8000000000,,"Imaging",2023
"TOI-4552 b",1.11000000,0.09902774,1.83000000,0.0056255000,0.30110032000,"Transit",2026
"Kepler-825 b",1.53000000,0.13649746,,,3.77360059000,"Transit",2016
"Kepler-362 b",0.88000000,0.07900000,,0.0870000000,10.32718600000,"Transit",2014
"K2-229 b",1.00000000,0.08921418,,,0.58421600000,"Transit",2018
"TIC 154870955 b",3.09467466,0.27608886,,,7.96987471280,"Transit",2026
"HD 20781 e",,,14.03000000,0.3374000000,85.50730000000,"Radial Velocity",2019
"Kepler-937 c",2.67000000,0.23820145,,,153.34336400000,"Transit",2016
"Kepler-671 b",2.69000000,0.23998573,,,4.28095858800,"Transit",2016
"Kepler-398 c",1.01000000,0.09000000,,0.0870000000,11.41941200000,"Transit",2014
"HD 75784 c",,,1792.56120000,8.4000000000,7900.00000000000,"Radial Velocity",2018
"Kepler-751 b",2.46000000,0.21946650,,,17.44490636000,"Transit",2016
"Kepler-1252 b",1.67000000,0.14898742,,,15.05403290000,"Transit",2016
"Kepler-61 b",2.15000000,0.19200000,,,59.87756000000,"Transit",2013
"HD 25463 c",1.36354953,0.12164795,4.30000000,0.0443000000,3.04405000000,"Transit",2023
"K2-196 b",3.59970536,0.32114420,,,48.32422200000,"Transit",2018
"HD 25723 b",,,794.57101750,1.4900000000,457.01000000000,"Radial Velocity",2020
"WASP-180 A b",13.89916000,1.24000000,286.04700000,0.0480000000,3.40926400000,"Transit",2019
"Kepler-430 c",1.75000000,0.16000000,,0.4757000000,110.97900000000,"Transit",2015
"K2-114 b",10.59248676,0.94500000,638.83509807,0.0944000000,11.39093100000,"Transit",2017
"Kepler-1388 d",2.86000000,0.25515211,,,20.95681580000,"Transit",2016
"HD 219666 b",4.89800000,0.43700000,17.60000000,,6.03446800000,"Transit",2018
"Kepler-1465 b",1.77000000,0.15790882,,,31.82771110000,"Transit",2016
"2MASS J01225093-2439505 b",,,7786.50000000,52.0000000000,,"Imaging",2013
"HD 6434 b",,,155.73670000,0.1400000000,21.99800000000,"Radial Velocity",2003
"Kepler-617 b",1.32000000,0.11776251,,,1.68269614800,"Transit",2016
"HD 83443 c",,,476.74261050,8.0000000000,8241.00000000000,"Radial Velocity",2022
"WASP-83 b",11.65736000,1.04000000,95.34900000,0.0590000000,4.97125200000,"Transit",2015
"Kepler-980 b",2.67000000,0.23820145,,,11.55102504000,"Transit",2016
"K2-72 d",1.01000000,0.09010616,,0.0500000000,7.76017800000,"Transit",2016
"K2-414 c",1.92870000,0.17206739,,0.0552000000,6.66900000000,"Transit",2022
"TOI-3364 b",12.22899794,1.09100000,530.77343969,0.0675000000,5.87689180000,"Transit",2023
"Kepler-570 b",2.45000000,0.21857436,,,4.30166200300,"Transit",2016
"TOI-480 b",2.85372018,0.25459230,20.80000000,0.0770000000,6.86619600000,"Transit",2024
"Kepler-1601 b",0.82000000,0.07315550,,,2.20921951000,"Transit",2016
"Kepler-1881 b",2.98104391,0.26595138,,,159.39399720000,"Transit",2021
"K2-374 b",1.59300000,0.14211819,,,4.52195300000,"Transit",2022
"HD 24085 b",,,11.80000000,0.0340000000,2.04550000000,"Radial Velocity",2019
"TOI-2818 b",15.27784069,1.36300000,225.65816897,0.0493000000,4.03970900000,"Transit",2023
"Kepler-1162 b",2.21000000,0.19716299,,,32.56370690000,"Transit",2016
"TIC 67686059 b",2.59125922,0.23117706,,,3.52163529551,"Transit",2026
"Kepler-155 c",2.24000000,0.20000000,,0.2420000000,52.66179300000,"Transit",2014
"TOI-201 b",11.40000000,1.01704163,164.00000000,0.3030000000,52.97860000000,"Transit",2021
"K2-86 b",1.96000000,0.17485949,,0.0770000000,8.77683000000,"Transit",2016
"HD 116029 c",,,403.64410000,,907.00000000000,"Radial Velocity",2016
"Kepler-907 b",1.20000000,0.10705683,,,15.86621821000,"Transit",2016
"HD 181342 b",,,807.28820000,1.5920000000,564.10000000000,"Radial Velocity",2009
"Kepler-20 e",0.82100000,0.07324484,0.76000000,0.0637000000,6.09848820000,"Transit",2011
"Kepler-28 b",1.95900000,0.17477057,1.63000000,,5.91000000000,"Transit",2011
"Kepler-1894 b",1.20117759,0.10716207,,,2.76266002700,"Transit",2021
"Kepler-265 b",1.86000000,0.16600000,,0.0690000000,6.84626200000,"Transit",2014
"Kepler-253 b",1.63000000,0.14500000,,0.0460000000,3.78398600000,"Transit",2014
"EPIC 201238110 b",1.87000000,0.16683023,,,28.16560000000,"Transit",2019
"TOI-216.01",10.10000000,0.90106320,177.98390792,,34.52552800000,"Transit",2019
"GJ 328 b",,,797.74930157,4.1100000000,3771.00000000000,"Radial Velocity",2013
"HIP 48714 b",,,22.90000000,0.1120000000,17.81800000000,"Radial Velocity",2020
"HD 5583 b",,,1837.05740000,0.5300000000,139.35000000000,"Radial Velocity",2016
"HAT-P-51 b",13.50682174,1.20500000,97.57332095,0.0504200000,4.21802091000,"Transit",2015
"TOI-5882 b",11.46678726,1.02300000,6995.40323807,0.0804000000,7.14897200000,"Transit",2025
"Kepler-780 b",0.89000000,0.07940048,,,0.67737516400,"Transit",2016
"Kepler-927 b",1.72000000,0.15344812,,,9.11499030000,"Transit",2016
"Kepler-391 b",2.50000000,0.22303545,1100.00000000,0.0830000000,7.41750000000,"Transit",2014
"TOI-521 b",1.98000000,0.17664407,5.30000000,0.0195000000,1.54285047000,"Transit",2025
"Kepler-63 b",6.11000000,0.54500000,120.00000000,0.0800000000,9.43415050000,"Transit",2013
"BD+20 274 b",,,1334.88600000,1.3000000000,578.20000000000,"Radial Velocity",2012
"Kepler-1792 b",2.51990972,0.22481167,,,4.19577980000,"Transit",2021
"HIP 71135 b",,,18.80000000,0.3350000000,87.19000000000,"Radial Velocity",2019
"Kepler-885 b",2.50000000,0.22303506,,,18.11472949000,"Transit",2016
"Kepler-378 c",0.70000000,0.06200000,,0.1660000000,28.90600900000,"Transit",2014
"Kepler-1289 b",1.52000000,0.13560532,,,7.99019627000,"Transit",2016
"Kepler-720 b",8.41000000,0.75028995,,,4.70832654200,"Transit",2016
"HD 175167 b",,,4703.86042360,,1175.00000000000,"Radial Velocity",2009
"HD 110082 b",3.20000000,0.28548488,,0.1130000000,10.18271000000,"Transit",2021
"HD 113996 b",,,2002.32900000,1.6000000000,610.20000000000,"Radial Velocity",2017
"HD 87646 b",,,3941.09200000,0.1170000000,13.48100000000,"Radial Velocity",2016
"HD 90156 b",,,17.98000000,0.2500000000,49.77000000000,"Radial Velocity",2011
"HD 95089 b",,,400.46580000,1.3600000000,464.40000000000,"Radial Velocity",2009
"HD 102329 b",,,2593.49280000,1.8100000000,778.09998000000,"Radial Velocity",2011
"HD 103949 b",,,11.20000000,0.4390000000,120.87800000000,"Radial Velocity",2019
"HIP 65426 b",16.81350000,1.50000000,2860.47000000,92.0000000000,,"Imaging",2017
"tau Boo b",,,1373.02560000,0.0490000000,3.31245680000,"Radial Velocity",1996
"HD 128311 b",,,562.24127000,1.0840000000,453.01900000000,"Radial Velocity",2002
"HD 28109 d",3.11000000,0.27745609,5.80000000,,84.28990000000,"Transit",2022
"HD 109833 c",2.59000000,0.23106472,,,13.90014800000,"Transit",2022
"Kepler-302 c",12.45000000,1.11100000,,0.5030000000,127.28218400000,"Transit",2014
"HD 191939 b",3.41000000,0.30422035,10.00000000,0.0804000000,8.88032560000,"Transit",2020
"K2-55 b",4.43000000,0.39521881,44.00000000,,2.84927100000,"Transit",2016
"HD 47536 b",,,2330.00000000,1.9300000000,712.13000000000,"Radial Velocity",2002
"BD-17 63 b",,,1639.99458012,,655.57000000000,"Radial Velocity",2008
"Kepler-235 d",2.05000000,0.18300000,,0.1220000000,20.06054800000,"Transit",2014
"HD 169830 c",,,2437.42605328,3.0750000000,1818.82339000000,"Radial Velocity",2003
"Kepler-1085 b",7.22000000,0.64412526,,,219.32175280000,"Transit",2016
"Kepler-1680 b",1.35954736,0.12129069,,,8.77424000000,"Transit",2020
"Kepler-963 c",0.60000000,0.05352851,,,0.91978300000,"Transit",2024
"Kepler-208 d",1.20000000,0.10700000,,0.1030000000,11.13178600000,"Transit",2014
"Kepler-108 c",8.18000000,0.73000000,,0.7210000000,190.32349400000,"Transit",2014
"Kepler-1823 b",2.08612680,0.18611209,,,21.10339928000,"Transit",2021
"Kepler-1979 b",29.33000000,2.61665184,,0.1383000000,18.50845260000,"Transit",2023
"Kepler-1409 b",1.04000000,0.09278259,,,0.76486492600,"Transit",2016
"Kepler-1573 b",1.20000000,0.10705683,,,2.61575540000,"Transit",2016
"TOI-1453 c",2.22400000,0.19841233,2.95000000,,6.58869820000,"Transit",2025
"Kepler-769 b",2.92000000,0.26050495,,,7.42608998000,"Transit",2016
"K2-50 b",1.59000000,0.14185030,,0.0705000000,8.75290000000,"Transit",2016
"Kepler-1467 b",3.30000000,0.29440628,,,47.05690430000,"Transit",2016
"Kepler-323 c",1.57000000,0.14006626,6.80000000,0.0458000000,3.55382290000,"Transit",2014
"Kepler-1142 b",1.47000000,0.13114462,,,18.30272480000,"Transit",2016
"K2-417 b",3.31000000,0.29529893,699.22249540,0.0630000000,6.53500000000,"Transit",2023
"2M0437 b",,,1271.31362800,118.0000000000,,"Imaging",2021
"HD 89345 b",7.39794000,0.66000000,34.96130000,0.1066000000,11.81430000000,"Transit",2018
"HD 110537 b",,,8612.83200129,16.7140000000,24469.67342000000,"Radial Velocity",2022
"Kepler-24 d",1.67000000,0.14900000,,0.0510000000,4.24438400000,"Transit",2014
"Kepler-306 b",1.52000000,0.13600000,,0.0500000000,4.64618600000,"Transit",2014
"EPIC 212737443 c",2.69000000,0.23998573,,0.2800000000,65.55000000000,"Transit",2019
"Kepler-316 b",1.06000000,0.09500000,,0.0270000000,2.24050800000,"Transit",2014
"Kepler-598 b",1.50000000,0.13382104,,,3.70175428000,"Transit",2016
"GJ 649 b",,,81.99972901,1.1120000000,600.10000000000,"Radial Velocity",2009
"K2-197 b",2.56000000,0.22838790,,0.0806000000,8.35788100000,"Transit",2018
"HD 27631 b",,,474.83802000,3.2420000000,2198.14000000000,"Radial Velocity",2012
"TOI-3682 b",12.80065596,1.14200000,69.28659273,0.0480000000,3.34624060000,"Transit",2025
"K2-15 b",2.48000000,0.22125078,,0.0910000000,11.81040000000,"Transit",2015
"HD 183579 b",3.49000000,0.31135748,20.40000000,0.1322000000,17.47129100000,"Transit",2021
"WASP-60 b",9.86392000,0.88000000,174.80650000,,4.30500000000,"Transit",2012
"Kepler-1902 b",1.17563613,0.10488341,,,3.82222008700,"Transit",2021
"Kepler-1957 b",0.94374867,0.08419576,,,2.18661999700,"Transit",2021
"Kepler-301 b",1.35000000,0.12000000,,0.0360000000,2.50855300000,"Transit",2014
"TIC 18942729 b",2.00021315,0.17844737,,,0.99817838064,"Transit",2026
"TOI-1937 A b",13.97759893,1.24700000,638.83509807,0.0193200000,0.94667944000,"Transit",2023
"KIC 7917485 b",,,3750.39400000,,840.00000000000,"Pulsation Timing Variations",2016
"Kepler-160 d",,,100.00000000,0.1700000000,30.00000000000,"Transit Timing Variations",2020
"KOI-1843.03",0.61000000,0.05442065,8.00000000,,0.17689130000,"Transit",2013
"WASP-129 b",10.42437000,0.93000000,317.83000000,0.0628000000,5.74814500000,"Transit",2016
"Kepler-1380 b",1.43000000,0.12757605,,,10.31082450000,"Transit",2016
"Kepler-1430 b",1.18000000,0.10527255,,,2.46050993000,"Transit",2016
"HD 164922 c",,,13.00000000,0.3410000000,75.74000000000,"Radial Velocity",2016
"K2-330 b",2.77000000,0.24712327,,,13.77479800000,"Transit",2021
"Kepler-251 e",2.77000000,0.24700000,,0.4040000000,99.64016100000,"Transit",2014
"Kepler-543 b",2.50000000,0.22303506,,,13.89961966000,"Transit",2016
"Kepler-1267 b",3.01000000,0.26853421,,,13.03139450000,"Transit",2016
"K2-317 b",2.93000000,0.26139709,,0.0542000000,6.22000000000,"Transit",2020
"Kepler-116 c",2.30000000,0.20500000,,0.1160000000,13.07163000000,"Transit",2014
"HD 12235 c",,,3135.69506346,22.2100000000,36336.70679000000,"Radial Velocity",2022
"Kepler-4 b",4.00200000,0.35700000,24.47200000,0.0456000000,3.21346000000,"Transit",2009
"HD 10180 d",,,12.01397400,0.1285900000,16.35700000000,"Radial Velocity",2010
"HD 11964 b",,,198.00000000,3.1600000000,1945.00000000000,"Radial Velocity",2005
"CoRoT-7 c",,,8.40000000,0.0460000000,3.69800000000,"Radial Velocity",2009
"K2-74 b",2.31000000,0.20608440,,0.1402000000,19.56660000000,"Transit",2016
"Kepler-1674 b",3.20577490,0.28600008,,,62.56110000000,"Transit",2020
"GJ 2030 c",,,4069.15709482,16.7610000000,25533.11353000000,"Radial Velocity",2022
"Kepler-97 b",1.48000000,0.13200000,3.51000000,,2.58664000000,"Transit",2014
"Kepler-457 d",2.98467257,0.26627511,,,10.69060040000,"Transit",2021
"HD 73344 c",,,118.54999581,0.3388000000,65.94000000000,"Radial Velocity",2025
"TOI-1683.01",2.63820000,0.23510942,,0.0365075930,3.05753560000,"Transit",2024
"K2-368 c",1.36100000,0.12142050,,,9.66018600000,"Transit",2022
"NGTS-30 b",10.40193409,0.92800000,305.11527072,0.4080000000,98.29838000000,"Transit",2024
"Kepler-219 d",2.81000000,0.25100000,,0.2720000000,47.90364500000,"Transit",2014
"Kepler-673 b",6.54000000,0.58345972,,,3.72873109300,"Transit",2016
"K2-158 b",2.64000000,0.23552502,,0.0887000000,10.06049000000,"Transit",2018
"K2-276 b",3.77000000,0.33633687,,0.1291000000,18.71826900000,"Transit",2018
"Kepler-1990 c",0.98000000,0.08742989,,0.0504000000,4.06844957000,"Transit",2023
"Kepler-680 b",2.42000000,0.21589794,,,3.68992629100,"Transit",2016
"Kepler-1293 b",0.97000000,0.08653760,,,5.57654784000,"Transit",2016
"Kepler-571 b",2.64000000,0.23552502,,,4.79859938800,"Transit",2016
"TOI-2518 b",2.26838675,0.20237226,,,6.89797425216,"Transit",2026
"WISPIT 2 c",17.93436912,1.60000000,3178.28407000,14.0000000000,,"Imaging",2026
"K2-3 c",1.58200000,0.14113683,2.68000000,0.1357000000,24.64672900000,"Transit",2015
"Kepler-489 b",7.72000000,0.68873227,,,17.27629611900,"Transit",2016
"TYC 1422-614-1 c",,,3178.00000000,1.3700000000,559.30000000000,"Radial Velocity",2014
"HD 1502 b",,,874.03250000,1.2620000000,428.50000000000,"Radial Velocity",2011
"HD 219134 b",1.60200000,0.14292087,4.74000000,0.0387600000,3.09292600000,"Radial Velocity",2015
"Kepler-1872 b",2.38421141,0.21270546,,,3.82591009100,"Transit",2021
"TOI-4561 b",1.77789214,0.15861319,,,8.93547936706,"Transit",2026
"Kepler-1733 b",3.63582354,0.32436701,,,9.22957992600,"Transit",2021
"Kepler-1478 b",1.73000000,0.15434026,,,26.08405940000,"Transit",2016
"TOI-892 b",11.99363000,1.07000000,301.93850000,0.0920000000,10.62656000000,"Transit",2020
"Kepler-1534 b",1.89000000,0.16861451,,,5.71668872000,"Transit",2016
"Kepler-1254 c",1.30000000,0.11597823,,,3.60084276000,"Transit",2016
"Kepler-1277 b",1.60000000,0.14274244,,,40.83650120000,"Transit",2016
"Kepler-334 c",1.43000000,0.12800000,,0.1070000000,12.75800500000,"Transit",2014
"KMT-2018-BLG-0247L b",,,670.61793877,2.4600000000,,"Microlensing",2022
"HD 4203 c",,,689.66000000,6.9500000000,6700.00000000000,"Radial Velocity",2014
"Kepler-394 d",1.50066814,0.13388087,,,5.61358022700,"Transit",2021
"EPIC 220554210 c",1.60000000,0.14274268,,,0.70531000000,"Transit",2019
"HD 62364 b",,,5965.63919939,6.1500000000,5138.00000000000,"Radial Velocity",2022
"HD 184010 d",,,143.02278315,1.9200000000,836.40000000000,"Radial Velocity",2022
"HD 147513 b",,,385.00000000,1.3200000000,528.40000000000,"Radial Velocity",2003
"HD 143105 b",,,384.57430000,0.0379000000,2.19740000000,"Radial Velocity",2016
"HD 136118 b",,,4164.18778851,2.3270000000,1187.59765000000,"Radial Velocity",2022
"HD 158259 c",,,5.60000000,,3.43200000000,"Radial Velocity",2020
"HD 158259 b",,,2.22000000,,2.17800000000,"Radial Velocity",2020
"HD 159868 c",,,244.09344000,1.0320000000,351.00000000000,"Radial Velocity",2012
"HD 160691 b",,,1366.66215010,,645.00000000000,"Radial Velocity",2000
"HD 163607 b",,,249.05158800,0.3620000000,75.22030000000,"Radial Velocity",2012
"HD 168009 b",,,9.53485221,0.1192000000,15.14790000000,"Radial Velocity",2021
"GJ 740 b",,,2.96000000,0.0290000000,2.37756000000,"Radial Velocity",2021
"HD 190360 d",,,11.90000000,0.3886000000,88.69000000000,"Radial Velocity",2026
"HD 189567 b",,,8.50000000,0.1110000000,14.28800000000,"Radial Velocity",2021
"Kepler-1490 b",3.04000000,0.27121063,,,92.43629730000,"Transit",2016
"K2-389 c",2.04000000,0.18199692,,,20.85133700000,"Transit",2022
"Kepler-1245 b",1.44000000,0.12846820,,,4.35409304000,"Transit",2016
"Kepler-1010 b",2.32000000,0.20697654,,,34.26857050000,"Transit",2016
"K2-175 b",2.03803688,0.18182147,,,9.52598800000,"Transit",2018
"TOI-813 b",6.71000000,0.59862610,,0.4230000000,83.89110000000,"Transit",2020
"GJ 1252 b",1.19300000,0.10643251,1.32000000,,0.51823310000,"Transit",2020
"Kepler-258 b",4.06000000,0.36200000,,0.1030000000,13.19722000000,"Transit",2014
"HD 94834 b",,,400.46580000,2.7400000000,1576.00000000000,"Radial Velocity",2018
"Kepler-480 b",2.78000000,0.24801499,,,4.91958379500,"Transit",2016
"HD 104067 b",,,62.10000000,0.2674000000,55.85100000000,"Radial Velocity",2011
"Proxima Cen d",,,0.26000000,0.0288100000,5.12338000000,"Radial Velocity",2025
"Kepler-351 d",2.72000000,0.24266215,,,142.54424700000,"Transit",2016
"Gliese 48 b",,,8.11000000,0.1752000000,39.62990000000,"Radial Velocity",2026
"Kepler-1810 b",3.91815325,0.34955482,,,101.13300320000,"Transit",2021
"Kepler-11 b",1.80000000,0.16100000,1.90000000,0.0910000000,10.30390000000,"Transit",2010
"Kepler-1207 b",1.62000000,0.14452672,,,13.68237119000,"Transit",2016
"TOI-4940 b",6.61000000,0.58970572,89.00000000,0.1650000000,25.86781100000,"Transit",2025
"EPIC 249893012 d",3.94000000,0.35150326,10.18000000,0.2200000000,35.74700000000,"Transit",2020
"Kepler-339 c",1.15000000,0.10300000,,0.0690000000,6.98805500000,"Transit",2014
"SPECULOOS-3 b",0.97700000,0.08716225,,0.0073300000,0.71912603000,"Transit",2024
"G 261-6 b",,,1.37000000,0.0297100000,5.45360000000,"Radial Velocity",2025
"Kepler-165 b",2.32000000,0.20700000,,0.0720000000,8.18084800000,"Transit",2014
"Kepler-421 b",4.16000000,0.37100000,,1.2190000000,704.19840000000,"Transit",2014
"HATS-15 b",12.38594500,1.10500000,689.69110000,0.0271200000,1.74748753000,"Transit",2016
"HD 87883 b",,,2005.49724817,3.7700000000,3006.00000000000,"Radial Velocity",2009
"WASP-33 b",17.85593700,1.59300000,665.21819000,0.0239000000,1.21987000000,"Transit",2010
"HD 10180 g",,,23.26515600,1.4270000000,604.67000000000,"Radial Velocity",2010
"NGTS-1 b",14.90797000,1.33000000,258.07796000,0.0326000000,2.64729800000,"Transit",2017
"Kepler-783 c",2.33153725,0.20800582,,,7.05395000000,"Transit",2020
"TOI-1470 b",2.18000000,0.19448691,7.32000000,0.0285000000,2.52709300000,"Transit",2023
"K2-343 b",1.65000000,0.14720339,,,2.78717400000,"Transit",2021
"K2-80 d",2.55211506,0.22768446,,,28.86725300000,"Transit",2018
"Kepler-763 c",1.42000000,0.12668413,,0.0466000000,4.09667624000,"Transit",2023
"Kepler-649 b",2.26000000,0.20162370,,,29.90722674000,"Transit",2016
"Kepler-1264 b",1.18000000,0.10527255,,,0.96852602300,"Transit",2016
"Kepler-374 b",1.03000000,0.09200000,,0.0290000000,1.89780600000,"Transit",2014
"Kepler-1825 b",1.42200732,0.12686321,,,1.02586996600,"Transit",2021
"HD 28109 c",4.13000000,0.36845456,9.20000000,,55.99712000000,"Transit",2022
"TOI-1860 b",1.31000000,0.11687057,,0.0204000000,1.06621070000,"Transit",2022
"Kepler-309 c",2.51000000,0.22400000,,0.4010000000,105.35638300000,"Transit",2014
"TOI-1011 b",1.45000000,0.12936056,4.04000000,,2.47049800000,"Transit",2025
"NGTS-32 b",15.91675259,1.42000000,181.16219199,0.0440000000,3.31211000000,"Transit",2025
"K2-178 b",3.55790985,0.31741546,,,8.74781800000,"Transit",2018
"Kepler-1232 b",1.93000000,0.17218307,,,26.78391830000,"Transit",2016
"Kepler-124 b",0.73000000,0.06500000,,0.0390000000,3.41049300000,"Transit",2014
"HD 67087 b",,,973.00000000,1.0800000000,352.20000000000,"Radial Velocity",2015
"Kepler-1269 b",1.63000000,0.14541886,,,37.33315360000,"Transit",2016
"HD 37124 c",,,207.22516000,1.7100000000,885.50000000000,"Radial Velocity",2002
"HD 181720 b",,,127.13200000,1.8500000000,956.00000000000,"Radial Velocity",2009
"Kepler-121 c",2.27000000,0.20300000,,0.2160000000,41.00801100000,"Transit",2014
"Kepler-285 c",1.12000000,0.10000000,,0.0640000000,6.18667600000,"Transit",2014
"Kepler-49 d",1.60000000,0.14300000,,0.0310000000,2.57654900000,"Transit",2014
"TOI-938 b",4.82401567,0.43037059,,,8.80733882211,"Transit",2026
"HD 10647 b",,,298.75000000,2.0150000000,989.20000000000,"Radial Velocity",2006
"WASP-182 b",9.52765000,0.85000000,47.03884000,0.0451000000,3.37698480000,"Transit",2019
"HAT-P-47 b",14.71739166,1.31300000,65.47265184,,4.73217441000,"Transit",2026
"WASP-183 b",16.47723000,1.47000000,159.55066000,0.0463200000,4.11177710000,"Transit",2019
"HATS-59 c",,,4036.44100000,2.5040000000,1422.00000000000,"Radial Velocity",2018
"Kepler-798 b",2.39000000,0.21322152,,,13.71933369000,"Transit",2016
"Kepler-1732 b",4.09903273,0.36569184,,,32.31240082000,"Transit",2021
"WASP-45 b",10.60371400,0.94600000,306.38812000,0.0396300000,3.12608900000,"Transit",2011
"K2-407 c",1.36000000,0.12133128,,,9.22453000000,"Transit",2022
"Kepler-868 b",2.05000000,0.18288875,,,5.03251791000,"Transit",2016
"K2-345 b",2.11000000,0.18824192,,,10.36743700000,"Transit",2021
"Kepler-1871 b",2.42172881,0.21605255,,,1.95270001900,"Transit",2021
"HD 115404 A b",,,30.82935548,0.0880000000,10.49488000000,"Radial Velocity",2022
"HATS-8 b",9.78545700,0.87300000,43.86054000,0.0466700000,3.58389300000,"Transit",2015
"Kepler-1105 b",2.01000000,0.17932019,,,4.42157218200,"Transit",2016
"OGLE-TR-56 b",15.27800000,1.36301421,441.77000000,0.0238300000,1.21191890000,"Transit",2002
"HD 8326 b",,,66.60000000,0.5330000000,158.99100000000,"Radial Velocity",2019
"Qatar-6 b",11.90395800,1.06200000,212.31044000,0.0423000000,3.50619500000,"Transit",2017
"Kepler-177 c",8.73000000,0.77883843,14.70000000,,49.40926000000,"Transit",2013
"OGLE-2017-BLG-1434L b",,,4.43000000,1.1800000000,,"Microlensing",2018
"KMT-2023-BLG-0469L b",,,39.41072247,2.3100000000,,"Microlensing",2024
"Kepler-789 b",2.12000000,0.18913373,,,8.63847725000,"Transit",2016
"Kepler-401 c",2.15000000,0.19200000,,0.2690000000,47.31821800000,"Transit",2014
"Kepler-759 b",2.27000000,0.20251584,,,41.80598500000,"Transit",2016
"Kepler-465 b",2.95000000,0.26318137,,,9.94067246600,"Transit",2016
"Kepler-1369 b",2.69000000,0.23998573,,,25.87314800000,"Transit",2016
"Kepler-1276 b",1.19000000,0.10616469,,,12.57200950000,"Transit",2016
"HD 204313 b",,,1466.77809830,3.1850000000,2041.11539000000,"Radial Velocity",2010
"Kepler-694 b",2.80000000,0.24979927,,,6.36584161200,"Transit",2016
"Kepler-1042 b",2.19000000,0.19537871,,,10.13202575000,"Transit",2016
"TOI-1820 b",12.77823800,1.14000000,731.00533610,0.0610000000,4.86067400000,"Transit",2022
"TOI-3664 b",13.69737442,1.22200000,114.41822652,0.0431000000,3.29748390000,"Transit",2026
"Kepler-1734 b",3.08851092,0.27553896,,,6.79685020400,"Transit",2021
"G 268-110 b",,,1.52000000,0.0128300000,1.43263000000,"Radial Velocity",2025
"Kepler-1406 b",1.10000000,0.09813543,,,11.62905828000,"Transit",2016
"Kepler-282 c",1.20000000,0.10700000,,0.1060000000,13.63872300000,"Transit",2014
"Kepler-449 c",2.76400000,0.24658756,,,33.67270000000,"Transit",2015
"iot Dra b",,,3756.73177074,1.4530000000,510.85440000000,"Radial Velocity",2002
"Kepler-336 b",1.02000000,0.09100000,,0.0330000000,2.02482300000,"Transit",2014
"K2-183 c",2.30000000,0.20519261,,,10.78799200000,"Transit",2018
"Kepler-786 b",2.43000000,0.21679008,,,53.52934870000,"Transit",2016
"Kepler-553 b",4.74139884,0.42300000,116.00736855,0.0476600000,4.03046700000,"Transit",2016
"Kepler-1799 b",4.12801189,0.36827719,,,11.92969990000,"Transit",2021
"Kepler-1498 b",1.33000000,0.11865465,,,48.05140500000,"Transit",2016
"Kepler-1315 c",1.84398883,0.16450995,,,6.56606006600,"Transit",2021
"Kepler-1392 b",1.96000000,0.17485949,,,15.14103970000,"Transit",2016
"K2-73 b",2.58000000,0.23017258,9.20000000,,7.49556000000,"Transit",2016
"Kepler-604 b",2.59000000,0.23106432,,,25.85501786000,"Transit",2016
"K2-389 b",2.33000000,0.20786903,,,8.58289000000,"Transit",2022
"HD 111591 b",,,1398.45200000,2.5000000000,1056.40000000000,"Radial Velocity",2017
"HD 217107 b",,,459.57987652,0.0735900000,7.12701660000,"Radial Velocity",1998
"HAT-P-19 b",11.29865255,1.00800000,88.03846874,0.0459900000,4.00878322000,"Transit",2010
"HD 63433 b",2.14000000,0.19100000,21.75500000,,7.10794750000,"Transit",2020
"TOI-1853 b",3.46000000,0.30868106,73.20000000,0.0213000000,1.24362580000,"Transit",2023
"Gl 686 b",,,6.62400000,0.0910000000,15.53000000000,"Radial Velocity",2018
"K2-248 b",2.57000000,0.22928004,,0.0699000000,7.17256000000,"Transit",2018
"K2-354 b",1.56000000,0.13917412,,,3.79330600000,"Transit",2021
"K2-84 c",2.03000000,0.18110447,,0.1768000000,27.86000000000,"Transit",2016
"TOI-4551 b",11.85910158,1.05800000,473.56432643,0.0994000000,9.95581000000,"Transit",2023
"Kepler-326 d",1.21000000,0.10800000,,0.0660000000,6.76688800000,"Transit",2014
"Kepler-735 b",2.95000000,0.26318137,,,11.51516988000,"Transit",2016
"Kepler-923 b",1.38000000,0.12311535,,,6.93366476000,"Transit",2016
"HAT-P-43 b",13.63000000,1.21598925,,0.0444000000,3.33264140000,"Transit",2012
"WASP-101 b",16.02887000,1.43000000,162.09330000,,3.58572000000,"Transit",2014
"Kepler-255 c",2.99000000,0.26700000,,0.0920000000,9.94604700000,"Transit",2014
"Kepler-872 b",1.99000000,0.17753591,,,2.57885506800,"Transit",2016
"TOI-1758 b",3.62000000,0.32295532,,0.1414090000,20.70507468500,"Transit",2024
"TOI-5704 b",3.22740000,0.28792984,,,3.77111600000,"Transit",2023
"Kepler-981 b",2.31000000,0.20608440,,,4.46975773600,"Transit",2016
"Kepler-1332 b",1.37000000,0.12222321,,,11.87456832000,"Transit",2016
"KELT-2 A b",15.13215000,1.35000000,540.31100000,,4.11379000000,"Transit",2012
"Kepler-250 b",1.13000000,0.10100000,,0.0480000000,4.14814100000,"Transit",2014
"Kepler-886 b",1.52000000,0.13560532,,,6.24146367000,"Transit",2016
"Kepler-1195 b",2.08000000,0.18556517,,,8.49642241000,"Transit",2016
"Kepler-668 b",2.70000000,0.24087787,,,8.35390639000,"Transit",2016
"Kepler-1610 b",1.61000000,0.14363458,,,8.70181574000,"Transit",2016
"TOI-5592 b",17.14974047,1.53000000,285.72773789,0.0393500000,2.60858460000,"Transit",2025
"KIC 9663113 b",4.60000000,0.41038451,,,572.38470000000,"Transit",2015
"HIP 107773 b",,,629.30340000,0.7200000000,144.30000000000,"Radial Velocity",2015
"Kepler-734 b",3.56000000,0.31760193,,,6.10485285600,"Transit",2016
"K2-199 b",1.73000000,0.15434053,6.90000000,0.0382000000,3.22539930000,"Transit",2018
"Kepler-1125 b",1.84000000,0.16415380,,,17.67006420000,"Transit",2016
"Kepler-112 b",2.36000000,0.21100000,,0.0760000000,8.40887800000,"Transit",2014
"TOI-2338 b",11.20898070,1.00000000,1900.61387386,0.1580000000,22.65398000000,"Transit",2023
"Kepler-249 b",1.09000000,0.09700000,,0.0350000000,3.30653900000,"Transit",2014
"Kepler-241 c",2.57000000,0.22900000,,0.1890000000,36.06597800000,"Transit",2014
"TIC 38828280 b",2.62701629,0.23436710,,,4.85558984762,"Transit",2026
"K2-374 c",2.21300000,0.19743098,,,16.43445000000,"Transit",2022
"Kepler-221 b",1.71000000,0.15300000,,0.0370000000,2.79590600000,"Transit",2014
"Kepler-1000 b",4.76000000,0.42465876,,,120.01812720000,"Transit",2016
"NGC 2682 YBP 1514 b",,,127.13200000,,5.11800000000,"Radial Velocity",2014
"HD 116029 b",,,444.96200000,1.6500000000,670.00000000000,"Radial Velocity",2011
"Kepler-1767 b",3.01299077,0.26880149,,,59.65829849000,"Transit",2021
"Kepler-1639 b",2.58000000,0.23017218,,,9.87848200000,"Transit",2016
"PSR B1620-26 b",,,794.57500000,23.0000000000,,"Pulsar Timing",2003
"Proxima Cen b",,,1.05500000,0.0484800000,11.18465000000,"Radial Velocity",2016
"Kepler-246 c",1.50000000,0.13400000,,0.0950000000,11.18716100000,"Transit",2014
"Kepler-40 b",13.11000000,1.17000000,699.20000000,0.0800000000,6.87349000000,"Transit",2010
"TIC 434398831 b",3.51000000,0.31314176,,0.0464100000,3.68550400000,"Transit",2025
"HD 89744 b",,,2653.88050000,0.9170000000,256.78000000000,"Radial Velocity",1999
"KMT-2018-BLG-1292L b",,,1400.00000000,6.0300000000,,"Microlensing",2020
"GSC 06214-00210 b",,,5000.00000000,320.0000000000,,"Imaging",2010
"GJ 887 b",,,3.90000000,0.0683000000,9.26190000000,"Radial Velocity",2020
"HD 219828 c",,,5102.41724598,5.6570000000,4789.87297000000,"Radial Velocity",2016
"HD 222155 b",,,673.79960000,5.1400000000,3999.00000000000,"Radial Velocity",2011
"HD 224538 b",,,2075.73732612,2.3750000000,1202.05199000000,"Radial Velocity",2016
"TOI-5624 d",3.58400000,0.31974361,4.90000000,0.1067000000,13.73146800000,"Transit",2026
"Kepler-54 d",1.53000000,0.13600000,,0.1260000000,20.99569400000,"Transit",2014
"TOI-2449 b",11.24000000,1.00200000,222.00000000,0.4500000000,106.14468000000,"Transit",2025
"TIC 142589416 b",2.67899519,0.23900435,,,2.09518466313,"Transit",2026
"Kepler-101 b",5.77000000,0.51000000,51.10000000,0.0474000000,3.48768120000,"Transit",2014
"Kepler-195 b",2.03000000,0.18100000,,0.0770000000,8.30787200000,"Transit",2014
"Kepler-727 b",2.53000000,0.22571148,,,5.15448441700,"Transit",2016
"Kepler-763 b",1.22000000,0.10884111,,,1.19655156000,"Transit",2016
"TOI-954 b",9.55006800,0.85200000,55.30242000,0.0496300000,3.68497290000,"Transit",2020
"HD 95338 b",4.27174254,0.38110000,,,55.08269400000,"Radial Velocity",2020
"HD 13724 c",,,50.85254512,0.5340000000,142.22895000000,"Radial Velocity",2022
"Kepler-928 b",1.59000000,0.14185030,,,3.93246130200,"Transit",2016
"TOI-7155 b",2.40821473,0.21484690,,,3.89489711981,"Transit",2026
"Kepler-1879 b",2.06512018,0.18423800,,,10.61340046000,"Transit",2021
"TOI-6223 b",5.07000000,0.45231588,,0.0401800000,3.85521900000,"Transit",2025
"Kepler-1295 b",1.55000000,0.13828174,,,3.81371974000,"Transit",2016
"Kepler-1319 b",1.34000000,0.11954679,,,2.88676264500,"Transit",2016
"WASP-154 b",10.76062147,0.96000000,198.96058278,0.0440000000,3.81167800000,"Transit",2025
"K2-126 b",1.97000000,0.17575163,,0.0656000000,7.38565500000,"Transit",2017
"Kepler-49 c",2.44400000,0.21803945,8.38000000,,10.91000000000,"Transit",2012
"Kepler-1536 b",3.14000000,0.28013204,,,364.75803100000,"Transit",2016
"TOI-1669 c",2.29639770,0.20487123,13.00000000,0.0376000000,2.68005350000,"Transit",2024
"HD 48948 b",,,4.88000000,0.0652000000,7.34013000000,"Radial Velocity",2024
"Kepler-729 b",3.58000000,0.31938621,,,3.16635371400,"Transit",2016
"Kepler-1669 d",1.22000000,0.10884130,,0.0468000000,4.72941177000,"Transit",2023
"TOI-3023 b",16.43236571,1.46600000,197.05361234,0.0505000000,3.90149710000,"Transit",2023
"K2-110 b",2.59200000,0.23124315,15.90000000,0.1020700000,13.86375000000,"Transit",2017
"K2-46 b",2.05000000,0.18288875,,0.1382100000,19.15410000000,"Transit",2016
"HAT-P-63 b",12.54284940,1.11900000,195.14664190,0.0429400000,3.37772800000,"Transit",2021
"Kepler-967 b",2.35000000,0.20965296,,,13.22713379000,"Transit",2016
"Kepler-292 b",1.32000000,0.11800000,,0.0350000000,2.58082700000,"Transit",2014
"HIP 39017 b",,,7500.75040520,22.1000000000,31000.00000000000,"Imaging",2024
"Kepler-245 d",3.03000000,0.27000000,,0.2020000000,36.27710800000,"Transit",2014
"HD 215497 b",,,6.35660000,0.0500000000,3.93404000000,"Radial Velocity",2009
"Kepler-180 b",1.50000000,0.13400000,,0.1090000000,13.81712400000,"Transit",2014
"Kepler-1632 b",2.47000000,0.22035864,,,448.30355800000,"Transit",2016
"KOINTREAU-4 b",,,4862.77462710,182.0000000000,,"Imaging",2026
"GJ 163 b",,,10.60000000,0.0607000000,8.63182000000,"Radial Velocity",2013
"Kepler-101 c",1.25000000,0.11200000,3.78000000,0.0684000000,6.02976000000,"Transit",2014
"K2-231 b",2.50000000,0.22303506,,,13.84190100000,"Transit",2018
"WASP-144 b",9.52765000,0.85000000,139.84520000,0.0316000000,2.27831520000,"Transit",2018
"TIC 88692598 b",1.81295951,0.16174169,,,2.64909436758,"Transit",2026
"HD 171028 b",,,832.71460000,1.3200000000,550.00000000000,"Radial Velocity",2007
"Kepler-848 b",1.70000000,0.15166384,,,6.91134416000,"Transit",2016
"HD 111998 b",,,1525.57635360,1.9100000000,810.00000000000,"Radial Velocity",2016
"ITG 15 b",,,6674.39654700,435.0000000000,,"Imaging",2024
"HD 164595 b",,,16.14000000,0.2300000000,40.00000000000,"Radial Velocity",2015
"Kepler-1942 b",2.11702870,0.18886898,,,4.62604999500,"Transit",2021
"Kepler-228 c",2.70000000,0.24100000,,0.0520000000,4.13444400000,"Transit",2014
"Kepler-975 c",10.69000000,0.95369956,,0.0567000000,5.05821338000,"Transit",2023
"Kepler-358 b",2.72000000,0.24300000,,0.2100000000,34.06046700000,"Transit",2014
"Kepler-625 b",1.99000000,0.17753591,,,7.75192492000,"Transit",2016
"Kepler-1914 b",2.94298030,0.26255557,,,30.82789993000,"Transit",2021
"K2-369 b",1.31300000,0.11713822,,,5.76161200000,"Transit",2022
"Kepler-1665 b",2.83910787,0.25328824,,,11.95480000000,"Transit",2020
"K2-233 c",1.27200000,0.11348043,4.60000000,0.0664000000,7.06024000000,"Transit",2018
"Kepler-1364 b",2.15000000,0.19181015,,,13.32196237000,"Transit",2016
"Kepler-1008 b",1.28000000,0.11419395,,,12.43931193000,"Transit",2016
"HD 38801 b",,,3082.31534000,1.6230000000,685.25000000000,"Radial Velocity",2009
"Kepler-1108 b",1.46000000,0.13025248,,,4.51005748000,"Transit",2016
"Kepler-1818 b",1.71360684,0.15287803,,,4.64490985900,"Transit",2021
"Kepler-229 b",2.20000000,0.19600000,,0.0620000000,6.25297200000,"Transit",2014
"Kepler-1187 b",2.61000000,0.23284860,,,18.87064068000,"Transit",2016
"Kepler-606 b",3.31000000,0.29529842,,,24.31575992000,"Transit",2016
"Kepler-126 c",1.58000000,0.14100000,,0.1620000000,21.86974100000,"Transit",2014
"Kepler-1763 b",1.14651332,0.10228524,,,1.48028004200,"Transit",2021
"KMT-2018-BLG-0029L b",,,7.59000000,4.2700000000,,"Microlensing",2020
"Kepler-264 c",2.83000000,0.25200000,,0.5660000000,140.10126100000,"Transit",2014
"HD 200964 b",,,508.21017000,1.5650000000,606.30000000000,"Radial Velocity",2010
"Kepler-879 c",0.40000000,0.03568567,,,0.64671600000,"Transit",2024
"HIP 113103 b",1.82900000,0.16317273,,0.0689900000,7.61030300000,"Transit",2023
"HD 72892 b",,,1737.88572948,0.2280000000,39.44603000000,"Radial Velocity",2016
"K2-266 d",2.93000000,0.26139709,8.90000000,0.1035000000,14.69700000000,"Transit",2018
"KMT-2018-BLG-2602L b",,,365.50266805,3.8100000000,,"Microlensing",2022
"Kepler-402 c",1.56000000,0.13900000,,0.0680000000,6.12482100000,"Transit",2014
"Kepler-182 c",3.43000000,0.30600000,,0.1570000000,20.68434200000,"Transit",2014
"GJ 3634 b",,,8.40000000,0.0287000000,2.64561000000,"Radial Velocity",2010
"TOI-3540 A b",23.53885947,2.10000000,375.03752026,0.0428900000,3.11999900000,"Transit",2022
"OGLE-2005-BLG-169L b",,,14.10000000,3.5000000000,,"Microlensing",2006
"WASP-168 b",16.81350000,1.50000000,133.48860000,0.0519000000,4.15365800000,"Transit",2018
"HD 284149 AB b",,,8352.53053596,431.1600000000,,"Imaging",2017
"Kepler-452 b",1.63000000,0.14541886,,1.0460000000,384.84300000000,"Transit",2015
"Kepler-1190 b",1.33000000,0.11865465,,,10.45843441000,"Transit",2016
"Kepler-1013 b",2.15000000,0.19181015,,,18.93054959000,"Transit",2016
"GJ 1265 b",,,7.40000000,0.0260000000,3.65110000000,"Radial Velocity",2018
"TIC 24750448 b",2.43722231,0.21743479,,,3.59159193029,"Transit",2026
"K2-138 d",2.39000000,0.21322152,7.92000000,0.0589300000,5.40479000000,"Transit",2017
"HATS-29 b",14.02245900,1.25100000,207.54299000,0.0547500000,4.60587490000,"Transit",2016
"HD 69830 d",,,18.10000000,0.6300000000,197.00000000000,"Radial Velocity",2006
"Kepler-165 c",2.23000000,0.19900000,,0.1100000000,15.31299000000,"Transit",2014
"Kepler-105 c",1.44000000,0.12846842,5.60000000,,7.12592000000,"Transit",2014
"Kepler-367 b",1.30000000,0.11600000,,0.2010000000,37.81572400000,"Transit",2014
"HD 8535 b",,,216.12440000,2.4500000000,1313.00000000000,"Radial Velocity",2010
"Kepler-1054 b",2.63000000,0.23463288,,,4.30655689000,"Transit",2016
"Kepler-1725 b",2.81251770,0.25091645,,,16.71990013000,"Transit",2021
"K2-45 b",6.71000000,0.59862610,,0.0224000000,1.72926840000,"Transit",2016
"GJ 667 C b",,,,,7.20300000000,"Radial Velocity",2012
"Kepler-1426 b",1.56000000,0.13917388,,,14.25632270000,"Transit",2016
"GJ 2030 b",,,4.76742611,0.0340000000,2.38129000000,"Radial Velocity",2022
"Kepler-1754 b",2.43996509,0.21767948,,,8.19594955400,"Transit",2021
"TOI-150.01",14.06729500,1.25500000,797.75330000,0.0703700000,5.85748700000,"Transit",2019
"Wendelstein-1 b",11.56096260,1.03140000,188.15536000,0.0282000000,2.66341600000,"Transit",2020
"TOI-904 c",2.16700000,0.19332712,,0.3120000000,83.99970000000,"Transit",2023
"Kepler-1907 b",0.86973029,0.07759227,,,5.65245008500,"Transit",2021
"Kepler-491 b",8.92000000,0.79578910,,,4.22538451200,"Transit",2016
"Kepler-992 b",1.62000000,0.14452672,,,20.16034462000,"Transit",2016
"Kepler-667 b",4.73000000,0.42198234,,,41.43962808000,"Transit",2016
"Kepler-404 b",1.27000000,0.11300000,,0.1020000000,11.82985100000,"Transit",2014
"Kepler-1213 b",1.19000000,0.10616469,,,5.34982412000,"Transit",2016
"Kepler-1043 b",2.55000000,0.22749576,,,38.50533980000,"Transit",2016
"TOI-4377 b",15.10970598,1.34800000,304.16178550,0.0579000000,4.37808100000,"Transit",2023
"Kepler-985 b",2.98000000,0.26585779,,,116.33190100000,"Transit",2016
"CoRoT-21 b",14.57170000,1.30000000,718.29580000,0.0417000000,2.72474000000,"Transit",2012
"TOI-4201 b",13.67495645,1.22000000,788.21444936,0.0400000000,3.58191940000,"Transit",2023
"HD 114783 b",,,349.60000000,1.1600000000,493.70000000000,"Radial Velocity",2001
"K2-167 b",2.36509493,0.21100000,,0.0932000000,9.97854100000,"Transit",2018
"Kepler-304 c",2.17000000,0.19400000,,0.0540000000,5.31594600000,"Transit",2014
"Kepler-1524 b",3.54000000,0.31581765,,,70.96746030000,"Transit",2016
"Kepler-1840 b",2.77771129,0.24781123,,,131.19000240000,"Transit",2021
"Kepler-1074 b",1.25000000,0.11151753,,,5.94566534000,"Transit",2016
"K2-393 b",2.35200000,0.20983175,,,10.41318100000,"Transit",2022
"Kepler-314 c",2.90000000,0.25900000,,0.0640000000,5.96039200000,"Transit",2014
"Kepler-1476 b",1.67000000,0.14898742,,,10.35863224000,"Transit",2016
"Kepler-316 c",1.16000000,0.10300000,,0.0580000000,6.82776600000,"Transit",2014
"Kepler-1677 b",2.70216183,0.24107073,,,22.06400000000,"Transit",2020
"Kepler-219 c",3.58000000,0.31900000,,0.1650000000,22.71461300000,"Transit",2014
"K2-331 b",1.79000000,0.15969338,,,9.39897700000,"Transit",2021
"K2-338 b",1.03000000,0.09189060,,,3.85061400000,"Transit",2021
"HD 43691 b",,,810.46650000,0.2380000000,36.99870000000,"Radial Velocity",2007
"WASP-132 c",1.84100000,0.16424330,6.26000000,0.0183300000,1.01153624000,"Transit",2022
"K2-199 c",2.85000000,0.25426041,12.40000000,0.0662000000,7.37448970000,"Transit",2018
"HD 134606 d",,,44.80000000,1.9410000000,966.50000000000,"Radial Velocity",2024
"TOI-1346 c",2.23000000,0.19894762,,,5.50255800000,"Transit",2025
"K2-89 b",0.61500000,0.05486663,,0.0146200000,1.09602600000,"Transit",2016
"HD 28109 b",2.69000000,0.23998614,6.20000000,,22.89105400000,"Transit",2022
"Kepler-409 b",1.19900000,0.10696780,6.00000000,0.3192000000,68.95832160000,"Transit",2014
"HU Aqr AB b",,,1875.19700000,3.6000000000,2390.00000000000,"Eclipse Timing Variations",2011
"Kepler-793 b",1.37000000,0.12222321,,,4.24153639000,"Transit",2016
"Kepler-1084 b",1.11000000,0.09902757,,,2.05333679000,"Transit",2016
"Kepler-1910 b",1.18400000,0.10562959,,,5.68876981700,"Transit",2021
"Kepler-9 c",8.08000000,0.72084932,29.90000000,0.2270000000,38.98530000000,"Transit",2010
"Kepler-261 c",2.00000000,0.17800000,,0.1560000000,24.57085800000,"Transit",2014
"K2-198 c",1.42300000,0.12695156,,,3.35960550000,"Transit",2019
"Kepler-54 b",2.10000000,0.18700000,,,8.01094340000,"Transit",2012
"TOI-2088 b",3.68311790,0.32858634,37.00000000,0.4720000000,124.72997000000,"Transit",2024
"Kepler-951 b",5.59000000,0.49870640,,,71.52530845000,"Transit",2016
"HD 134060 b",,,10.10000000,0.0444000000,3.26960000000,"Radial Velocity",2019
"HD 17156 b",12.26262489,1.09400000,1036.12060682,0.1632000000,21.21642940000,"Radial Velocity",2007
"Kepler-1385 b",0.85000000,0.07583192,,,2.88879862000,"Transit",2016
"Kepler-279 b",3.62000000,0.32300000,,0.1120000000,12.30968100000,"Transit",2014
"K2-206 b",2.79522879,0.24937361,,,18.29454900000,"Transit",2018
"Kepler-1451 b",3.35000000,0.29886698,,,35.62223300000,"Transit",2016
"TOI-1753 b",2.47852533,0.22111960,16.60000000,0.0590000000,5.38461040000,"Transit",2024
"Kepler-689 b",2.89000000,0.25782853,,,22.36656079000,"Transit",2016
"Kepler-118 c",7.68000000,0.68500000,,0.1410000000,20.17202000000,"Transit",2014
"Kepler-96 b",2.67000000,0.23800000,8.46000000,,16.23850000000,"Transit",2014
"OGLE-2016-BLG-1800L b",,,823.17557413,1.8800000000,,"Microlensing",2024
"WASP-58 b",16.02887000,1.43000000,308.29510000,,5.01718000000,"Transit",2012
"TOI-1174 b",2.56200000,0.22856672,,0.0799400000,8.95348768300,"Transit",2024
"HD 135344 A b",16.25302201,1.45000000,3178.28407000,16.5000000000,,"Imaging",2025
"Kepler-1944 b",2.75971163,0.24620540,,,9.84257984200,"Transit",2021
"Kepler-123 b",2.94000000,0.26200000,,0.1350000000,17.23236600000,"Transit",2014
"TIC 257060897 b",17.26183028,1.54000000,201.50321004,0.0492200000,3.66003639000,"Transit",2021
"Kepler-1200 b",1.06000000,0.09456687,,,1.11854971700,"Transit",2016
"Kepler-107 e",2.90300000,0.25898876,14.10000000,0.1263800000,14.74914300000,"Transit",2014
"HD 212771 b",,,759.61370000,1.1900000000,380.70000000000,"Radial Velocity",2009
"K2-223 c",1.50000000,0.13382127,,,4.56254600000,"Transit",2018
"Kepler-1566 b",0.79000000,0.07047908,,,0.53991523800,"Transit",2016
"GJ 317 b",,,536.49435102,1.1380000000,695.69000000000,"Radial Velocity",2007
"Kepler-462 c",4.00000000,0.35685610,6.00000000,,207.62000000000,"Transit",2018
"HATS-61 b",13.39475500,1.19500000,1080.62200000,0.0790800000,7.81795300000,"Transit",2018
"HIP 57274 b",,,6.35660000,0.0700000000,8.13520000000,"Radial Velocity",2011
"TAP 26 b",,,527.59780000,0.0968000000,10.79000000000,"Radial Velocity",2017
"K2-365 b",2.90600000,0.25925640,,,23.44817200000,"Transit",2022
"Kepler-1102 b",2.66000000,0.23730931,,,51.32856230000,"Transit",2016
"HD 25015 b",,,2884.92845034,6.2480000000,6134.42700000000,"Radial Velocity",2019
"Kepler-1699 b",1.56671124,0.13977262,,,3.49082000000,"Transit",2020
"Kepler-1938 b",1.82828927,0.16310932,,,13.06260014000,"Transit",2021
"HD 68475 b",,,1639.99458012,7.2700000000,7832.00000000000,"Radial Velocity",2026
"Kepler-48 b",1.88000000,0.16772237,3.94000000,,4.77800000000,"Transit",2012
"K2-224 c",2.41000000,0.21500580,,0.0886000000,10.09489000000,"Transit",2018
"Kepler-47 d",7.04000000,0.62806673,19.02000000,0.6992000000,187.36600000000,"Transit",2019
"K2-293 b",2.45000000,0.21857436,,,13.12250000000,"Transit",2019
"K2-84 b",2.41000000,0.21500580,,0.0665000000,6.42150000000,"Transit",2016
"Kepler-522 b",6.91000000,0.61646891,,,38.58422849000,"Transit",2016
"Kepler-380 b",1.19000000,0.10600000,,0.0500000000,3.93082100000,"Transit",2014
"Kepler-286 d",1.33000000,0.11900000,,0.0610000000,5.91432300000,"Transit",2014
"Kepler-26 e",2.41000000,0.21500000,,0.2200000000,46.82791500000,"Transit",2014
"Kepler-838 b",2.73000000,0.24355429,,,15.74957994000,"Transit",2016
"TOI-1798.02",1.46400000,0.13060956,,0.0107890000,0.43781182200,"Transit",2024
"Kepler-1755 b",5.91688317,0.52786987,,,24.81209946000,"Transit",2021
"PDS 70 c",22.19378179,1.98000000,2383.71305250,34.3000000000,,"Imaging",2019
"HD 93385 c",,,7.10000000,0.1120000000,13.18000000000,"Radial Velocity",2021
"Kepler-25 b",2.74800000,0.24516014,8.70000000,,6.23829700000,"Transit",2011
"K2-189 b",1.40300000,0.12516749,,,2.58812000000,"Transit",2018
"Kepler-1171 b",2.56000000,0.22838790,,,1.44259224000,"Transit",2016
"Kepler-375 b",1.45000000,0.12900000,,0.1010000000,12.12593400000,"Transit",2014
"Kepler-1457 b",1.99000000,0.17753591,,,51.11102430000,"Transit",2016
"HR 858 b",2.00400000,0.17878521,3.55000000,0.0488800000,3.58528700000,"Transit",2019
"Kepler-447 b",18.49000000,1.65000000,435.41000000,0.0769000000,7.79430132000,"Transit",2015
"TOI-1386 b",6.21638650,0.55458981,45.80000000,0.1730000000,25.84010000000,"Transit",2024
"HIP 77900 b",,,6674.39654700,3319.0000000000,,"Imaging",2024
"Kepler-548 b",11.99000000,1.06967615,,,4.45419433800,"Transit",2016
"HD 224018 b",0.91000000,0.08118490,4.10000000,0.0952000000,10.64130000000,"Radial Velocity",2025
"Kepler-1452 b",2.70000000,0.24087787,,,42.91375100000,"Transit",2016
"Kepler-1158 b",2.34000000,0.20876082,,,13.53962930000,"Transit",2016
"K2-111 c",,,11.10000000,0.1156500000,15.67480000000,"Radial Velocity",2020
"Kepler-692 b",3.11000000,0.27745562,,,21.81293494000,"Transit",2016
"Kepler-160 b",1.71500000,0.15300205,,0.0551100000,4.30939700000,"Transit",2014
"WASP-4 b",15.12091496,1.34900000,381.39408840,0.0226100000,1.33823099400,"Transit",2007
"K2-400 b",1.16300000,0.10375609,,,3.86505300000,"Transit",2022
"Kepler-1159 b",2.37000000,0.21143724,,,22.70816791000,"Transit",2016
"K2-63 c",3.90000000,0.34793470,,0.1890000000,25.45560000000,"Transit",2016
"HAT-P-38 b",9.24700000,0.82500000,84.85700000,0.0523000000,4.64038200000,"Transit",2012
"HD 10180 h",,,65.66367800,3.3810000000,2205.00000000000,"Radial Velocity",2010
"Kepler-158 b",2.12000000,0.18900000,,0.1110000000,16.70918400000,"Transit",2014
"HU Aqr AB c",,,1430.23500000,5.4000000000,4368.00000000000,"Eclipse Timing Variations",2011
"K2-229 c",2.03000000,0.18110447,,0.0769000000,8.32727000000,"Transit",2018
"Kepler-1370 c",1.27000000,0.11330181,,,7.44142113000,"Transit",2016
"LSPM J2116+0234 b",,,13.30000000,0.0876000000,14.43990000000,"Radial Velocity",2019
"Qatar-3 b",12.28506400,1.09600000,1369.84730000,0.0378300000,2.50792040000,"Transit",2017
"Kepler-1230 b",2.71000000,0.24177001,,,9.95661537000,"Transit",2016
"TOI-5322 b",16.61170940,1.48200000,184.02264765,0.0604000000,5.42332070000,"Transit",2025
"HD 156411 b",,,235.18000000,1.8800000000,842.20000000000,"Radial Velocity",2009
"K2-146 c",2.19000000,0.19537871,7.49000000,,4.00498000000,"Transit",2019
"TOI-1782.02",1.83900000,0.16406487,,0.0257390000,1.82902422700,"Transit",2024
"Kepler-1443 b",0.97000000,0.08653760,,,2.41811321000,"Transit",2016
"HD 109833 b",2.88800000,0.25765055,,,9.18852600000,"Transit",2022
"Gliese 12 b",0.93000000,0.08296919,0.95000000,,12.76141800000,"Transit",2024
"HD 3651 b",,,72.46524000,0.2950000000,62.25000000000,"Radial Velocity",2003
"HD 10697 b",,,1825.28854140,2.0510000000,1075.37990000000,"Radial Velocity",1999
"Kepler-1722 b",2.86719266,0.25579424,,,9.17856979400,"Transit",2021
"Kepler-506 b",2.73000000,0.24355429,,,6.88340550000,"Transit",2016
"Kepler-595 c",1.00900000,0.09001695,3.30000000,,12.38602000000,"Transit",2020
"HD 20794 d",,,2.98000000,0.3625000000,89.68000000000,"Radial Velocity",2011
"Kepler-368 c",3.88000000,0.34600000,,0.3600000000,72.37933400000,"Transit",2014
"Kepler-1545 b",2.70000000,0.24087787,,,163.69234900000,"Transit",2016
"K2-192 b",1.52000000,0.13560532,,0.0490000000,4.16281700000,"Transit",2018
"Kepler-124 d",1.11000000,0.09900000,,0.1700000000,30.95085100000,"Transit",2014
"MOA-2011-BLG-291L b",,,18.00000000,0.6900000000,,"Microlensing",2018
"HD 95127 b",,,3378.53290000,1.2800000000,482.00000000000,"Radial Velocity",2015
"HD 112570 b",,,1086.97315194,3.9000000000,2615.00000000000,"Radial Velocity",2023
"TOI-1243 b",2.33000000,0.20786903,7.70000000,,4.65947790000,"Transit",2026
"Kepler-1421 b",0.93000000,0.08296904,,,6.91311120000,"Transit",2016
"Kepler-732 c",1.27000000,0.11330181,,,0.89304123600,"Transit",2016
"Kepler-1845 b",2.43836702,0.21753691,,,11.60649967000,"Transit",2021
"OGLE-2018-BLG-0383L b",,,6.40000000,1.8000000000,,"Microlensing",2022
"Kepler-1141 b",0.82000000,0.07315550,,,2.34451194400,"Transit",2016
"HD 160691 d",,,,,9.63920000000,"Radial Velocity",2004
"K2-185 b",1.15000000,0.10259630,,,10.61638400000,"Transit",2018
"47 UMa d",,,521.22000000,11.6000000000,14002.00000000000,"Radial Velocity",2009
"Kepler-286 b",1.24000000,0.11100000,,0.0270000000,1.79630200000,"Transit",2014
"Kepler-1721 b",3.11856756,0.27822044,,,4.59238004700,"Transit",2021
"Kepler-344 c",2.95000000,0.26300000,,0.4880000000,125.59680900000,"Transit",2014
"Kepler-687 b",3.52000000,0.31403337,,,20.50586978000,"Transit",2016
"Kepler-622 b",2.13000000,0.19002587,,,14.28226676000,"Transit",2016
"TOI-1291 b",5.63826391,0.50301308,,,7.16200975510,"Transit",2026
"Kepler-495 c",1.21936414,0.10878457,,,5.89660978300,"Transit",2021
"HD 68988 b",,,626.12510000,0.0700000000,6.27711000000,"Radial Velocity",2001
"KMT-2018-BLG-1988L b",,,5.56000000,3.0900000000,,"Microlensing",2022
"TOI-1859 b",9.75181321,0.87000000,,0.3370000000,63.48347000000,"Transit",2023
"TOI-1736 c",,,2441.00000000,1.3700000000,571.25000000000,"Radial Velocity",2023
"Kepler-1321 d",2.62843782,0.23449392,,,5.72092008600,"Transit",2021
"Kepler-30 d",8.80000000,0.78500000,23.10000000,0.5000000000,143.34394000000,"Transit",2012
"KMT-2024-BLG-1209L b",,,839.06699448,2.5100000000,,"Microlensing",2025
"TOI-1994 b",13.67495645,1.22000000,7024.00779470,0.0613000000,4.03371420000,"Transit",2024
"TOI-5788 b",1.52800000,0.13631926,3.72000000,0.0640000000,6.34075800000,"Transit",2026
"Kepler-1591 b",1.27000000,0.11330181,,,8.18504949000,"Transit",2016
"Kepler-310 d",2.47000000,0.22000000,,0.3920000000,92.87612500000,"Transit",2014
"Kepler-166 b",2.27000000,0.20300000,,0.0720000000,7.65025400000,"Transit",2014
"HATS-58 A b",12.27385500,1.09500000,327.36490000,0.0579800000,4.21808960000,"Transit",2019
"HD 215152 e",,,2.87700000,0.1541700000,25.19670000000,"Radial Velocity",2018
"K2-3 b",2.07800000,0.18538706,5.11000000,0.0747000000,10.05465350000,"Transit",2015
"Kepler-1463 b",1.86000000,0.16593809,,,25.15864000000,"Transit",2016
"HD 75289 b",,,155.73670000,0.0500000000,3.50927000000,"Radial Velocity",1999
"Kepler-339 b",1.42000000,0.12700000,,0.0550000000,4.97765600000,"Transit",2014
"TOI-3912 b",14.28024141,1.27400000,129.03833324,0.0463000000,3.49362640000,"Transit",2023
"Kepler-1844 b",3.03648191,0.27089724,,,3.92451000200,"Transit",2021
"eps Tau b",,,2285.18624633,1.8780000000,585.82000000000,"Radial Velocity",2006
"HD 216520 b",,,10.26000000,0.1980000000,35.45000000000,"Radial Velocity",2020
"OGLE-TR-113 b",12.25100000,1.09300000,400.44900000,0.0228900000,1.43247520000,"Transit",2004
"Kepler-31 c",5.30000000,0.47300000,1493.70000000,0.2600000000,42.63180000000,"Transit",2011
"Kepler-1952 b",1.23923346,0.11055719,,,27.21080017000,"Transit",2021
"Kepler-405 c",4.66000000,0.41600000,,0.1880000000,29.72668200000,"Transit",2014
"HD 20003 b",,,11.66000000,0.0974000000,11.84820000000,"Radial Velocity",2019
"HD 207832 c",,,232.01590000,2.1120000000,1155.70000000000,"Radial Velocity",2012
"Qatar-2 b",14.05600000,1.25400000,792.63500000,0.0215300000,1.33711647000,"Transit",2011
"HD 93351 c",,,4154.01727949,11.1540000000,14010.29410000000,"Radial Velocity",2022
"Kepler-1118 b",2.74000000,0.24444643,,,38.67150750000,"Transit",2016
"K2-331 c",2.72000000,0.24266256,,,22.99659100000,"Transit",2021
"Kepler-1746 b",8.93504475,0.79713267,,,321.21200560000,"Transit",2021
"WASP-28 b",13.66374747,1.21900000,282.54945382,0.0442000000,3.40883495000,"Transit",2014
"HD 11506 c",,,127.13136280,0.7710000000,223.92000000000,"Radial Velocity",2008
"HD 25912 c",,,5252.75008249,17.8480000000,26308.65619000000,"Radial Velocity",2022
"GJ 900 b",,,3496.11247700,12000.0000000000,,"Imaging",2024
"K2-19 c",4.10000000,0.36577813,11.00000000,,11.90600000000,"Transit",2015
"CoRoT-24 c",5.00000000,0.44000000,28.00000000,0.0980000000,11.75900000000,"Transit",2014
"HATS-18 b",14.89676100,1.32900000,629.14448500,0.0174000000,0.83784000000,"Transit",2016
"Kepler-403 b",1.25000000,0.11200000,,0.0760000000,7.03146200000,"Transit",2014
"HATS-74 A b",11.56766808,1.03200000,464.02947422,0.0238400000,1.73185606000,"Transit",2021
"Kepler-1048 b",1.61000000,0.14363458,,,6.92101021000,"Transit",2016
"Kepler-1023 b",2.63000000,0.23463288,,,62.13877140000,"Transit",2016
"TOI-880 c",4.95000000,0.44161018,,0.0635000000,6.38727030000,"Transit",2025
"HD 205739 b",,,435.41000000,0.8960000000,279.80000000000,"Radial Velocity",2008
"HD 194490 b",,,3561.90295725,11.1160000000,13092.18348000000,"Radial Velocity",2022
"Kepler-254 c",2.15000000,0.19200000,,0.1050000000,12.41218300000,"Transit",2014
"HAT-P-34 b",13.41717300,1.19700000,1058.37390000,0.0677400000,5.45265400000,"Transit",2011
"K2-377 b",1.69300000,0.15103960,,,12.83223500000,"Transit",2022
"TOI-1036 b",6.28499593,0.56071075,,,3.77952125496,"Transit",2026
"Kepler-554 b",4.29000000,0.38272816,,,1.90220855600,"Transit",2016
"HAT-P-42 b",14.34800000,1.28000000,331.80100000,0.0575000000,4.64187800000,"Transit",2012
"TOI-2407 b",4.26000000,0.38005240,,0.0330000000,2.70296900000,"Transit",2025
"KOI-217 b",12.44200000,1.11000000,,0.0477000000,3.90512000000,"Transit",2010
"Kepler-803 b",3.79000000,0.33812115,,,50.28638192000,"Transit",2016
"HD 215152 c",,,1.72000000,0.0673930000,7.28243000000,"Radial Velocity",2018
"HIP 78530 b",,,7300.00000000,740.0000000000,,"Imaging",2010
"WASP-98 b",12.82309600,1.14400000,293.03926000,0.0376200000,2.96264036000,"Transit",2014
"Kepler-2000 b",2.73000000,0.24355471,,0.0562000000,6.38315913500,"Transit",2023
"CoRoT-7 b",1.68135000,0.15000000,4.07660518,,0.85359163000,"Transit",2009
"CoRoT-5 b",15.55800000,1.38800000,148.42000000,0.0494700000,4.03789620000,"Transit",2009
"Kepler-1678 b",3.30422249,0.29478299,,,147.97400000000,"Transit",2020
"Kepler-1705 c",2.05000000,0.18288907,5.42000000,,11.28000000000,"Transit",2021
"K2-255 b",2.90000000,0.25872067,,0.0274000000,1.96417000000,"Transit",2018
"HD 82943 b",,,534.25000000,1.1830600000,441.47000000000,"Radial Velocity",2003
"TOI-1203.01",2.91800000,0.26032697,7.39000000,0.1632000000,25.50267200000,"Transit",2021
"HD 102272 b",,,1570.08020000,0.5100000000,127.58000000000,"Radial Velocity",2008
"HD 66428 b",,,3478.94974302,3.3950000000,2269.81726000000,"Radial Velocity",2005
"WASP-26 b",13.56289000,1.21000000,270.15550000,,2.75660000000,"Transit",2010
"Kepler-1578 b",1.04000000,0.09278259,,,1.45088690700,"Transit",2016
"Kepler-1756 b",1.47199944,0.13132322,,,2.35575008400,"Transit",2021
"HAT-P-7 b",16.92559000,1.51000000,584.80720000,,2.20474000000,"Transit",2008
"Kepler-960 b",2.29000000,0.20430012,,,3.12686223000,"Transit",2016
"OGLE-2017-BLG-1140L b",,,505.00000000,1.0200000000,,"Microlensing",2018
"Kepler-114 d",2.53000000,0.22600000,3.90000000,,11.77600000000,"Transit",2013
"OGLE-2019-BLG-0954L b",,,4513.16337940,2.6500000000,,"Microlensing",2021
"HD 235088 b",1.98200000,0.17682250,4.15000000,0.0706000000,7.43413250000,"Transit",2023
"HD 35843 b",,,5.84000000,0.0880000000,9.89910000000,"Radial Velocity",2025
"Kepler-57 b",3.13500000,0.27968645,25.06000000,,5.72000000000,"Transit",2012
"HD 240237 b",,,5050.31870000,1.9200000000,745.70001000000,"Radial Velocity",2011
"Kepler-242 c",2.00000000,0.17800000,,0.1090000000,14.49648100000,"Transit",2014
"Kepler-321 b",1.77000000,0.15800000,,0.0570000000,4.91537900000,"Transit",2014
"Kepler-1063 b",1.49000000,0.13292890,,,14.07971466000,"Transit",2016
"Kepler-1407 b",2.25000000,0.20073156,,,20.07115040000,"Transit",2016
"HD 113538 b",,,114.41000000,1.2400000000,663.20000000000,"Radial Velocity",2010
"OGLE-2019-BLG-0468L c",,,3248.20631954,2.7700000000,,"Microlensing",2022
"GJ 273 b",,,2.89000000,0.0911010000,18.64980000000,"Radial Velocity",2017
"TOI-1294 c",,,147.00000000,0.6100000000,159.90000000000,"Radial Velocity",2024
"TOI-640 b",19.27944680,1.72000000,181.16219199,,5.00377700000,"Transit",2021
"Kepler-603 d",1.32000000,0.11776251,,,6.21712920000,"Transit",2016
"GJ 625 b",,,2.82000000,0.0783610000,14.62800000000,"Radial Velocity",2017
"TOI-3160 A b",13.76462830,1.22800000,378.21580433,0.0505000000,3.97128100000,"Transit",2025
"TOI-620 b",3.76000000,0.33544531,,0.0482500000,5.09881790000,"Transit",2022
"K2-368 d",1.94800000,0.17378922,,,20.20108500000,"Transit",2022
"Kepler-910 b",0.82000000,0.07315550,,,2.36436901500,"Transit",2016
"Kepler-1837 b",2.06673842,0.18438237,,,5.90608978300,"Transit",2021
"CoRoT-23 b",11.77000000,1.05000000,889.90000000,0.0480000000,3.63130000000,"Transit",2011
"HD 34445 f",,,37.90000000,1.5430000000,676.80000000000,"Radial Velocity",2017
"TOI-808 b",2.20344362,0.19657841,,,9.73944854026,"Transit",2026
"CoRoT-22 b",4.88000000,0.43500000,12.20000000,0.0920000000,9.75598000000,"Transit",2014
"HIP 65 A b",22.75427000,2.03000000,1021.18779000,0.0178200000,0.98097340000,"Transit",2020
"HD 28471 c",,,5.72000000,0.0650000000,6.12450000000,"Radial Velocity",2025
"Kepler-1091 b",1.46000000,0.13025248,,,1.43474156400,"Transit",2016
"K2-101 b",2.00000000,0.17842836,,0.1124000000,14.67624290000,"Transit",2016
"HATS-70 b",15.51325600,1.38400000,4100.00700000,0.0363200000,1.88823780000,"Transit",2019
"Kepler-355 c",2.71000000,0.24200000,,0.1790000000,25.76229400000,"Transit",2014
"TOI-1873 b",2.86356397,0.25547051,,,7.00572708834,"Transit",2026
"TOI-1478 b",11.99360935,1.07000000,279.68899816,0.0818000000,10.18021170000,"Transit",2021
"Kepler-295 b",1.22000000,0.10900000,,0.0990000000,12.64516400000,"Transit",2014
"Kepler-1173 b",0.89000000,0.07940048,,,0.76985360000,"Transit",2016
"Kepler-796 b",1.30000000,0.11597823,,,6.40087618000,"Transit",2016
"Kepler-1667 b",2.98385261,0.26620150,,,83.57810000000,"Transit",2020
"TOI-6086 b",1.18000000,0.10527273,,0.0154100000,1.38887250000,"Transit",2024
"Kepler-148 c",3.60000000,0.32100000,,0.0500000000,4.18004300000,"Transit",2014
"Barnard c",,,0.33500000,0.0274000000,4.12440000000,"Radial Velocity",2025
"Kepler-682 b",7.37000000,0.65750736,,,12.61190667200,"Transit",2016
"TOI-4898 b",3.71979540,0.33185849,,,2.76520470167,"Transit",2026
"HD 206893 c",,,3527.89531770,3.7400000000,2290.00000000000,"Imaging",2022
"TOI-2093 b",,,10.60000000,0.0970000000,12.83600000000,"Radial Velocity",2025
"KOI-55 c",0.86700000,0.07730000,0.65500000,0.0076000000,0.34288700000,"Orbital Brightness Modulation",2011
"TrES-2 b",15.24424000,1.36000000,473.56670000,,2.47063000000,"Transit",2006
"Kepler-588 b",2.63000000,0.23463288,,,4.22162535700,"Transit",2016
"HAT-P-68 b",12.01604800,1.07200000,230.10892000,0.0299600000,2.29840551000,"Transit",2020
"KOBE-1 b",,,8.80000000,0.0700600000,8.53990000000,"Radial Velocity",2025
"Kepler-553 c",11.57887706,1.03300000,2129.45032690,0.8980000000,328.24017000000,"Transit",2016
"Kepler-84 b",2.23000000,0.19900000,,,8.72600000000,"Transit",2012
"Kepler-350 b",1.85000000,0.16500000,,0.1040000000,11.18956200000,"Transit",2014
"Kepler-1352 b",0.89000000,0.07940048,,,1.87788274800,"Transit",2016
"HD 20781 c",,,5.33000000,0.1004000000,13.89050000000,"Radial Velocity",2019
"Kepler-1584 b",1.61000000,0.14363458,,,13.39970990000,"Transit",2016
"Kepler-335 b",3.39000000,0.30200000,,0.0750000000,6.56233100000,"Transit",2014
"Kepler-129 b",2.40000000,0.21411403,20.00000000,0.1300000000,15.79000000000,"Transit",2014
"Kepler-1556 b",1.96000000,0.17485949,,,8.82713457000,"Transit",2016
"TOI-1199 b",10.51402390,0.93800000,75.96098927,0.0498800000,3.67146300000,"Transit",2024
"WASP-53 b",12.03846600,1.07400000,677.61356000,0.0410100000,3.30984430000,"Transit",2017
"Kepler-1300 b",1.37000000,0.12222321,,,22.24190920000,"Transit",2016
"Kepler-381 c",1.12000000,0.10000000,,0.1170000000,13.39163500000,"Transit",2014
"TOI-5486 b",3.96824928,0.35402410,,,2.02470073205,"Transit",2026
"Kepler-65 c",2.58000000,0.23000000,,0.0680000000,5.85994400000,"Transit",2012
"Kepler-1623 b",1.31000000,0.11687037,,,4.36128348000,"Transit",2016
"Kepler-1120 b",1.38000000,0.12311535,,,2.94902905200,"Transit",2016
"HIP 54373 c",,,12.44000000,0.0990000000,15.14400000000,"Radial Velocity",2019
"TOI-1467 b",1.92000000,0.17129122,,0.0507480000,5.97114713000,"Transit",2024
"K2-7 b",4.03523305,0.36000000,,0.1867000000,28.67810000000,"Transit",2015
"Kepler-1510 b",3.36000000,0.29975912,,,84.70392100000,"Transit",2016
"GJ 3998 b",,,2.50000000,0.0300000000,2.65033000000,"Radial Velocity",2016
"Kepler-619 d",4.17000000,0.37202312,,0.1021000000,11.67894236000,"Transit",2023
"K2-161 b",6.11721229,0.54574113,,,9.28318800000,"Transit",2018
"TOI-2257 b",2.19400000,0.19573591,,0.1450000000,35.18934600000,"Transit",2021
"Kepler-179 b",1.64000000,0.14600000,,0.0360000000,2.73592600000,"Transit",2014
"TOI-2545 b",2.75000000,0.24533899,,,7.99403700000,"Transit",2022
"Kepler-233 b",2.43000000,0.21700000,,0.0770000000,8.47238200000,"Transit",2014
"Kepler-1041 b",2.94000000,0.26228923,,,24.75764210000,"Transit",2016
"Kepler-1738 b",2.82472883,0.25200586,,,7.67463016500,"Transit",2021
"K2-251 b",2.35000000,0.20965296,,0.0694000000,9.30075000000,"Transit",2018
"Kepler-1948 b",1.03283226,0.09214328,,,15.57129955000,"Transit",2021
"Kepler-26 c",2.72000000,0.24266215,6.20000000,,17.25590000000,"Transit",2011
"TOI-1803 b",2.99000000,0.26675039,10.32000000,0.0600000000,6.29328700000,"Transit",2025
"Kepler-887 c",1.13000000,0.10081185,,,7.63846023000,"Transit",2016
"Kepler-750 b",3.07000000,0.27388706,,,9.42887179000,"Transit",2016
"Kepler-146 b",3.71000000,0.33100000,,0.2000000000,31.15879900000,"Transit",2014
"Kepler-675 b",2.44000000,0.21768222,,,2.33743801000,"Transit",2016
"HD 68988 c",,,4767.42610500,13.2000000000,16000.00000000000,"Radial Velocity",2021
"Kepler-1082 b",1.12000000,0.09991971,,,1.54320660400,"Transit",2016
"WASP-8 c",,,3003.37000000,5.2800000000,4323.00000000000,"Radial Velocity",2013
"Kepler-288 d",2.67000000,0.23800000,,0.2870000000,56.63374200000,"Transit",2014
"OGLE-2012-BLG-0724L b",,,150.00000000,1.6000000000,,"Microlensing",2016
"Kepler-1251 b",1.84000000,0.16415380,,,45.09046430000,"Transit",2016
"KMT-2023-BLG-0466L b",,,1032.94232275,2.6800000000,,"Microlensing",2026
"TOI-544 b",2.01800000,0.18003421,2.89000000,0.0225000000,1.54835200000,"Transit",2022
"Kepler-1390 b",1.18000000,0.10527255,,,6.48021673000,"Transit",2016
"Kepler-128 b",1.42100000,0.12677335,3.79000000,,15.00000000000,"Transit",2013
"HIP 79431 b",,,667.41500000,0.3600000000,111.70000000000,"Radial Velocity",2009
"Kepler-512 b",2.69000000,0.23998573,,,34.43587975000,"Transit",2016
"Kepler-358 c",2.85000000,0.25400000,,0.3810000000,83.48836900000,"Transit",2014
"TOI-3135 b",13.65253849,1.21800000,327.36325921,0.0475600000,3.70655850000,"Transit",2025
"K2-127 b",8.37000000,0.74672138,,0.0411000000,3.58816300000,"Transit",2017
"Kepler-151 b",3.06000000,0.27300000,,0.1160000000,15.22895800000,"Transit",2014
"Kepler-236 b",1.57000000,0.14000000,,0.0650000000,8.29561100000,"Transit",2014
"Kepler-976 b",3.96000000,0.35328754,,,105.95641480000,"Transit",2016
"HD 156098 b",,,15.89142035,0.1670000000,21.85849000000,"Radial Velocity",2022
"HD 159243 b",,,359.13000000,0.1100000000,12.62000000000,"Radial Velocity",2013
"HD 106252 b",,,3178.28407000,2.6550000000,1535.00000000000,"Radial Velocity",2002
"Kepler-408 b",0.82000000,0.07300000,5.00000000,,2.46502000000,"Transit",2014
"Kepler-1401 b",1.68000000,0.14987956,,,11.20066445000,"Transit",2016
"HD 60532 b",,,336.89980000,0.7700000000,201.90000000000,"Radial Velocity",2008
"Kepler-1184 b",2.68000000,0.23909359,,,53.59910440000,"Transit",2016
"HD 107148 b",,,66.74100000,0.2690000000,48.05600000000,"Radial Velocity",2005
"Kepler-350 d",2.80000000,0.25000000,14.90000000,,26.13600000000,"Transit",2013
"K2-269 b",1.57000000,0.14006602,,0.0531000000,4.14496500000,"Transit",2018
"GJ 163 c",,,6.80000000,0.1254000000,25.63058000000,"Radial Velocity",2013
"HAT-P-16 b",14.68376472,1.31000000,,,,"Transit",2010
"K2-375 b",2.24300000,0.20010740,,,14.45389500000,"Transit",2022
"Kepler-1961 b",1.61878080,0.14441820,,,5.60471010200,"Transit",2021
"Kepler-278 c",3.26800000,0.29155193,34.90000000,0.2870000000,51.11100000000,"Transit",2014
"Kepler-1492 b",1.49000000,0.13292890,,,16.75255007000,"Transit",2016
"K2-279 b",1.21000000,0.10794897,,0.0670000000,7.12260500000,"Transit",2018
"HD 9174 b",,,352.79130000,2.2000000000,1179.00000000000,"Radial Velocity",2016
"AB Aur b",,,2860.45566300,93.9000000000,,"Imaging",2022
"TOI-1723 b",3.43500000,0.30645070,,0.1134960000,13.72701264300,"Transit",2024
"Kepler-705 b",2.11000000,0.18824159,,,56.05605380000,"Transit",2016
"K2-13 b",1.89000000,0.16861451,,0.2114000000,39.91488000000,"Transit",2015
"Kepler-81 d",1.21000000,0.10800000,,0.1280000000,20.83784600000,"Transit",2014
"TOI-4559 b",1.41500000,0.12623806,,0.0359000000,3.96599100000,"Transit",2024
"CD Cet b",,,3.95000000,0.0185000000,2.29070000000,"Radial Velocity",2020
"HD 26161 b",,,9045.39646322,10.0870000000,10942.29013000000,"Radial Velocity",2021
"Kepler-1311 b",1.24000000,0.11062539,,,11.17269940000,"Transit",2016
"K2-166 b",2.19000000,0.19537871,,0.0858000000,8.52695000000,"Transit",2018
"TOI-782 b",2.73400000,0.24391156,19.10000000,0.0578000000,8.02400150000,"Transit",2024
"Kepler-768 b",1.79000000,0.15969310,,,11.39100250000,"Transit",2016
"Kepler-1313 b",1.76000000,0.15701668,,,3.83309117800,"Transit",2016
"BD+42 2315 b",,,174.80562385,0.5400000000,123.05000000000,"Radial Velocity",2023
"Kepler-1784 b",2.79936489,0.24974304,,,13.59049988000,"Transit",2021
"Kepler-1855 b",1.21620500,0.10850273,,,0.72733098300,"Transit",2021
"Kepler-270 c",1.77000000,0.15800000,,0.1800000000,25.26288700000,"Transit",2014
"Kepler-211 b",1.26000000,0.11200000,,0.0480000000,4.13857500000,"Transit",2014
"K2-242 b",2.54000000,0.22660362,,0.0494000000,6.51389000000,"Transit",2018
"GJ 2126 b",,,413.17692910,0.7100000000,272.70000000000,"Radial Velocity",2025
"WASP-8 b",12.66617000,1.13000000,807.28820000,,8.15872000000,"Transit",2010
"TOI-4529 b",1.77000000,0.15790910,4.90000000,,5.87957700000,"Transit",2026
"Kepler-1869 c",0.74000000,0.06601849,,0.0280000000,1.71682830400,"Transit",2023
"Kepler-295 d",1.36000000,0.12100000,,0.1920000000,33.88405400000,"Transit",2014
"Kepler-217 c",1.85000000,0.16500000,,0.0890000000,8.58600400000,"Transit",2014
"Kepler-194 b",1.51000000,0.13500000,,0.0320000000,2.09228100000,"Transit",2014
"HD 4732 c",,,1069.49258955,4.7250000000,3184.20000000000,"Radial Velocity",2012
"TOI-1722 b",4.38298108,0.39102405,,,9.60523206943,"Transit",2026
"Kepler-1343 b",1.93000000,0.17218307,,,3.35183158000,"Transit",2016
"Kepler-529 c",2.00000000,0.17842805,,,12.83450220000,"Transit",2016
"HATS-12 b",7.76000000,0.69230083,,0.0441000000,3.14270200000,"Transit",2016
"Kepler-297 d",32.60000000,2.90838220,,0.5230000000,150.01895110000,"Transit",2023
"HD 203030 b",14.45958510,1.29000000,3496.11247700,,,"Imaging",2006
"KMT-2022-BLG-2286L b",,,6038.73973300,2.0200000000,,"Microlensing",2024
"Kepler-569 b",3.16000000,0.28191632,,,34.18890521000,"Transit",2016
"Kepler-1728 b",2.95501875,0.26362957,,,4.78299999200,"Transit",2021
"K2-201 b",1.40006712,0.12490562,,,1.05979000000,"Transit",2018
"HIP 39330 b",,,530.77343969,5.0500000000,4650.00000000000,"Radial Velocity",2026
"Kepler-342 c",1.96000000,0.17500000,,0.1850000000,26.23413800000,"Transit",2014
"HD 133131 B b",,,794.57500000,6.1500000000,5769.00000000000,"Radial Velocity",2016
"HD 114386 b",,,362.32620000,1.7300000000,937.70001000000,"Radial Velocity",2003
"TOI-6029 b",14.39233122,1.28400000,519.64944544,,5.79870000000,"Transit",2024
"TOI-6695 c",,,460.85119015,0.8380000000,242.40000000000,"Radial Velocity",2025
"Kepler-1532 b",1.35000000,0.12043893,,,1.09366355900,"Transit",2016
"Kepler-1485 b",1.47000000,0.13114462,,,19.91577250000,"Transit",2016
"EPIC 201841433 b",1.04000000,0.09278259,,0.0350000000,4.16980000000,"Transit",2019
"Kepler-1787 b",2.31898181,0.20688606,,,39.31370163000,"Transit",2021
"Kepler-1878 b",2.92019781,0.26052305,,,4.44587993600,"Transit",2021
"KOI-351 h",,,203.00000000,,331.60296000000,"Transit",2013
"HD 158259 d",,,5.41000000,,5.19808140000,"Radial Velocity",2020
"Kepler-1002 b",1.71000000,0.15255598,,,4.33642933100,"Transit",2016
"HIP 14810 d",,,187.51970000,1.9400000000,981.80000000000,"Radial Velocity",2009
"HD 28185 c",,,1906.97044200,8.5000000000,9090.00000000000,"Radial Velocity",2022
"HD 187123 c",,,632.46000000,4.8900000000,3810.00000000000,"Radial Velocity",2008
"Kepler-446 d",1.35000000,0.12000000,,,5.14892100000,"Transit",2015
"Kepler-1071 b",2.38000000,0.21232938,,,6.17998440000,"Transit",2016
"Kepler-410 A b",2.83800000,0.25300000,,0.1226000000,17.83364800000,"Transit",2013
"Kepler-200 c",1.59000000,0.14200000,,0.0900000000,10.22215700000,"Transit",2014
"TOI-1437 b",2.24000000,0.19983976,9.60000000,0.1400000000,18.84094200000,"Transit",2024
"2MASS J22501512+2325342 b",,,9534.85221000,518.0000000000,,"Imaging",2018
"Kepler-133 b",1.76000000,0.15700000,,0.0830000000,8.12997600000,"Transit",2014
"TOI-4638.01",2.93300000,0.26166518,,0.0930130000,10.28391878700,"Transit",2024
"HD 48948 d",,,10.59000000,0.4894000000,151.92000000000,"Radial Velocity",2024
"Kepler-401 b",1.71000000,0.15300000,,0.1220000000,14.38303500000,"Transit",2014
"Kepler-703 b",8.20000000,0.73155500,,,4.58352175600,"Transit",2016
"Kepler-723 b",12.19000000,1.08751896,,,4.08227506800,"Transit",2016
"HD 207832 b",,,177.98480000,0.5860000000,160.07000000000,"Radial Velocity",2012
"K2-221 b",1.67890272,0.14978167,,,2.39909400000,"Transit",2018
"Kepler-297 b",2.87000000,0.25600000,,0.2170000000,38.87182600000,"Transit",2014
"Kepler-154 e",1.50000000,0.13382104,,,3.93276465000,"Transit",2016
"Kepler-616 c",3.41000000,0.30421982,,,90.41135560000,"Transit",2016
"DMPP-3 A b",,,2.67000000,0.0595800000,5.59000000000,"Radial Velocity",2019
"Kepler-263 c",2.47000000,0.22000000,,0.2420000000,47.33277300000,"Transit",2014
"Kepler-613 b",2.29000000,0.20430012,,,15.77979614000,"Transit",2016
"Kepler-58 e",1.61000000,0.14363483,,0.0533000000,4.45814897000,"Transit",2023
"K2-405 b",4.56900000,0.40761958,,,3.43547100000,"Transit",2022
"HD 86065 b",,,2877.30056857,15.9470000000,25775.78859000000,"Radial Velocity",2022
"HD 72659 b",,,906.12878836,4.6070000000,3549.00000000000,"Radial Velocity",2002
"Kepler-535 b",2.36000000,0.21054510,,,4.90332155100,"Transit",2016
"CoRoT-35 b",18.83108758,1.68000000,349.61124770,0.0429000000,3.22748000000,"Transit",2022
"K2-154 b",1.99000000,0.17753591,,0.0405000000,3.67626000000,"Transit",2018
"Kepler-1337 b",2.41000000,0.21500580,,,24.40025490000,"Transit",2016
"K2-392 b",1.85000000,0.16504623,,,15.39872300000,"Transit",2022
"gam Cep b",,,2097.66748620,,913.00000000000,"Radial Velocity",2003
"TOI-5350 b",12.41955062,1.10800000,2094.48920213,0.0796000000,7.58136700000,"Transit",2025
"Kepler-677 b",5.38000000,0.47997145,,,6.57531678000,"Transit",2016
"Kepler-135 b",1.81000000,0.16100000,,0.0670000000,6.00253000000,"Transit",2014
"K2-60 b",7.65574700,0.68300000,135.39558000,0.0450000000,3.00265000000,"Transit",2016
"Kepler-870 b",2.78000000,0.24801499,,,21.35876210000,"Transit",2016
"HD 149143 b",,,422.71390000,0.0530000000,4.07182000000,"Radial Velocity",2005
"HD 132406 b",,,1887.90073758,,908.00000000000,"Radial Velocity",2007
"TIC 183374187 b",14.03364384,1.25200000,177.98390792,,5.05907000000,"Transit",2026
"Kepler-1760 b",2.28995546,0.20429649,,,38.32609940000,"Transit",2021
"TOI-530 b",9.30345398,0.83000000,127.13136280,0.0520000000,6.38759700000,"Transit",2021
"K2-81 b",1.97000000,0.17575163,,0.0590000000,6.10232500000,"Transit",2016
"Kepler-1949 b",2.21964541,0.19802384,,,2.20828008700,"Transit",2021
"TOI-1203 e",,,42.10000000,,204.59000000000,"Radial Velocity",2025
"Kepler-250 c",2.28000000,0.20300000,,0.0690000000,7.15680400000,"Transit",2014
"K2-72 b",1.08000000,0.09635115,,0.0400000000,5.57721200000,"Transit",2016
"HD 106515 A b",,,6006.95689230,4.4800000000,3626.00000000000,"Radial Velocity",2012
"bet Pic b",,,2765.10714090,10.0700000000,8682.00000000000,"Imaging",2008
"TOI-757 b",2.50000000,0.22303545,10.50000000,0.1220000000,17.46819000000,"Transit",2024
"Kepler-130 c",2.90000000,0.25900000,,0.1780000000,27.50868000000,"Transit",2014
"Kepler-880 c",2.87000000,0.25604469,,0.1216000000,11.80617370000,"Transit",2023
"Kepler-306 c",2.35000000,0.21000000,,0.0670000000,7.24019300000,"Transit",2014
"Kepler-1907 c",1.15547044,0.10308435,,,14.86390018000,"Transit",2021
"Kepler-1273 b",2.49000000,0.22214292,,,28.62565300000,"Transit",2016
"Kepler-883 b",1.78000000,0.15880096,,,12.98495573000,"Transit",2016
"TOI-1768.01",3.45300000,0.30805656,,0.0763810000,7.33770364900,"Transit",2024
"Kepler-1119 b",1.92000000,0.17129093,,,8.32651530000,"Transit",2016
"TIC 32032563 b",3.47739942,0.31023333,,,13.83460487791,"Transit",2026
"Kepler-1001 b",3.15000000,0.28102418,,,14.30511983000,"Transit",2016
"KMT-2024-BLG-2005L b",,,50.85254512,1.1200000000,,"Microlensing",2026
"Kepler-186 b",1.07000000,0.09500000,,0.0343000000,3.88679070000,"Transit",2014
"Kepler-108 b",8.65000000,0.77200000,,0.2920000000,49.18392100000,"Transit",2014
"Kepler-810 b",1.93000000,0.17218307,,,4.59725385000,"Transit",2016
"Kepler-847 b",1.18000000,0.10527255,,,2.34323189500,"Transit",2016
"K2-195 b",3.13000000,0.27923990,,0.1208000000,15.85297500000,"Transit",2018
"Kepler-1641 c",2.95000000,0.26318137,,,32.65721200000,"Transit",2016
"Kepler-1926 b",2.31495961,0.20652722,,,42.87770081000,"Transit",2021
"Kepler-377 b",1.39000000,0.12400000,,0.1090000000,12.50952900000,"Transit",2014
"HD 33142 c",,,282.86728223,1.9550000000,810.20000000000,"Radial Velocity",2016
"HD 134060 c",,,29.29000000,2.3928000000,1291.56460000000,"Radial Velocity",2019
"GJ 3293 b",,,23.54000000,0.1433900000,30.59870000000,"Radial Velocity",2015
"Kepler-758 d",2.12000000,0.18913373,,,20.49661970000,"Transit",2016
"HD 134606 c",,,11.31000000,0.3007000000,58.88300000000,"Radial Velocity",2024
"Kepler-672 b",2.50000000,0.22303506,,,38.37746230000,"Transit",2016
"Kepler-52 d",1.95000000,0.17400000,,0.1820000000,36.44517100000,"Transit",2014
"Kepler-1541 b",1.16000000,0.10348827,,,8.40691199000,"Transit",2016
"Kepler-1987 b",1.23000000,0.10973344,,0.0318000000,2.34586300200,"Transit",2023
"Kepler-221 d",2.73000000,0.24400000,,0.0870000000,10.04156000000,"Transit",2014
"HD 166724 b",,,1121.89000000,5.4200000000,5144.00000000000,"Radial Velocity",2012
"Kepler-18 d",6.98000000,0.62300000,16.40000000,0.1172000000,14.85888000000,"Transit",2011
"HD 160691 c",,,1398.44499080,,3947.00000000000,"Radial Velocity",2004
"Kepler-211 c",1.29000000,0.11500000,,0.0620000000,6.04045000000,"Transit",2014
"Kepler-22 b",2.10000000,0.18734977,9.10000000,0.8120000000,289.86387600000,"Transit",2011
"HD 108874 b",,,451.31860000,1.0400000000,394.48123000000,"Radial Velocity",2002
"Kepler-244 d",2.31000000,0.20600000,,0.1400000000,20.05040100000,"Transit",2014
"K2-53 b",2.60000000,0.23195646,,0.0980000000,12.20772000000,"Transit",2016
"Kepler-1473 b",1.19000000,0.10616469,,,14.42735510000,"Transit",2016
"KIC 3526061 b",,,5768.58558705,5.1400000000,3552.00000000000,"Radial Velocity",2022
"Kepler-662 b",2.18000000,0.19448657,,,21.67697486000,"Transit",2016
"Kepler-1149 b",1.44000000,0.12846820,,,3.73089898000,"Transit",2016
"KPS-1 b",11.54527000,1.03000000,346.43470000,0.0269000000,1.70629100000,"Transit",2018
"Kepler-507 b",1.30000000,0.11597823,,,3.56809692600,"Transit",2016
"Kepler-1854 b",2.58746104,0.23083821,,,39.83110046000,"Transit",2021
"GJ 687 c",,,16.00000000,1.1650000000,727.56200000000,"Radial Velocity",2020
"Kepler-1088 b",1.42000000,0.12668391,,,23.12748644000,"Transit",2016
"GJ 876 b",,,723.22350000,0.2083170000,61.11660000000,"Radial Velocity",1998
"Kepler-1651 b",1.84000000,0.16415380,,,9.87863917000,"Transit",2017
"Kepler-1134 b",2.64000000,0.23552502,,,17.13263989000,"Transit",2016
"Kepler-1502 b",3.18000000,0.28370060,,,41.70836290000,"Transit",2016
"GJ 3378 b",,,2.30000000,0.0967300000,21.45000000000,"Radial Velocity",2026
"NGC 2682 Sand 1429 b",,,572.09113260,0.3840000000,77.48000000000,"Radial Velocity",2024
"K2-170 b",1.41817537,0.12652113,,,7.57654400000,"Transit",2018
"Kepler-1582 b",1.49000000,0.13292890,,,4.83817712000,"Transit",2016
"WASP-120 b",15.58048317,1.39000000,,,,"Transit",2016
"TOI-1224 c",2.88400000,0.25729369,,,17.94546600000,"Transit",2024
"Kepler-318 c",3.68000000,0.32800000,,0.1050000000,11.81500700000,"Transit",2014
"Kepler-1424 b",1.16000000,0.10348827,,,29.60917440000,"Transit",2016
"Kepler-1811 b",3.84829873,0.34332281,,,76.42230225000,"Transit",2021
"TOI-5301 b",13.09208946,1.16800000,1182.32167404,0.0730000000,5.85885800000,"Transit",2024
"HD 176986 c",,,9.75000000,0.1187300000,16.81240000000,"Radial Velocity",2017
"Kepler-32 d",2.70000000,0.24087787,,0.1300000000,22.78020000000,"Transit",2012
"HIP 91258 b",,,346.43470000,0.0600000000,5.05050000000,"Radial Velocity",2013
"KOI-12 b",13.78707000,1.23000000,349.61300000,0.1540000000,17.85518200000,"Transit",2015
"WASP-150 b",11.99363000,1.07000000,2688.84180000,0.0694000000,5.64420700000,"Transit",2020
"TOI-4633 c",3.20000000,0.28548537,123.00000000,0.8470000000,271.94450000000,"Transit",2024
"Kepler-196 b",1.90000000,0.17000000,,0.1380000000,20.73988600000,"Transit",2014
"EPIC 228836835 b",1.10000000,0.09813560,,,0.72811300000,"Transit",2021
"Kepler-1429 b",1.29000000,0.11508609,,,4.48487493000,"Transit",2016
"K2-146 b",2.05000000,0.18288875,5.77000000,,2.64460000000,"Transit",2018
"bet Pic c",,,2765.10714090,2.7000000000,1202.00000000000,"Radial Velocity",2019
"HD 219139 b",,,247.90615746,0.9400000000,275.50000000000,"Radial Velocity",2021
"PDS 70 b",21.96960217,1.96000000,1017.05090240,20.8000000000,,"Imaging",2018
"TOI-169 b",12.17297400,1.08600000,251.40353000,0.0352400000,2.25544770000,"Transit",2020
"Kepler-534 b",2.24000000,0.19983941,,,15.95994513000,"Transit",2016
"Kepler-385 d",2.61864480,0.23361984,,,56.41590000000,"Transit",2020
"HD 2039 b",,,1999.15070000,2.2000000000,1120.00000000000,"Radial Velocity",2002
"Kepler-184 c",1.97000000,0.17600000,,0.1410000000,20.30300500000,"Transit",2014
"Kepler-176 b",1.43000000,0.12800000,,0.0580000000,5.43307400000,"Transit",2014
"HD 95544 b",,,1913.64483855,3.1660000000,2041.54152000000,"Radial Velocity",2021
"K2-100 b",3.88000000,0.34615101,21.80000000,0.0301000000,1.67390350000,"Transit",2016
"KMT-2019-BLG-1806L b",,,4.67000000,3.0200000000,,"Microlensing",2023
"Kepler-1851 b",3.90012032,0.34794603,,,12.02289963000,"Transit",2021
"K2-283 b",3.52000000,0.31403337,,0.0291000000,1.92103600000,"Transit",2018
"K2-54 b",2.61169250,0.23300000,,0.0761000000,9.78330000000,"Transit",2016
"Kepler-1216 b",1.39000000,0.12400749,,,4.37034536000,"Transit",2016
"Kepler-1861 b",2.20677414,0.19687554,,,40.03060150000,"Transit",2021
"Kepler-313 c",2.57000000,0.22900000,,0.2080000000,32.27327300000,"Transit",2014
"Kepler-1570 b",1.07000000,0.09545901,,,26.54895500000,"Transit",2016
"Kepler-959 b",4.38000000,0.39075743,,,14.80074836000,"Transit",2016
"tau Cet h",,,1.83000000,0.2430000000,49.41000000000,"Radial Velocity",2017
"Kepler-887 b",1.84000000,0.16415380,,,20.42228798000,"Transit",2016
"HD 99492 b",,,25.50000000,,17.05030000000,"Radial Velocity",2004
"KMT-2019-BLG-0253L b",,,9.20000000,3.1000000000,,"Microlensing",2022
"Kepler-1462 b",3.82000000,0.34079757,,,65.64883410000,"Transit",2016
"TOI-6628 b",10.98480109,0.98000000,235.19302118,0.1340000000,18.18424000000,"Transit",2025
"Kepler-643 b",10.16000000,0.90641449,,,16.33889626000,"Transit",2016
"Kepler-1256 b",1.49000000,0.13292890,,,12.41277540000,"Transit",2016
"K2-202 b",2.30165603,0.20534000,,,3.40516400000,"Transit",2018
"XO-3 b",14.79585452,1.32000000,4217.58296089,0.0481500000,3.19152309000,"Transit",2007
"Kepler-34 b",8.56400000,0.76400000,69.92000000,1.0896000000,288.82200000000,"Transit",2011
"MOA-2013-BLG-220L b",,,871.00000000,3.0300000000,,"Microlensing",2014
"TOI-1756 b",1.94225664,0.17327683,,,2.78301736297,"Transit",2026
"K2-139 b",9.11000000,0.81273976,,0.1796000000,28.38061900000,"Transit",2017
"Kepler-1393 b",0.80000000,0.07137122,,,2.44357812000,"Transit",2016
"Kepler-1723 b",2.88046569,0.25697838,,,39.75289917000,"Transit",2021
"Kepler-1136 b",1.64000000,0.14631100,,,2.36172432900,"Transit",2016
"EPIC 249893012 c",3.67000000,0.32741547,14.67000000,0.1300000000,15.62400000000,"Transit",2020
"UZ For c",,,2447.20000000,2.8000000000,1916.25000000000,"Eclipse Timing Variations",2011
"TOI-2193 A b",19.83989584,1.77000000,298.75870258,0.0331900000,2.12257350000,"Transit",2022
"iot Dra c",,,4958.12314920,19.4000000000,25000.00000000000,"Radial Velocity",2021
"CoRoT-26 b",14.12000000,1.26000000,165.26000000,0.0526000000,4.20474000000,"Transit",2013
"Kepler-1365 c",0.80000000,0.07137122,,,4.77468005000,"Transit",2016
"TOI-715 b",1.55000000,0.13828198,,0.0830000000,19.28800400000,"Transit",2023
"TOI-1266 d",,,3.68000000,0.1513000000,32.50900000000,"Transit Timing Variations",2025
"TOI-5938 b",3.82000000,0.34079816,,0.0308000000,2.26042400000,"Transit",2026
"Kepler-1559 b",0.72000000,0.06423410,,,0.97191542800,"Transit",2016
"TOI-682.01",3.74186000,0.33382696,,,6.83923880000,"Transit",2021
"Wolf 1061 c",,,3.41000000,0.0890000000,17.87190000000,"Radial Velocity",2015
"HD 151450 c",,,1636.18063924,14.1310000000,18144.76236000000,"Radial Velocity",2022
"PH1 b",6.18000000,0.55100000,169.00000000,0.6520000000,138.31700000000,"Transit",2012
"TOI-7333 b",2.09469416,0.18687642,,,6.26449803661,"Transit",2026
"TOI-4641 b",8.18255591,0.73000000,1229.99593509,0.1730000000,22.09341000000,"Transit",2023
"K2-37 b",1.39000000,0.12400771,,,4.44340000000,"Transit",2016
"Kepler-1349 b",0.70000000,0.06244982,,,2.12823928000,"Transit",2016
"Kepler-1047 b",2.09000000,0.18645731,,,56.18868870000,"Transit",2016
"HD 152843 c",5.94000000,0.52993222,9.67000000,0.1482000000,19.50210400000,"Transit",2021
"Kepler-1487 c",7.97000000,0.71103700,,0.2588000000,35.80071120000,"Transit",2023
"Kepler-1749 b",1.61301783,0.14390406,,,14.53409958000,"Transit",2021
"DMPP-2 c",,,51.79000000,0.0478900000,3.16800000000,"Radial Velocity",2026
"Kepler-1310 b",1.44000000,0.12846820,,,0.67933627200,"Transit",2016
"Kepler-1350 c",1.73000000,0.15434026,,,1.76678906200,"Transit",2016
"HATS-46 b",10.12172700,0.90300000,54.98459000,0.0536700000,4.74237290000,"Transit",2018
"Kepler-1402 b",0.76000000,0.06780266,,,2.03387914000,"Transit",2016
"TYC 3318-01333-1 b",,,1086.97860000,1.4140000000,562.00000000000,"Radial Velocity",2018
"Kepler-106 c",2.50000000,0.22300000,10.44000000,,13.57080000000,"Transit",2014
"Kepler-536 b",3.10000000,0.27656348,,,1.82708229900,"Transit",2016
"Kepler-1117 b",1.11000000,0.09902757,,,4.79028459000,"Transit",2016
"HD 147873 c",,,731.00900000,1.3600000000,491.54000000000,"Radial Velocity",2016
"Kepler-1516 b",1.75000000,0.15612454,,,7.25931979000,"Transit",2016
"HIP 12961 b",,,114.41880000,0.2500000000,57.43500000000,"Radial Velocity",2010
"Kepler-997 b",1.36000000,0.12133107,,,2.70730671600,"Transit",2016
"HATS-45 b",14.41477400,1.28600000,222.48100000,0.0551100000,4.18762440000,"Transit",2018
"HATS-34 b",16.02887000,1.43000000,299.07803000,0.0316600000,2.10616070000,"Transit",2016
"NGC 2682 YBP 401 b",,,146.20180000,,4.08700000000,"Radial Velocity",2016
"Kepler-1900 b",1.62314676,0.14480770,,,2.98622989700,"Transit",2021
"TOI-712 d",2.47400000,0.22071588,,0.3405000000,84.83960000000,"Transit",2022
"Kepler-1027 b",0.89000000,0.07940048,,,1.90780519900,"Transit",2016
"Kepler-79 b",3.51000000,0.31314176,7.60000000,,13.48451000000,"Transit",2012
"HD 88986 b",2.49000000,0.22214330,17.20000000,0.5800000000,146.05000000000,"Radial Velocity",2023
"HD 103774 b",,,116.00000000,0.0700000000,5.88810000000,"Radial Velocity",2013
"Kepler-1468 d",3.33187146,0.29725017,,,19.59059906000,"Transit",2021
"HD 196067 c",,,10.40000000,,4.60108800000,"Radial Velocity",2025
"TOI-1269 c",2.22999162,0.19894687,,,9.23786144195,"Transit",2026
"Kepler-2001 c",1.82000000,0.16236980,,0.1084000000,14.09258318900,"Transit",2023
"Kepler-590 b",4.02000000,0.35864038,,,5.85296257000,"Transit",2016
"Kepler-1682 b",2.88940836,0.25777575,,,14.83340000000,"Transit",2020
"HIP 21152 b",,,7627.88176800,17.0000000000,22000.00000000000,"Imaging",2022
"TOI-122 b",2.72000000,0.24266215,,0.0392000000,5.07803000000,"Transit",2020
"Kepler-286 c",1.37000000,0.12200000,,0.0420000000,3.46809500000,"Transit",2014
"Kepler-1558 b",0.68000000,0.06066554,,,3.50470358000,"Transit",2016
"TOI-2328 b",9.97599282,0.89000000,50.85254512,0.1270000000,17.10197000000,"Transit",2025
"K2-352 d",2.23000000,0.19894762,,,14.87138700000,"Transit",2021
"Kepler-449 b",2.05600000,0.18342403,,,12.58242000000,"Transit",2015
"Kepler-1797 b",3.05774442,0.27279416,,,23.35939980000,"Transit",2021
"TOI-2202 b",10.95117414,0.97700000,287.31687993,,11.91260750000,"Transit",2021
"Kepler-1693 c",0.97698289,0.08716073,,,5.36370992700,"Transit",2021
"Kepler-224 c",3.12000000,0.27800000,,0.0580000000,5.92500300000,"Transit",2014
"Kepler-1740 b",3.32321414,0.29647782,,,8.17240047500,"Transit",2021
"Kepler-1239 b",2.90000000,0.25872067,,,5.19104016000,"Transit",2016
"TOI-5614 b",3.21759316,0.28705493,,,4.17221328949,"Transit",2026
"Kepler-634 b",1.89000000,0.16861451,,,5.16950177000,"Transit",2016
"K2-198 d",2.43800000,0.21750379,,,7.45001770000,"Transit",2019
"HD 185283 b",,,413.17692910,4.6000000000,4060.00000000000,"Radial Velocity",2023
"Kepler-275 d",3.33000000,0.29700000,,0.2240000000,35.67606200000,"Transit",2014
"Kepler-220 c",1.57000000,0.14000000,,0.0760000000,9.03419900000,"Transit",2014
"Kepler-529 d",2.79502603,0.24935595,,,35.86619949000,"Transit",2021
"Kepler-402 d",1.38000000,0.12300000,,0.0870000000,8.92109900000,"Transit",2014
"Kepler-65 b",1.42000000,0.12700000,,0.0350000000,2.15491000000,"Transit",2012
"HD 190360 b",,,537.00000000,3.9650000000,2887.50000000000,"Radial Velocity",2003
"Kepler-196 d",2.66065673,0.23736830,,,122.08000180000,"Transit",2021
"MOA-2022-BLG-249L b",,,4.83000000,1.6300000000,,"Microlensing",2023
"HD 155918 b",,,7.62788177,0.0300000000,1.87567000000,"Radial Velocity",2022
"Kepler-271 d",0.66000000,0.05888126,,,5.24972541000,"Transit",2016
"TOI-2207 b",11.15293580,0.99500000,203.41018048,0.0854000000,8.00196800000,"Transit",2022
"Kepler-919 b",2.25000000,0.20073156,,,11.04603384000,"Transit",2016
"Kepler-1937 b",3.02291330,0.26968673,,,9.68859958600,"Transit",2021
"GJ 1151 c",,,10.62000000,0.5714000000,389.70000000000,"Radial Velocity",2023
"Kepler-575 b",2.39000000,0.21322152,,,9.37891944000,"Transit",2016
"NGTS-4 b",3.18000000,0.28370060,20.60000000,0.0190000000,1.33735080000,"Transit",2019
"Kepler-431 b",0.76400000,0.06800000,,0.0719000000,6.80300000000,"Transit",2015
"CoRoT-25 b",12.11000000,1.08000000,85.81000000,0.0578000000,4.86069000000,"Transit",2013
"Kepler-1697 b",1.25954761,0.11236931,,,33.49690000000,"Transit",2020
"TOI-3856 b",13.59649359,1.21300000,171.62733978,0.0325000000,2.04360352000,"Transit",2025
"DP Leo b",,,1922.79000000,8.1900000000,10220.00000000000,"Eclipse Timing Variations",2009
"KELT-15 b",19.50366000,1.74000000,416.35730000,,3.32944000000,"Transit",2016
"HD 86950 b",,,1144.18800000,2.7200000000,1270.00000000000,"Radial Velocity",2016
"Kepler-804 c",1.14000000,0.10170399,,,9.65185017000,"Transit",2016
"K2-111 b",1.83700000,0.16388645,5.35000000,0.0565000000,5.35189630000,"Transit",2017
"Kepler-1312 c",1.02732734,0.09165216,,,1.11611998100,"Transit",2021
"WASP-41 c",,,1010.69940000,1.0700000000,421.00000000000,"Radial Velocity",2015
"Kepler-517 b",2.67000000,0.23820145,,,60.92832271000,"Transit",2016
"HD 192263 b",,,177.98480000,0.1500000000,24.35560000000,"Radial Velocity",1999
"HD 141399 e",,,209.76780000,5.0000000000,5000.00000000000,"Radial Velocity",2014
"Kepler-1336 c",1.71000000,0.15255598,,,5.77721211000,"Transit",2016
"Kepler-1163 b",1.03000000,0.09189045,,,6.11786898000,"Transit",2016
"WASP-140 b",14.23540549,1.27000000,,,,"Transit",2016
"rho CrB c",,,27.44200000,,102.03600000000,"Radial Velocity",2016
"Kepler-1460 b",1.96000000,0.17485949,,,29.96332470000,"Transit",2016
"Kepler-1751 b",1.82417378,0.16274216,,,7.01731014300,"Transit",2021
"HD 40956 b",,,858.14100000,1.4000000000,578.60000000000,"Radial Velocity",2017
"K2-83 c",1.48300000,0.13230440,,0.0713100000,9.99767000000,"Transit",2016
"HD 156846 b",,,3391.24610000,1.1200000000,359.51001000000,"Radial Velocity",2007
"K2-350 c",2.74000000,0.24444685,,,19.99194400000,"Transit",2016
"HD 23596 b",,,3786.60764100,2.6940000000,1535.11912000000,"Radial Velocity",2003
"Kepler-1128 b",3.65000000,0.32563119,,,61.61781670000,"Transit",2016
"HD 39194 d",,,5.16000000,0.1949000000,33.87400000000,"Radial Velocity",2021
"Kepler-210 c",3.62000000,0.32300000,,0.0700000000,7.97251300000,"Transit",2014
"Kepler-1415 b",1.29000000,0.11508609,,,0.63642408000,"Transit",2016
"HIP 948 b",,,6547.26518420,15.0370000000,24955.45756000000,"Radial Velocity",2022
"HD 108236 c",2.07100000,0.18476224,,0.0620000000,6.20344900000,"Transit",2020
"HD 114783 c",,,603.87397330,5.0000000000,4352.00000000000,"Radial Velocity",2016
"LHS 1903 b",1.38200000,0.12329399,3.28000000,0.0265600000,2.15550980000,"Transit",2026
"HD 154345 b",,,376.94449070,4.1580000000,3280.00000000000,"Radial Velocity",2006
"HD 34445 e",,,16.80000000,0.2687000000,49.17500000000,"Radial Velocity",2017
"K2-65 b",1.58000000,0.14095816,,0.1014000000,12.64750000000,"Transit",2016
"HAT-P-2 b",,,2739.69460000,0.0681400000,5.63351580000,"Transit",2007
"HD 39194 b",,,4.62000000,0.0589500000,5.63692000000,"Radial Velocity",2021
"Kepler-272 b",1.43000000,0.12800000,,0.0380000000,2.97135300000,"Transit",2014
"K2-367 b",2.41300000,0.21527381,,,20.64509900000,"Transit",2022
"Kepler-855 b",8.35000000,0.74493710,,,7.88663110400,"Transit",2016
"HD 105618 c",,,8419.59232984,35.7310000000,77114.07158000000,"Radial Velocity",2022
"OGLE-2017-BLG-1691L b",,,14.62010672,2.4100000000,,"Microlensing",2022
"K2-398 b",2.27400000,0.20287304,,,6.39302500000,"Transit",2022
"K2-148 d",1.64000000,0.14631100,,0.0774000000,9.75790000000,"Transit",2018
"Kepler-376 b",1.07000000,0.09500000,,0.0570000000,4.92019900000,"Transit",2014
"HD 40307 f",,,5.20000000,0.2470000000,51.76000000000,"Radial Velocity",2013
"HD 74698 b",,,23.00000000,0.1210000000,15.01700000000,"Radial Velocity",2023
"Kepler-815 b",4.11000000,0.36666964,,,8.57503552000,"Transit",2016
"TOI-5688 A b",10.30000000,0.92000000,124.00000000,0.0337900000,2.94815527000,"Transit",2024
"Kepler-806 b",1.14000000,0.10170399,,,8.09219642000,"Transit",2016
"Kepler-943 b",5.93000000,0.52903916,,,49.77014380000,"Transit",2016
"TOI-3807 b",18.49481816,1.65000000,330.54154328,0.0421000000,2.89897270000,"Transit",2023
"TOI-1518 b",21.05046575,1.87800000,581.62598481,0.0371200000,1.90261131000,"Transit",2021
"Kepler-340 c",3.37000000,0.30100000,,0.1780000000,22.82466900000,"Transit",2014
"Kepler-1201 b",2.29000000,0.20430012,,,15.18725932000,"Transit",2016
"HATS-37 A b",6.79265400,0.60600000,31.46517000,0.0491300000,4.33153660000,"Transit",2020
"Kepler-250 d",2.18000000,0.19400000,,0.1270000000,17.64831200000,"Transit",2014
"K2-271 b",7.28000000,0.64947810,,0.0770000000,8.56242100000,"Transit",2018
"WISPIT 1 b",,,3305.41543280,338.0000000000,,"Imaging",2025
"Kepler-498 b",3.03000000,0.27031849,,,9.61375356000,"Transit",2016
"K2-341 b",3.21000000,0.28637751,,,36.55255100000,"Transit",2021
"K2-244 b",1.75000000,0.15612454,,0.1418000000,21.06884000000,"Transit",2018
"Kepler-1282 b",1.55000000,0.13828174,,,2.13194651300,"Transit",2016
"TOI-4578 b",2.26974262,0.20249322,,,8.62392630369,"Transit",2026
"HAT-P-60 b",18.28184752,1.63100000,182.43350562,0.0627700000,4.79478130000,"Transit",2021
"Kepler-473 b",4.08000000,0.36399322,,,14.55731705000,"Transit",2016
"CoRoT-32 b",6.38913000,0.57000000,47.67450000,0.0710000000,6.71837000000,"Transit",2018
"WASP-91 b",11.54527000,1.03000000,425.89220000,0.0370000000,2.79858100000,"Transit",2017
"Kepler-213 c",2.34000000,0.20900000,,0.0570000000,4.82296200000,"Transit",2014
"Kepler-121 b",2.34000000,0.20900000,,0.0390000000,3.17742200000,"Transit",2014
"HD 564 b",,,104.88000000,1.2000000000,492.30000000000,"Radial Velocity",2014
"Pr0211 c",,,2475.89570000,5.5000000000,4850.00000000000,"Radial Velocity",2016
"Kepler-890 b",8.89000000,0.79311268,,,52.75875577000,"Transit",2016
"Kepler-330 b",1.35000000,0.12000000,,0.0750000000,8.25978000000,"Transit",2014
"HATS-5 b",10.22300000,0.91200000,75.32300000,0.0542000000,4.76338700000,"Transit",2014
"61 Vir c",,,18.20000000,0.2175000000,38.02100000000,"Radial Velocity",2009
"DMPP-6 b",,,5.80000000,0.0779000000,7.60270000000,"Radial Velocity",2026
"TOI-2128 b",2.08874836,0.18634597,4.50000000,0.1270000000,16.34136000000,"Transit",2024
"6 Lyn b",,,597.83523357,2.0280000000,919.86000000000,"Radial Velocity",2008
"GJ 338 B b",,,10.60000000,0.1420000000,24.42200000000,"Radial Velocity",2020
"HD 213472 b",,,1112.39942450,13.0000000000,17000.00000000000,"Radial Velocity",2021
"HD 75784 b",,,317.83000000,1.0320000000,341.20000000000,"Radial Velocity",2014
"HIP 86221 b",,,225.65816897,0.0310000000,2.22400000000,"Radial Velocity",2021
"HD 86728 b",,,9.43000000,0.1916000000,31.15150000000,"Radial Velocity",2025
"TOI-5817 b",3.08000000,0.27477967,10.30000000,0.1223000000,15.61031000000,"Transit",2025
"HD 73583 b",2.79000000,0.24890756,10.20000000,0.0604000000,6.39804200000,"Transit",2022
"TOI-1410 c",,,27.00000000,0.2390000000,47.56000000000,"Radial Velocity",2024
"Kepler-164 d",2.45000000,0.21900000,,0.1870000000,28.98676900000,"Transit",2014
"Kepler-257 c",5.41000000,0.48300000,,0.0660000000,6.58148400000,"Transit",2014
"Kepler-238 c",2.39000000,0.21300000,,0.0690000000,6.15555700000,"Transit",2014
"K2-214 b",2.51000000,0.22392759,,,8.59656000000,"Transit",2018
"Kepler-597 b",2.37000000,0.21143724,,,13.02365861000,"Transit",2016
"Kepler-1489 c",0.51000000,0.04549923,,,0.68074100000,"Transit",2024
"Kepler-1863 b",2.26309256,0.20189994,,,44.99760056000,"Transit",2021
"TOI-2842 b",12.84549188,1.14600000,117.59651059,0.0475000000,3.55140580000,"Transit",2023
"Kepler-176 d",2.51000000,0.22400000,,0.1630000000,25.75197400000,"Transit",2014
"TOI-763 b",2.28000000,0.20340798,9.79000000,0.0600000000,5.60570000000,"Transit",2020
"Kepler-1618 b",1.26000000,0.11240967,,,6.10826019000,"Transit",2016
"TOI-5542 b",11.30986153,1.00900000,419.53349724,0.3320000000,75.12375000000,"Transit",2022
"Kepler-1857 b",1.96065412,0.17491815,,,8.94340992000,"Transit",2021
"Kepler-697 b",4.13000000,0.36845392,,,3.70987064500,"Transit",2016
"HD 21693 b",,,8.23000000,0.1455000000,22.67860000000,"Radial Velocity",2019
"K2-48 b",2.24000000,0.19983941,,0.1344000000,20.50650000000,"Transit",2016
"Kepler-28 c",1.85700000,0.16567073,2.06000000,,8.99000000000,"Transit",2011
"Kepler-1107 b",1.34000000,0.11954679,,,0.57103851800,"Transit",2016
"HD 238914 b",,,1906.98000000,5.7000000000,4100.00000000000,"Radial Velocity",2018
"Kepler-1920 b",2.95415848,0.26355282,,,30.25410080000,"Transit",2021
"Kepler-281 b",2.82000000,0.25200000,,0.1170000000,14.64600800000,"Transit",2014
"Kepler-1643 b",2.32000000,0.20700000,,,5.34265700000,"Transit",2016
"Kepler-175 c",3.10000000,0.27700000,,0.2130000000,34.03525700000,"Transit",2014
"Kepler-207 d",3.31000000,0.29500000,,0.0680000000,5.86807500000,"Transit",2014
"Kepler-235 c",1.28000000,0.11400000,,0.0650000000,7.82490400000,"Transit",2014
"Kepler-1654 b",9.18017100,0.81900000,158.91500000,2.0260000000,1047.83560000000,"Transit",2018
"Kepler-1606 b",2.07000000,0.18467303,,,196.43522400000,"Transit",2016
"KIC 8540376 c",2.40000000,0.21411366,,,75.20000000000,"Transit",2015
"Kepler-1936 b",3.16615594,0.28246600,,,126.55699920000,"Transit",2021
"HD 100508 b",,,381.39408840,6.1100000000,5681.00000000000,"Radial Velocity",2026
"HD 154857 c",,,819.97000000,5.3600000000,3452.00000000000,"Radial Velocity",2014
"HD 4760 b",,,4417.83700000,1.1400000000,434.00000000000,"Radial Velocity",2021
"HD 110113 c",,,10.50000000,0.0680000000,6.74400000000,"Radial Velocity",2021
"HD 202696 b",,,634.38868000,1.5660000000,517.80000000000,"Radial Velocity",2019
"HD 210193 b",,,153.10000000,1.4870000000,649.91800000000,"Radial Velocity",2019
"HD 180053 b",,,697.31902000,0.8430000000,213.72000000000,"Radial Velocity",2018
"HD 135625 b",,,731.00533610,5.4000000000,4055.00000000000,"Radial Velocity",2023
"HD 128311 c",,,1204.25787000,1.7400000000,921.53800000000,"Radial Velocity",2005
"HD 125612 d",,,2281.37230545,3.9820000000,2822.72698000000,"Radial Velocity",2009
"51 Eri b",,,3464.32963630,10.4000000000,9100.00000000000,"Imaging",2015
"HD 168443 c",,,5500.33841154,2.8420000000,1753.10960000000,"Radial Velocity",2000
"TOI-5789 b",,,2.12000000,0.0360800000,2.76369000000,"Radial Velocity",2026
"Kepler-833 b",2.02000000,0.18021233,,,18.75469980000,"Transit",2016
"COCONUTS-2 b",12.57647635,1.12200000,2383.71305250,,,"Imaging",2021
"11 Com b",,,4914.89848585,1.1780000000,323.21000000000,"Radial Velocity",2007
"K2-386 b",2.32000000,0.20697689,,,7.47322300000,"Transit",2022
"OGLE-2019-BLG-1053L b",,,2.48000000,3.4000000000,,"Microlensing",2021
"KMT-2024-BLG-0176L b",,,241.54958932,1.3200000000,,"Microlensing",2026
"K2-66 b",2.49000000,0.22214292,21.30000000,0.0598300000,5.06963000000,"Transit",2016
"K2-4 b",2.10000000,0.18734945,,0.0780000000,10.00341700000,"Transit",2015
"Kepler-1612 b",1.03000000,0.09189045,,,3.91795101000,"Transit",2016
"Kepler-744 b",1.62000000,0.14452672,,,12.06222443000,"Transit",2016
"WASP-53 c",,,5196.52050000,3.7300000000,2840.00000000000,"Radial Velocity",2017
"Kepler-140 b",1.61000000,0.14400000,,0.0450000000,3.25427000000,"Transit",2014
"HD 112640 b",,,1589.15000000,1.7000000000,613.20000000000,"Radial Velocity",2020
"14 Her b",,,2828.67282230,2.8390000000,,"Radial Velocity",2002
"TOI-1054.01",2.43432000,0.21717586,,,15.50778550000,"Transit",2021
"HD 216437 b",,,1334.87930940,2.5700000000,1359.00000000000,"Radial Velocity",2002
"Kepler-1455 b",2.16000000,0.19270229,,,49.27676400000,"Transit",2016
"tau Cet f",,,3.93000000,1.3340000000,636.13000000000,"Radial Velocity",2017
"HD 82886 b",,,740.54390000,1.5800000000,705.00000000000,"Radial Velocity",2011
"Kepler-264 b",3.33000000,0.29700000,,0.2490000000,40.80623100000,"Transit",2014
"Kepler-1822 b",2.64755943,0.23619984,,,22.13339996000,"Transit",2021
"Kepler-106 d",0.95000000,0.08500000,8.10000000,,23.98020000000,"Transit",2014
"Kepler-1214 b",2.36000000,0.21054510,,,18.82634264000,"Transit",2016
"Kepler-776 b",1.28000000,0.11419395,,,4.89718784000,"Transit",2016
"NGTS-34 b",3.65000000,0.32563175,19.10000000,0.2570000000,43.12655000000,"Transit",2025
"HD 142022 A b",,,1411.16520000,2.9300000000,1928.00000000000,"Radial Velocity",2005
"HD 47366 c",,,483.73483545,1.8400000000,677.53000000000,"Radial Velocity",2016
"K2-373 b",2.06100000,0.18387042,,,11.02066000000,"Transit",2022
"HD 206610 b",,,647.10188000,1.7400000000,673.20000000000,"Radial Velocity",2009
"Kepler-1600 c",1.94206512,0.17325974,,,7.29804992700,"Transit",2021
"KMT-2018-BLG-0087L b",,,73.10053361,0.8700000000,,"Microlensing",2022
"Kepler-1306 b",1.91000000,0.17039879,,,16.29595382000,"Transit",2016
"HD 74698 c",,,126.00000000,4.5000000000,3449.00000000000,"Radial Velocity",2023
"Kepler-1204 b",3.05000000,0.27210277,,,85.73502850000,"Transit",2016
"Gaia-2 b",14.81827249,1.32200000,259.66580852,0.0467000000,3.69152240000,"Transit",2022
"HIP 105854 b",,,2606.10000000,0.8100000000,184.20000000000,"Radial Velocity",2014
"TOI-5616 b",10.78000000,0.96100000,624.00000000,0.0272000000,2.00284900000,"Transit",2024
"Kepler-212 b",1.09000000,0.09700000,,0.1330000000,16.25758200000,"Transit",2014
"WASP-38 b",13.78707000,1.23000000,1093.33520000,,6.87188000000,"Transit",2010
"NGTS-9 b",11.99363000,1.07000000,921.70700000,0.0580000000,4.43527000000,"Transit",2019
"Kepler-631 b",2.90000000,0.25872067,,,17.97979059000,"Transit",2016
"HD 145377 b",,,1913.33660000,0.4500000000,103.95000000000,"Radial Velocity",2008
"Kepler-1413 b",1.82000000,0.16236952,,,13.18296420000,"Transit",2016
"TOI-5789 d",,,4.29000000,0.1756000000,29.65000000000,"Radial Velocity",2026
"Kepler-19 d",,,22.50000000,,62.95000000000,"Radial Velocity",2017
"HD 4917 b",,,513.29545000,1.1670000000,400.50000000000,"Radial Velocity",2018
"Kepler-131 c",0.84000000,0.07500000,8.25000000,,25.51690000000,"Transit",2014
"Kepler-633 c",2.29600000,0.20483575,,,23.78319931000,"Transit",2021
"G 192-15 c",,,14.30000000,1.1370000000,1219.00000000000,"Radial Velocity",2025
"Kepler-178 c",2.88000000,0.25700000,,0.1420000000,20.55280200000,"Transit",2014
"Kepler-1905 b",1.44607340,0.12901025,,,3.42392993000,"Transit",2021
"Kepler-1322 c",2.15492527,0.19224989,,,6.45998001100,"Transit",2021
"K2-118 b",2.54000000,0.22660362,,0.2450000000,50.92092000000,"Transit",2017
"K2-203 b",1.26549392,0.11290000,,0.0824000000,9.69520000000,"Transit",2018
"Kepler-711 b",3.41000000,0.30421982,,,23.58914398000,"Transit",2016
"TOI-1408 c",2.22000000,0.19805548,7.60000000,0.0358700000,2.16640000000,"Transit Timing Variations",2024
"Kepler-27 d",2.70619460,0.24143093,,,6.54628992100,"Transit",2021
"Kepler-1058 b",2.72000000,0.24266215,,,110.96546000000,"Transit",2016
"TOI-2459 b",2.95310000,0.26345839,,,19.10471800000,"Transit",2023
"CoRoT-16 b",13.11000000,1.17000000,170.03200000,0.0618000000,5.35227000000,"Transit",2011
"TOI-2587 A b",12.07207221,1.07700000,69.28659273,0.0635000000,5.45664000000,"Transit",2023
"DMPP-2 d",,,91.79000000,0.1432000000,16.49100000000,"Radial Velocity",2026
"Kepler-377 c",2.06000000,0.18400000,,0.1820000000,27.01497600000,"Transit",2014
"HD 108236 e",3.08300000,0.27504684,,0.1367000000,19.59002500000,"Transit",2020
"HD 4308 b",,,15.89150000,0.1200000000,15.56000000000,"Radial Velocity",2005
"Kepler-467 b",2.25000000,0.20073156,,,24.99324193000,"Transit",2016
"Kepler-1978 b",2.67000000,0.23820186,,0.0914000000,10.84969477000,"Transit",2023
"Kepler-701 b",2.84000000,0.25336783,,,10.35533177000,"Transit",2016
"Kepler-214 c",2.13000000,0.19000000,,0.1940000000,28.77980000000,"Transit",2014
"HD 7199 b",,,85.81410000,1.3600000000,615.00000000000,"Radial Velocity",2011
"Kepler-765 b",2.43000000,0.21679008,,,27.66552260000,"Transit",2016
"HD 136352 b",1.66400000,0.14845239,4.72000000,0.0964000000,11.57797000000,"Radial Velocity",2019
"HD 164604 b",,,4195.33497240,1.3620000000,653.90000000000,"Radial Velocity",2009
"HIP 57274 d",,,167.40000000,1.0100000000,431.70000000000,"Radial Velocity",2011
"HD 13908 c",,,1630.40000000,2.0300000000,931.00000000000,"Radial Velocity",2013
"OGLE-2012-BLG-0406L b",,,868.00000000,3.4500000000,,"Microlensing",2013
"HIP 67851 b",,,365.50266805,0.4200000000,89.23000000000,"Radial Velocity",2015
"HD 220842 b",,,1010.69940000,0.7400000000,218.47000000000,"Radial Velocity",2016
"Kepler-1568 b",1.30000000,0.11597823,,,20.92539200000,"Transit",2016
"OGLE-2018-BLG-1700L b",,,1400.00000000,2.8000000000,,"Microlensing",2020
"KMT-2023-BLG-1896L b",,,16.35000000,2.8600000000,,"Microlensing",2025
"Kepler-168 c",2.69000000,0.24000000,,0.1160000000,13.19324200000,"Transit",2014
"HD 1605 c",,,1150.54460000,3.5840000000,2149.00000000000,"Radial Velocity",2015
"HD 187085 b",,,265.70588000,2.1000000000,1019.74000000000,"Radial Velocity",2006
"Kepler-529 b",1.86000000,0.16593809,,,1.98035766300,"Transit",2016
"GJ 317 c",,,454.49462201,5.0400000000,6500.00000000000,"Radial Velocity",2016
"GJ 3293 d",,,7.60000000,0.1939400000,48.13450000000,"Radial Velocity",2017
"HAT-P-55 b",14.84069045,1.32400000,189.42573057,0.0462800000,3.58523130000,"Transit",2015
"Kepler-975 b",1.48000000,0.13203676,,,1.97034245700,"Transit",2016
"ROXs 12 b",,,5085.00000000,210.0000000000,,"Imaging",2013
"HATS-22 b",10.68217700,0.95300000,870.85420000,0.0502500000,4.72281240000,"Transit",2017
"Kepler-858 b",4.87000000,0.43447230,,,76.13602028000,"Transit",2016
"K2-212 b",2.65000000,0.23641757,,,9.79564700000,"Transit",2018
"WASP-44 b",12.32990000,1.10000000,276.51210000,0.0345300000,2.42380400000,"Transit",2011
"Kepler-1205 b",1.41000000,0.12579177,,,1.07839035200,"Transit",2016
"Kepler-383 b",1.32000000,0.11800000,,0.0950000000,12.90453200000,"Transit",2014
"TOI-2345 b",1.50400000,0.13417812,3.49000000,0.0170500000,1.05285730000,"Transit",2025
"K2-239 c",1.00000000,0.08921402,,0.0576000000,7.77500000000,"Transit",2018
"HD 206255 b",,,34.20000000,0.4610000000,96.04500000000,"Radial Velocity",2019
"Kepler-816 b",10.24000000,0.91355161,,,10.50682564600,"Transit",2016
"TOI-159 b",18.18000000,1.62200000,1110.00000000,0.0560000000,3.76283960000,"Transit",2026
"Wolf 327 b",1.24000000,0.11062558,2.53000000,0.0100000000,0.57347450000,"Transit",2024
"18 Del b",,,2926.24614325,2.4760000000,982.85000000000,"Radial Velocity",2008
"TOI-5926 b",7.56807148,0.67517928,,,3.81122794237,"Transit",2026
"Kepler-753 b",1.91000000,0.17039879,,,5.74772501200,"Transit",2016
"Kepler-801 b",2.00000000,0.17842805,,,11.41928253000,"Transit",2016
"NGTS-14 A b",4.97679600,0.44400000,29.24036000,0.0403000000,3.53571730000,"Transit",2021
"K2-230 b",1.96000000,0.17485949,,0.0409000000,2.86041000000,"Transit",2018
"Kepler-1444 b",2.18000000,0.19448657,,,33.42035034000,"Transit",2016
"HD 72490 b",,,561.92344000,1.8800000000,858.00000000000,"Radial Velocity",2018
"Kepler-1518 c",2.90000000,0.25872112,,0.0905000000,9.63102580000,"Transit",2023
"K2-282 b",2.50000000,0.22303545,,,4.16978300000,"Transit",2018
"K2-90 c",1.30000000,0.11597823,,0.0350000000,2.90070600000,"Transit",2016
"Kepler-391 c",2.88000000,0.25693683,450.00000000,0.1640000000,20.50100000000,"Transit",2014
"WASP-59 b",8.68700000,0.77500000,274.27600000,0.0697000000,7.91958500000,"Transit",2012
"TOI-1346 b",2.39000000,0.21322189,,,1.76225380000,"Transit",2025
"Kepler-1388 b",2.59000000,0.23106432,,,12.28546030000,"Transit",2016
"HD 221585 b",,,511.70630000,2.3060000000,1173.00000000000,"Radial Velocity",2016
"HD 23079 c",,,8.26000000,,5.74891300000,"Radial Velocity",2025
"Kepler-538 b",2.21500000,0.19760940,12.90000000,0.3554000000,81.73778000000,"Transit",2016
"HAT-P-54 b",10.58129600,0.94400000,241.55080000,0.0411700000,3.79984700000,"Transit",2015
"Kepler-899 b",2.68000000,0.23909359,,,19.17891293000,"Transit",2016
"GJ 508.2 b",,,587.98255295,4.8500000000,5300.00000000000,"Radial Velocity",2025
"TOI-2529 b",11.54525012,1.03000000,743.71847238,0.3270000000,64.59490000000,"Transit",2024
"K2-153 b",2.00000000,0.17842805,,0.0614000000,7.51574000000,"Transit",2018
"TOI-1226 b",2.41011120,0.21501609,,,3.92880881576,"Transit",2026
"Kepler-819 b",2.76000000,0.24623071,,,33.19956480000,"Transit",2016
"Kepler-184 b",2.36000000,0.21100000,,0.0920000000,10.68757600000,"Transit",2014
"Luhman 16 b",,,9344.15516580,3.5200000000,9697.00000000000,"Imaging",2017
"TOI-3493 b",3.22000000,0.28726965,8.97000000,,8.15946670000,"Transit",2025
"Kepler-1179 b",1.32000000,0.11776251,,,2.68505749200,"Transit",2016
"K2-394 b",1.69200000,0.15095039,,,5.09571700000,"Transit",2022
"TOI-540 b",0.90300000,0.08056026,,0.0122300000,1.23914910000,"Transit",2020
"Kepler-934 b",2.09000000,0.18645731,,,55.67383090000,"Transit",2016
"Kepler-1240 b",1.15000000,0.10259613,,,4.86638150000,"Transit",2016
"Kepler-828 b",1.51000000,0.13471318,,,0.56785713600,"Transit",2016
"TOI-2236 b",14.36991326,1.28200000,502.16888306,0.0500900000,3.53159020000,"Transit",2022
"HD 203387 c",,,2378.94562640,5.0670000000,2481.07227000000,"Radial Velocity",2022
"Kepler-282 d",2.46000000,0.21900000,61.00000000,,24.80600000000,"Transit",2013
"K2-294 b",1.66000000,0.14809528,,,2.50387000000,"Transit",2019
"Kepler-401 d",2.27000000,0.20251584,,,184.25640500000,"Transit",2016
"Kepler-157 d",1.46000000,0.13025248,,,7.02573474000,"Transit",2016
"Kepler-1801 c",2.91000000,0.25961326,,0.4572000000,116.58318300000,"Transit",2023
"Kepler-158 c",1.90000000,0.17000000,,0.1580000000,28.55138300000,"Transit",2014
"Kepler-1820 b",3.11883067,0.27824391,,,31.03249931000,"Transit",2021
"DMPP-1 e",,,4.13000000,0.0651000000,5.51600000000,"Radial Velocity",2019
"Kepler-32 b",2.20000000,0.19600000,1303.00000000,0.0500000000,5.90124000000,"Transit",2011
"K2-336 b",1.22000000,0.10884130,,,21.19473300000,"Transit",2021
"HD 219134 f",1.31000000,0.11687037,7.30000000,0.1463000000,22.71700000000,"Radial Velocity",2015
"Kepler-873 b",3.75000000,0.33455259,,,20.55338440000,"Transit",2016
"Kepler-1137 b",2.20000000,0.19627085,,,23.92107910000,"Transit",2016
"TOI-1669 b",,,191.00000000,1.2700000000,500.00000000000,"Radial Velocity",2023
"K2-58 c",1.62000000,0.14452672,,0.0350000000,2.53726000000,"Transit",2016
"WASP-118 b",16.14096000,1.44000000,163.36462000,0.0545300000,4.04604350000,"Transit",2016
"Kepler-388 c",0.86000000,0.07700000,,0.0930000000,13.29700400000,"Transit",2014
"Kepler-1935 b",2.50271696,0.22327784,,,3.95140004200,"Transit",2021
"Kepler-463 b",3.05000000,0.27210277,,,8.98101683300,"Transit",2016
"K2-30 b",11.64615100,1.03900000,184.02357000,0.0483900000,4.09850300000,"Transit",2016
"TIC 150070085 b",3.62000000,0.32295532,,,10.47423000000,"Transit",2026
"K2-316 b",1.33000000,0.11865465,,0.0147000000,1.13300000000,"Transit",2020
"HD 81817 c",,,7185.78245386,2.3250000000,622.97802000000,"Radial Velocity",2022
"Kepler-1922 b",2.29064904,0.20435837,,,13.22259998000,"Transit",2021
"Gl 49 b",,,5.63000000,0.0905000000,13.85080000000,"Radial Velocity",2019
"WASP-61 b",15.80469000,1.41000000,851.78440000,,3.85590000000,"Transit",2012
"TOI-411 c",2.32800000,0.20769061,9.72000000,0.1017000000,9.57308300000,"Transit",2022
"Kepler-292 e",2.67000000,0.23800000,,0.0970000000,11.97901000000,"Transit",2014
"Kepler-173 c",2.43000000,0.21700000,,0.0740000000,8.00577700000,"Transit",2014
"EPIC 206042996 c",1.20000000,0.10705701,,,0.35488400000,"Transit",2021
"HD 5608 b",,,371.22357938,1.7900000000,768.70000000000,"Radial Velocity",2012
"TOI-238 b",1.55900000,0.13908490,3.37000000,0.0212000000,1.27309900000,"Transit",2024
"BD+03 2562 b",,,2034.11200000,1.3000000000,481.90000000000,"Radial Velocity",2017
"TOI-4427 b",13.09208946,1.16800000,87.72064033,0.0538900000,4.61826210000,"Transit",2026
"HD 33564 b",,,2892.10000000,1.1000000000,388.00000000000,"Radial Velocity",2005
"TOI-784 b",1.93000000,0.17218336,9.67000000,0.0380000000,2.79703650000,"Transit",2023
"Kepler-1540 b",2.49000000,0.22214292,,,125.41311770000,"Transit",2016
"Kepler-1148 b",1.69000000,0.15077170,,,1.10446350900,"Transit",2016
"Kepler-1299 b",2.98000000,0.26585779,,,19.94008740000,"Transit",2016
"BD-11 4672 c",,,15.37000000,0.3000000000,74.20000000000,"Radial Velocity",2020
"Kepler-1474 b",2.16000000,0.19270229,,,36.43334520000,"Transit",2016
"K2-219 d",2.57634456,0.22984607,,,11.13727800000,"Transit",2018
"TOI-198 b",1.36000000,0.12133128,3.17000000,0.0675000000,10.21521300000,"Transit",2023
"Kepler-1777 b",2.13189678,0.19019542,,,12.18420029000,"Transit",2021
"OGLE-2017-BLG-1275L b",,,1875.18760130,2.0900000000,,"Microlensing",2024
"TOI-7510 d",10.52000000,0.93900000,190.00000000,0.2672000000,48.86446800000,"Transit",2025
"Kepler-825 c",1.84000000,0.16415380,,,8.18182460000,"Transit",2016
"K2-358 b",2.68000000,0.23909400,,0.0863000000,11.25102850000,"Transit",2021
"HD 216536 b",,,333.72150000,0.6100000000,148.60001000000,"Radial Velocity",2015
"TOI-1472 c",3.33400000,0.29800000,21.13000000,0.1160000000,15.53817470000,"Radial Velocity",2025
"HD 147018 b",,,674.00000000,0.2388000000,44.23600000000,"Radial Velocity",2009
"Kepler-820 b",6.09000000,0.54331341,,,127.83380980000,"Transit",2016
"KOI-984 b",4.30000000,0.38362097,,0.0504000000,4.28817850000,"Transit",2022
"Kepler-1758 b",2.57059831,0.22933382,,,9.97721004500,"Transit",2021
"Kepler-1036 b",3.01000000,0.26853421,,,122.88080580000,"Transit",2016
"Kepler-1377 b",1.25000000,0.11151753,,,0.74092842200,"Transit",2016
"HD 154857 b",,,778.68350000,1.2900000000,408.60001000000,"Radial Velocity",2004
"Kepler-104 b",3.10000000,0.27700000,,0.0940000000,11.42754800000,"Transit",2014
"Kepler-1113 b",2.81000000,0.25069141,,,42.30049540000,"Transit",2016
"Kepler-585 b",2.83000000,0.25247569,,,2.75235975300,"Transit",2016
"GJ 676 A d",,,3.81394088,0.0390000000,3.60076000000,"Radial Velocity",2012
"WASP-155 b",13.45077684,1.20000000,276.82854250,0.0430000000,3.11041300000,"Transit",2025
"Kepler-795 b",1.68000000,0.14987956,,,29.61934210000,"Transit",2016
"HATS-25 b",14.12334000,1.26000000,194.82979000,0.0516300000,4.29864320000,"Transit",2016
"Kepler-133 c",2.84000000,0.25300000,,0.2040000000,31.51758600000,"Transit",2014
"nu Oct A b",,,696.04421133,1.2400000000,402.40000000000,"Radial Velocity",2016
"TOI-1117 d",,,10.71000000,0.0817000000,8.66500000000,"Radial Velocity",2025
"K2-62 b",2.02000000,0.18021264,,,6.67199000000,"Transit",2016
"TOI-1516 b",15.24421375,1.36000000,1004.33776612,,2.05601400000,"Transit",2022
"Kepler-1513 c",,,84.54235626,,841.40000000000,"Transit Timing Variations",2023
"HD 27969 b",,,1525.57635360,1.5520000000,654.50000000000,"Radial Velocity",2021
"Kepler-1347 b",1.03000000,0.09189045,,,14.00947528000,"Transit",2016
"Kepler-399 b",0.96000000,0.08600000,,0.1030000000,14.42528100000,"Transit",2014
"Kepler-1382 b",1.88000000,0.16772237,,,16.35830550000,"Transit",2016
"Kepler-405 b",2.08000000,0.18600000,,0.0950000000,10.61383900000,"Transit",2014
"Kepler-1939 b",1.16480773,0.10391736,,,2.79065990400,"Transit",2021
"Kepler-1555 b",1.61000000,0.14363458,,,8.10501635000,"Transit",2016
"Kepler-580 b",2.57000000,0.22928004,,,8.22241965600,"Transit",2016
"Kepler-2001 b",1.04000000,0.09278275,,0.0197000000,1.09001100300,"Transit",2023
"Kepler-171 b",2.34000000,0.20900000,,0.0500000000,4.16697200000,"Transit",2014
"Kepler-792 b",1.96000000,0.17485949,,,11.30119217000,"Transit",2016
"WASP-188 b",14.81827249,1.32200000,458.62639130,0.0720000000,5.74891600000,"Transit",2025
"HD 179079 b",,,25.74423000,0.1214000000,14.47900000000,"Radial Velocity",2008
"Kepler-1488 b",1.86000000,0.16593809,,,39.81899320000,"Transit",2016
"Kepler-295 c",1.17000000,0.10400000,,0.1420000000,21.52625800000,"Transit",2014
"K2-137 b",0.64000000,0.05709707,,,0.17971900000,"Transit",2017
"Kepler-300 c",2.25000000,0.20100000,,0.2320000000,40.71495500000,"Transit",2014
"Kepler-232 c",3.83000000,0.34200000,,0.1010000000,11.37934900000,"Transit",2014
"OGLE-2016-BLG-0263L b",,,1300.00000000,5.4000000000,,"Microlensing",2017
"HIP 19976 b",,,21.61233168,0.2340000000,50.65905000000,"Radial Velocity",2022
"Kepler-190 c",1.46000000,0.13000000,,0.0450000000,3.76302400000,"Transit",2014
"Kepler-251 b",1.33000000,0.11900000,,0.0530000000,4.79093600000,"Transit",2014
"Kepler-199 c",3.25000000,0.29000000,,0.3160000000,67.09340800000,"Transit",2014
"Kepler-969 b",2.07000000,0.18467303,,,34.17317140000,"Transit",2016
"Kepler-1671 b",1.32557381,0.11825977,,,4.16787000000,"Transit",2020
"HAT-P-41 b",22.97845000,2.05000000,378.21770000,,2.69405000000,"Transit",2012
"OGLE-2018-BLG-1126L b",,,17.79839079,3.2300000000,,"Microlensing",2022
"WASP-116 b",13.67495645,1.22000000,203.41018048,0.0650000000,6.61320000000,"Transit",2025
"Kepler-1990 b",3.27000000,0.29173036,,0.0286000000,1.73513619000,"Transit",2023
"K2-228 b",1.21000000,0.10794897,,0.0338000000,2.69828000000,"Transit",2018
"Kepler-1115 b",1.70000000,0.15166384,,,23.55407250000,"Transit",2016
"K2-165 c",1.55409035,0.13864665,,,4.38274500000,"Transit",2018
"Kepler-186 c",1.25000000,0.11200000,,0.0451000000,7.26730200000,"Transit",2014
"Kepler-1992 b",0.91000000,0.08118490,,0.1169000000,15.61122380000,"Transit",2023
"EPIC 201497682 b",0.69200000,0.06173610,,,2.13174000000,"Transit",2019
"WASP-85 A b",13.89916000,1.24000000,402.05495000,0.0390000000,2.65567770000,"Transit",2016
"HD 69123 b",,,966.19835728,2.4820000000,1193.30000000000,"Radial Velocity",2022
"Kepler-107 d",0.86000000,0.07672419,7.70000000,0.0837700000,7.95839000000,"Transit",2014
"Kepler-1067 c",1.74682428,0.15584149,,,5.42583990100,"Transit",2021
"HD 139357 b",,,6315.56827550,2.9490000000,1124.79139000000,"Radial Velocity",2008
"KOI-7913 b",2.34000000,0.20900000,,,24.27855300000,"Transit",2022
"KELT-24 b",12.71098411,1.13400000,1458.83238813,0.0665000000,5.55149296000,"Transit",2019
"Kepler-235 e",2.22000000,0.19800000,,0.2130000000,46.18366900000,"Transit",2014
"TIC 198190129 b",2.92284949,0.26075962,,,7.94804910667,"Transit",2026
"Kepler-85 d",1.20000000,0.10700000,,0.1300000000,17.91323000000,"Transit",2014
"Kepler-197 e",0.91000000,0.08100000,,0.1640000000,25.20971500000,"Transit",2014
"K2-289 b",9.10000000,0.81184762,,0.1070000000,13.15696900000,"Transit",2019
"GPX-1 b",16.47720163,1.47000000,6261.21961790,0.0338000000,1.74457900000,"Transit",2021
"TOI-815 b",2.94000000,0.26228968,7.60000000,0.0903000000,11.19725900000,"Transit",2024
"TOI-7510 b",7.31000000,0.65200000,18.10000000,0.1019000000,11.53086900000,"Transit",2025
"Kepler-1286 b",2.15000000,0.19181015,,,11.25402929000,"Transit",2016
"Kepler-582 b",3.68000000,0.32830761,,,18.49235668000,"Transit",2016
"HATS-68 b",13.80948800,1.23200000,410.00070000,0.0507100000,3.58622020000,"Transit",2018
"Kepler-1097 b",3.26000000,0.29083772,,,187.74702900000,"Transit",2016
"Kepler-879 b",2.57000000,0.22928004,,,33.38559380000,"Transit",2016
"Kepler-1684 b",2.87084792,0.25611990,,,47.70550000000,"Transit",2020
"WASP-114 b",15.00885100,1.33900000,562.24127000,0.0285100000,1.54877430000,"Transit",2016
"Kepler-942 b",2.13000000,0.19002587,,,44.96417488000,"Transit",2016
"Kepler-642 b",2.90000000,0.25872067,,,4.41745855000,"Transit",2016
"K2-180 b",2.46597575,0.22000000,11.41003981,0.0756000000,8.86566300000,"Transit",2018
"K2-275 b",2.34000000,0.20876118,,0.0277000000,3.28096260000,"Transit",2018
"KMT-2017-BLG-1003L b",,,5.19000000,1.3800000000,,"Microlensing",2023
"Kepler-707 b",1.33000000,0.11865465,,,2.23749275100,"Transit",2016
"HD 85426 c",,,10.30000000,,35.73000000000,"Radial Velocity",2026
"Kepler-153 c",2.53000000,0.22600000,,0.2370000000,46.90232000000,"Transit",2014
"alf Tau b",,,2056.36010000,1.4600000000,628.96000000000,"Radial Velocity",2015
"K2-371 b",13.02400000,1.16192546,,,3.11490500000,"Transit",2022
"TOI-1742 b",2.36507598,0.21099831,9.70000000,0.1540000000,21.26908400000,"Transit",2024
"K2-26 b",2.67000000,0.23820145,,0.0962000000,14.56650000000,"Transit",2016
"K2-246 b",3.49000000,0.31135695,,0.0602000000,5.76918000000,"Transit",2018
"HD 114729 b",,,262.20975000,2.0670000000,1121.79000000000,"Radial Velocity",2002
"DMPP-6 c",,,13.47000000,0.2206000000,36.44100000000,"Radial Velocity",2026
"Kepler-998 b",2.32000000,0.20697654,,,5.65377733000,"Transit",2016
"Kepler-1170 b",2.41000000,0.21500580,,,9.98969327000,"Transit",2016
"BD-210397 b",,,214.00000000,2.6300000000,1891.00000000000,"Radial Velocity",2023
"HIP 56640 b",,,2151.69831539,4.5500000000,2675.57603000000,"Radial Velocity",2021
"Kepler-132 d",1.55000000,0.13800000,,0.1360000000,18.01019900000,"Transit",2014
"Kepler-1414 b",1.23000000,0.10973325,,,3.51576315000,"Transit",2016
"TOI-201 c",10.40000000,0.92782745,4990.00000000,4.3700000000,2890.00000000000,"Transit Timing Variations",2025
"HD 102117 b",,,54.03110000,0.1500000000,20.81330000000,"Radial Velocity",2005
"Kepler-730 b",12.32990000,1.10000000,,0.0694000000,6.49168280800,"Transit",2016
"Kepler-1609 b",2.22000000,0.19805513,,,114.34219000000,"Transit",2016
"Kepler-1843 b",2.70909809,0.24168996,,,25.54339981000,"Transit",2021
"Kepler-477 b",2.07000000,0.18467303,,,11.11990653000,"Transit",2016
"K2-351 b",2.54000000,0.22660401,,,7.80616400000,"Transit",2021
"Kepler-104 c",3.13000000,0.27900000,,0.1530000000,23.66820500000,"Transit",2014
"HD 18015 b",,,1010.69940000,3.8700000000,2278.00000000000,"Radial Velocity",2018
"TOI-2107 b",13.57407563,1.21100000,263.79757781,0.0351500000,2.45454670000,"Transit",2024
"TIC 117642575 b",2.82716337,0.25222306,,,4.94459060181,"Transit",2026
"Kepler-743 b",1.21000000,0.10794897,,,3.17926292100,"Transit",2016
"Kepler-1655 b",2.21300000,0.19743098,5.40000000,0.1029000000,11.87287870000,"Transit",2018
"Kepler-1324 b",1.51000000,0.13471318,,,4.11584467900,"Transit",2016
"HD 134606 b",,,9.09000000,0.1046000000,12.08900000000,"Radial Velocity",2024
"HD 31253 b",,,197.05460000,1.2600000000,466.00000000000,"Radial Velocity",2010
"K2-243 b",2.17000000,0.19359443,,0.1087000000,11.54182000000,"Transit",2018
"Kepler-1016 c",3.68000000,0.32830761,,,105.65513690000,"Transit",2016
"Kepler-1775 b",3.64762153,0.32541956,,,85.65399933000,"Transit",2021
"Kepler-1351 b",0.65000000,0.05798912,,,0.91614076800,"Transit",2016
"Kepler-321 c",2.32000000,0.20700000,,0.1100000000,13.09392100000,"Transit",2014
"OGLE-TR-211 b",15.24400000,1.36000000,327.35100000,0.0510000000,3.67724000000,"Transit",2007
"Kepler-191 c",1.86000000,0.16600000,,0.1280000000,17.73850600000,"Transit",2014
"HD 165155 b",,,918.52870000,1.1300000000,434.50000000000,"Radial Velocity",2016
"K2-63 b",3.22000000,0.28726916,,0.1627000000,20.25700000000,"Transit",2016
"HD 9446 b",,,222.47200000,0.1890000000,30.05200000000,"Radial Velocity",2009
"WASP-90 b",18.27067000,1.63000000,200.23290000,0.0562000000,3.91624300000,"Transit",2016
"KELT-21 b",17.77747400,1.58600000,1242.71530000,0.0522400000,3.61276470000,"Transit",2018
"TOI-332 b",3.20000000,0.28548537,57.20000000,0.0159000000,0.77703800000,"Transit",2023
"BD+55 362 b",,,228.83645304,0.7800000000,265.59000000000,"Radial Velocity",2021
"TOI-6303 b",11.59000000,1.03400000,2493.00000000,0.0761000000,9.48523600000,"Transit",2025
"Kepler-246 b",2.34000000,0.20900000,,0.0520000000,4.60182000000,"Transit",2014
"2MASS J01033563-5515561 AB b",,,4131.79000000,84.0000000000,,"Imaging",2013
"Kepler-1442 b",3.93000000,0.35061112,,,81.41629410000,"Transit",2016
"USco1621 b",,,5085.28000000,2880.0000000000,,"Imaging",2019
"HD 125612 c",,,15.57359194,0.0510000000,4.15466000000,"Radial Velocity",2009
"Kepler-1644 b",1.88000000,0.16772237,,,21.09077580000,"Transit",2016
"omi CrB b",,,355.96781584,0.6990000000,187.01000000000,"Radial Velocity",2012
"GJ 676 A b",,,1840.86213334,1.7350000000,1051.44521000000,"Radial Velocity",2010
"GJ 179 b",,,260.61000000,2.4100000000,2288.00000000000,"Radial Velocity",2009
"Kepler-397 b",2.46000000,0.21900000,,0.1440000000,22.25094900000,"Transit",2014
"Kepler-683 b",1.97000000,0.17575163,,,2.53918317900,"Transit",2016
"TOI-969 c",,,3591.46099910,2.5200000000,1700.00000000000,"Radial Velocity",2022
"K2-270 c",2.95000000,0.26318137,,0.0497000000,4.40002800000,"Transit",2018
"Kepler-238 f",2.00000000,0.17800000,13.50000000,,50.44700000000,"Transit",2013
"K2-5 b",1.91000000,0.17039879,,0.0532000000,5.73594000000,"Transit",2015
"HD 137388 b",,,63.56600000,0.8900000000,330.00000000000,"Radial Velocity",2011
"Kepler-347 b",1.97000000,0.17600000,,0.1100000000,12.79836000000,"Transit",2014
"K2-413 c",1.23270000,0.10997432,,0.0426000000,5.33010000000,"Transit",2022
"TOI-4527.01",0.90866170,0.08097753,,0.0083323530,0.39944450000,"Transit",2024
"HD 177830 b",,,537.13270000,1.1400000000,410.10001000000,"Radial Velocity",1999
"Kepler-1563 b",0.75000000,0.06691052,,,3.43276598000,"Transit",2016
"Kepler-862 b",2.21000000,0.19716299,,,3.14866453400,"Transit",2016
"47 UMa b",,,804.08000000,2.1000000000,1078.00000000000,"Radial Velocity",1996
"Kepler-32 c",2.00000000,0.17800000,158.90000000,0.0900000000,8.75220000000,"Transit",2011
"DMPP-1 b",,,16.80000000,0.1423000000,17.81200000000,"Radial Velocity",2019
"GJ 3998 d",,,6.07000000,0.1890000000,41.78000000000,"Radial Velocity",2025
"Kepler-653 b",1.95000000,0.17396735,,,14.70748976000,"Transit",2016
"WASP-151 b",13.30506009,1.18700000,100.43377661,0.0550000000,4.53347750000,"Transit",2017
"TOI-2120 b",2.12200000,0.18931249,6.80000000,0.0377000000,5.79981640000,"Transit",2024
"HIP 97166 c",,,8.00000000,0.1240000000,16.43200000000,"Radial Velocity",2021
"HD 140901 b",,,15.57359194,0.0850000000,9.02378000000,"Radial Velocity",2022
"HD 93963 A b",1.46954368,0.13110413,2.80000000,0.0206100000,1.03761090000,"Transit",2022
"GJ 876 e",,,14.60000000,0.3343000000,124.26000000000,"Radial Velocity",2010
"K2-99 b",11.88151954,1.06000000,276.51071409,0.1530000000,18.24783000000,"Transit",2016
"TOI-1135 b",9.91994792,0.88500000,58.79825529,0.0815000000,8.02773270000,"Transit",2024
"Kepler-300 b",1.67000000,0.14900000,,0.0940000000,10.44634700000,"Transit",2014
"Kepler-178 b",2.90000000,0.25900000,,0.0850000000,9.57669400000,"Transit",2014
"Kepler-254 b",3.87000000,0.34500000,,0.0640000000,5.82666200000,"Transit",2014
"K2-44 b",2.43300000,0.21705772,,0.0600000000,5.65700000000,"Transit",2016
"K2-414 b",1.21900000,0.10875208,,0.0487000000,4.36960000000,"Transit",2022
"Kepler-1138 b",1.70000000,0.15166384,,,3.17060005000,"Transit",2016
"HD 7924 b",,,6.35660000,0.0600000000,5.39792000000,"Radial Velocity",2008
"TIC 34085383 b",3.91982296,0.34970378,,,3.47793368523,"Transit",2026
"Kepler-397 c",6.18000000,0.55100000,,0.4800000000,135.49852700000,"Transit",2014
"K2-150 b",2.00000000,0.17842805,,0.0727000000,10.59357000000,"Transit",2018
"Kepler-206 b",1.20000000,0.10700000,,0.0780000000,7.78198700000,"Transit",2014
"K2-108 b",5.33000000,0.47551075,,0.0581000000,4.73399900000,"Transit",2017
"Kepler-437 b",2.14000000,0.19000000,,0.2880000000,66.65062000000,"Transit",2015
"HD 23472 e",0.81800000,0.07297720,0.72000000,0.0680000000,7.90754000000,"Transit",2022
"HD 18599 b",2.60000000,0.23195686,24.10000000,0.0480000000,4.13743540000,"Transit",2022
"K2-159 b",2.26000000,0.20162370,,0.1013000000,12.42205000000,"Transit",2018
"Kepler-603 b",2.65000000,0.23641716,,,21.05358596000,"Transit",2016
"kap And b",15.91675259,1.42000000,5498.43144110,,,"Imaging",2012
"WASP-22 b",13.78707000,1.23000000,212.94610000,,3.53269000000,"Transit",2010
"WASP-31 b",17.36300000,1.54900000,151.91600000,0.0465900000,3.40590960000,"Transit",2010
"Kepler-189 c",2.38000000,0.21200000,,0.1370000000,20.13486600000,"Transit",2014
"OGLE-2018-BLG-1212L b",,,63.56568140,1.6800000000,,"Microlensing",2022
"Kepler-1776 b",2.61157023,0.23298909,,,35.01190186000,"Transit",2021
"WASP-186 b",12.44199000,1.11000000,1341.24260000,0.0600000000,5.02679900000,"Transit",2020
"TOI-5159 b",1.54732112,0.13804298,,,5.83639428843,"Transit",2026
"Kepler-916 b",1.76000000,0.15701668,,,32.29687980000,"Transit",2016
"Kepler-1361 b",0.86000000,0.07672406,,,3.57554956000,"Transit",2016
"HATS-43 b",13.22662000,1.18000000,82.95363000,0.0494400000,4.38884970000,"Transit",2018
"TOI-2420 b",15.02003414,1.34000000,294.62693329,0.0684000000,5.84264100000,"Transit",2024
"K2-36 b",1.43000000,0.12757627,4.30000000,0.0228800000,1.42261400000,"Transit",2016
"Kepler-274 c",1.84000000,0.16400000,,0.2040000000,33.19786100000,"Transit",2014
"Kepler-778 b",1.68000000,0.14987956,,,3.75574426000,"Transit",2016
"TOI-4184 b",2.43000000,0.21679045,,0.0336000000,4.90198040000,"Transit",2023
"Kepler-279 d",3.10000000,0.27700000,37.50000000,,54.41400000000,"Transit",2013
"Kepler-733 b",2.82000000,0.25158355,,,20.83424726000,"Transit",2016
"WASP-165 b",14.12334000,1.26000000,209.13214000,0.0482300000,3.46550900000,"Transit",2018
"Kepler-85 c",1.97800000,0.17646564,2.15000000,,12.51000000000,"Transit",2012
"Kepler-20 b",1.77300000,0.15817674,9.70000000,0.0456500000,3.69610490000,"Transit",2011
"TOI-5515 b",2.65362762,0.23674121,,,8.59225810839,"Transit",2026
"HIP 35173 b",,,12.70000000,0.2170000000,41.51600000000,"Radial Velocity",2019
"K2-318 b",1.66000000,0.14809528,,0.0911000000,7.01000000000,"Transit",2020
"Kepler-1308 b",0.52000000,0.04639129,,,2.10433811900,"Transit",2016
"CoRoT-29 b",10.08810000,0.90000000,270.15550000,0.0386000000,2.85057000000,"Transit",2015
"Kepler-1543 b",2.71000000,0.24177001,,,6.96710269000,"Transit",2016
"HD 1666 b",,,2040.00000000,0.9400000000,270.00000000000,"Radial Velocity",2015
"Kepler-972 b",4.65000000,0.41484521,,,7.03932553000,"Transit",2016
"Kepler-1245 c",1.44000000,0.12846820,,,2.93658468100,"Transit",2016
"HIP 38594 b",,,8.10000000,0.2560000000,60.72200000000,"Radial Velocity",2020
"Kepler-1689 b",0.94678642,0.08446663,,,8.48300000000,"Transit",2020
"Kepler-1624 b",6.59000000,0.58792143,,,3.29031400000,"Transit",2016
"Kepler-1890 b",0.86867375,0.07749801,,,4.82059001900,"Transit",2021
"WASP-10 b",12.10600000,1.08000000,1001.12000000,0.0378100000,3.09276160000,"Transit",2008
"Kepler-1681 b",2.55321772,0.22778283,,,69.89560000000,"Transit",2020
"TOI-2714 b",13.72000000,1.22401852,228.00000000,0.0360000000,2.49938700000,"Transit",2024
"ROXs 42 B b",,,2860.00000000,157.0000000000,,"Imaging",2013
"Kepler-1095 b",1.21000000,0.10794897,,,4.27103091000,"Transit",2016
"TOI-2141 b",3.14700000,0.28075702,20.10000000,0.1322000000,18.26160800000,"Transit",2023
"Kepler-991 b",2.54000000,0.22660362,,,82.53425190000,"Transit",2016
"K2-268 f",2.23000000,0.19894762,,,26.27057000000,"Transit",2021
"Kepler-386 c",1.58000000,0.14100000,,0.1550000000,25.19345800000,"Transit",2014
"CoRoT-7 d",,,17.14200000,,8.96600000000,"Radial Velocity",2022
"Kepler-278 b",3.95500000,0.35284207,56.00000000,0.2020000000,30.15560000000,"Transit",2014
"Kepler-1586 b",1.52000000,0.13560532,,,15.60492120000,"Transit",2016
"Kepler-1527 b",4.77000000,0.42555090,,,160.12991800000,"Transit",2016
"EPIC 206317286 c",2.09400000,0.18681449,,,17.51547200000,"Transit",2022
"HD 14787 b",,,356.28743000,1.7000000000,676.60000000000,"Radial Velocity",2018
"HD 34445 b",,,260.62060000,2.0700000000,1049.00000000000,"Radial Velocity",2009
"TOI-5789 e",,,11.61000000,0.2901000000,62.98000000000,"Radial Velocity",2026
"GJ 504 b",,,1271.30000000,43.5000000000,,"Imaging",2013
"HD 21520 b",2.69700000,0.24061064,17.70000000,0.1726000000,25.12920000000,"Transit",2024
"HD 159868 b",,,704.94694000,2.3200000000,1184.10000000000,"Radial Velocity",2006
"HD 215152 b",,,1.81900000,0.0576380000,5.75999000000,"Radial Velocity",2018
"K2-266 c",0.70500000,0.06289589,0.29013072,0.0679000000,7.81400000000,"Transit",2018
"HD 40307 g",,,7.10000000,0.6000000000,197.80000000000,"Radial Velocity",2013
"Kepler-1968 b",1.50004034,0.13382487,,,7.28109979600,"Transit",2021
"Kepler-1246 b",1.36000000,0.12133107,,,11.32271513000,"Transit",2016
"HD 96063 b",,,403.64410000,1.1100000000,362.50000000000,"Radial Velocity",2011
"Kepler-288 c",2.85000000,0.25400000,,0.1400000000,19.30577200000,"Transit",2014
"Kepler-1244 b",1.35000000,0.12043893,,,3.70428172000,"Transit",2016
"Kepler-1339 b",0.71000000,0.06334196,,,1.34155512700,"Transit",2016
"Kepler-1224 b",1.33000000,0.11865465,,,13.32351601000,"Transit",2016
"HD 6718 b",,,762.78817680,3.5300000000,2476.00000000000,"Radial Velocity",2009
"HD 112300 b",,,5031.22368281,1.3300000000,466.63000000000,"Radial Velocity",2023
"Kepler-306 d",2.47000000,0.22000000,,0.1200000000,17.32664400000,"Transit",2014
"K2-268 b",1.50000000,0.13382127,,,2.15167600000,"Transit",2018
"Kepler-888 b",1.76000000,0.15701668,,,70.69790610000,"Transit",2016
"HD 191939 d",2.99500000,0.26719646,2.80000000,0.2132000000,38.35303700000,"Transit",2020
"HATS-4 b",11.43300000,1.02000000,420.47100000,0.0362000000,2.51672900000,"Transit",2014
"USco1556 b",,,4767.45000000,3500.0000000000,,"Imaging",2019
"KIC 10068024 b",,,635.65681400,,2.07354900000,"Orbital Brightness Modulation",2021
"Kepler-1073 d",1.48770949,0.13272478,,,2.50476002700,"Transit",2021
"K2-79 b",4.15000000,0.37023884,5.90000000,0.0987000000,10.99503900000,"Transit",2016
"TOI-244 b",1.52000000,0.13560555,2.68000000,0.0559000000,7.39722500000,"Transit",2023
"Kepler-1356 b",1.53000000,0.13649746,,,0.63400293700,"Transit",2016
"Kepler-933 b",2.46000000,0.21946650,,,14.20443009000,"Transit",2016
"Kepler-342 e",0.88000000,0.07850834,,,1.64422461300,"Transit",2016
"WASP-73 b",15.91678000,1.42000000,908.99380000,,4.08722000000,"Transit",2014
"Kepler-1458 b",2.76000000,0.24623071,,,47.98727640000,"Transit",2016
"Kepler-615 b",1.74000000,0.15523240,,,10.35584657000,"Transit",2016
"BD+15 2940 b",,,352.78000000,0.5390000000,137.48000000000,"Radial Velocity",2013
"KMT-2016-BLG-1337L b",,,88.99195396,3.9700000000,,"Microlensing",2026
"OGLE-2014-BLG-0124L b",,,206.58846455,3.4800000000,,"Microlensing",2015
"EPIC 201757695.02",0.90819000,0.08102328,,0.0296000000,2.04780000000,"Transit",2020
"Kepler-1336 b",1.98000000,0.17664377,,,23.19868100000,"Transit",2016
"MWC 758 c",,,,100.0000000000,,"Imaging",2023
"Kepler-33 f",4.46000000,0.39790000,,0.2535000000,41.02902000000,"Transit",2011
"TOI-4640 b",2.84326517,0.25365957,,,2.68566015238,"Transit",2026
"Kepler-1719 b",3.95000623,0.35239656,,,6.14955997500,"Transit",2021
"Kepler-742 b",3.24000000,0.28905344,,,8.36086823800,"Transit",2016
"Kepler-1087 b",0.61000000,0.05442055,,,0.69384285500,"Transit",2016
"Kepler-132 c",1.28000000,0.11400000,,0.0680000000,6.41491400000,"Transit",2014
"HD 134987 c",,,260.00000000,5.8000000000,5000.00000000000,"Radial Velocity",2009
"WASP-74 b",15.24424000,1.36000000,228.83760000,,2.13775000000,"Transit",2015
"K2-70 b",2.89000000,0.25782853,,0.1112000000,13.97896000000,"Transit",2016
"Kepler-55 f",1.59000000,0.14200000,,0.0810000000,10.19854500000,"Transit",2014
"TOI-1743 b",1.83000000,0.16326195,,0.0358900000,4.26604600000,"Transit",2025
"Kepler-493 b",15.13000000,1.34980819,,,3.00387658100,"Transit",2016
"HD 10180 f",,,22.94732600,0.4929000000,122.74400000000,"Radial Velocity",2010
"KOI-1833 d",2.58000000,0.23017258,11.02000000,,7.68500000000,"Transit",2021
"EPIC 212587672 b",1.26000000,0.11240986,,,15.28078000000,"Transit",2019
"Kepler-589 b",2.27000000,0.20251584,,,16.54964934000,"Transit",2016
"TOI-5388.01",0.99000000,0.08832204,2.20000000,,2.59467480000,"Transit",2024
"TOI-5007 b",11.07447293,0.98800000,211.03806225,0.0307000000,2.54337100000,"Transit",2026
"CoRoT-27 b",11.28700000,1.00700000,3302.11000000,0.0476000000,3.57532000000,"Transit",2014
"Kepler-1079 b",1.63000000,0.14541886,,,13.24503188000,"Transit",2016
"Kepler-1381 b",2.25000000,0.20073156,,,25.38426860000,"Transit",2016
"Kepler-1338 b",0.92000000,0.08207690,,,0.93511805700,"Transit",2016
"Kepler-930 b",2.13000000,0.19002587,,,71.45177750000,"Transit",2016
"TOI-2669 b",19.72780603,1.76000000,193.87532827,,6.20340000000,"Transit",2022
"Kepler-702 b",9.17000000,0.81809260,,,10.52629406300,"Transit",2016
"Kepler-539 b",8.37312300,0.74700000,308.29510000,0.4988000000,125.63243000000,"Transit",2016
"Kepler-781 b",2.89000000,0.25782853,,,13.21407320000,"Transit",2016
"KELT-6 b",14.57170000,1.30000000,165.27160000,,7.84570000000,"Transit",2014
"HD 113337 c",,,6299.67685515,6.8050000000,5429.93477000000,"Radial Velocity",2020
"K2-32 e",1.21200000,0.10812758,2.10000000,0.0489900000,4.34934000000,"Transit",2019
"Kepler-728 b",3.34000000,0.29797484,,,5.74347726500,"Transit",2016
"GJ 687 b",,,17.20000000,0.1630000000,38.14200000000,"Radial Velocity",2014
"HD 20794 e",,,4.77000000,0.5090000000,147.02000000000,"Radial Velocity",2017
"Kepler-188 b",1.68000000,0.15000000,,0.0320000000,2.06189700000,"Transit",2014
"Kepler-203 b",2.57000000,0.22900000,,0.0430000000,3.16269700000,"Transit",2014
"HD 16417 b",,,22.10000000,0.1400000000,17.24000000000,"Radial Velocity",2008
"2MASS J11011926-7732383 b",,,8899.19539600,266.0000000000,,"Imaging",2024
"Kepler-84 f",2.20000000,0.19600000,,0.2500000000,44.55216900000,"Transit",2014
"TOI-1803 c",4.29000000,0.38272882,8.00000000,0.0970000000,12.88577900000,"Transit",2025
"GJ 680 b",,,7977.49301570,10.1380000000,17281.66514000000,"Radial Velocity",2022
"Kepler-1661 b",3.87000000,0.34525827,17.00000000,0.6330000000,175.06000000000,"Transit",2020
"Kepler-149 b",4.21000000,0.37600000,,0.1840000000,29.19894300000,"Transit",2014
"Kepler-1696 b",2.80982017,0.25067537,,,65.94090000000,"Transit",2020
"Kepler-36 b",1.49800000,0.13364261,3.83000000,,13.86825000000,"Transit",2012
"HD 37605 c",,,1013.87770000,3.7400000000,2720.00000000000,"Radial Velocity",2012
"Kepler-432 b",12.83430500,1.14500000,1719.46030000,0.3010000000,52.50112900000,"Transit",2015
"Kepler-1450 b",1.71000000,0.15255598,,,54.50941660000,"Transit",2016
"K2-183 d",2.30000000,0.20519261,,,22.62034400000,"Transit",2018
"Kepler-80 b",2.67000000,0.23820145,6.93000000,0.0648000000,7.05246000000,"Transit",2012
"Kepler-42 c",0.73000000,0.06500000,,0.0060000000,0.45328509000,"Transit",2011
"Kepler-1987 c",1.33000000,0.11865486,,0.0427000000,3.64830183000,"Transit",2023
"Kepler-132 e",1.18000000,0.10527255,,,110.28693740000,"Transit",2016
"Kepler-191 b",1.34000000,0.12000000,,0.0870000000,9.93963200000,"Transit",2014
"TOI-3457 b",10.64000000,0.94900000,797.74930157,0.2001000000,32.60026800000,"Transit",2026
"Kepler-500 b",2.58000000,0.23017218,,,8.50832439800,"Transit",2016
"Kepler-1817 b",2.27349126,0.20282765,,,44.29919815000,"Transit",2021
"Kepler-240 b",1.37000000,0.12200000,,0.0480000000,4.14449500000,"Transit",2014
"TOI-6393 b",2.75958542,0.24619414,,,9.53176110329,"Transit",2026
"Kepler-289 c",11.23000000,1.00187522,157.18000000,,125.87230000000,"Transit",2014
"Kepler-141 c",1.41000000,0.12600000,,0.0670000000,7.01060600000,"Transit",2014
"K2-207 b",2.60585269,0.23247861,,,12.48749000000,"Transit",2018
"TOI-1814 b",5.18536642,0.46260820,,,6.36861010462,"Transit",2026
"K2-195 c",2.57581891,0.22979917,,,28.48278600000,"Transit",2018
"Kepler-172 d",2.25000000,0.20100000,,0.1180000000,14.62711900000,"Transit",2014
"Kepler-229 d",3.85000000,0.34300000,,0.2200000000,41.19491200000,"Transit",2014
"K2-239 d",1.10000000,0.09813543,,0.0685000000,10.11500000000,"Transit",2018
"Kepler-1408 b",0.89000000,0.07940048,,,2.99793191000,"Transit",2016
"K2-173 b",1.60826194,0.14347952,,,5.86869900000,"Transit",2018
"K2-58 d",1.71000000,0.15255598,,0.1517000000,22.88270000000,"Transit",2016
"Kepler-1236 b",2.14000000,0.19091801,,,31.05716180000,"Transit",2016
"HD 11977 b",,,2080.00000000,1.9300000000,711.00000000000,"Radial Velocity",2005
"K2-268 c",2.69000000,0.23998614,,,9.32752700000,"Transit",2018
"HD 51608 c",,,14.31000000,0.3809000000,95.94460000000,"Radial Velocity",2019
"Kepler-1904 b",1.39049940,0.12405226,,,4.57702016800,"Transit",2021
"HD 118203 b",12.77823800,1.14000000,680.15279098,0.0713000000,6.13497790000,"Radial Velocity",2005
"Kepler-487 c",2.68000000,0.23909359,,,38.65199760000,"Transit",2016
"HD 152079 b",,,845.74563000,4.1870000000,2918.92000000000,"Radial Velocity",2009
"Kepler-1605 b",1.08000000,0.09635115,,,85.75654950000,"Transit",2016
"HIP 34222 b",,,263.79757781,0.4920000000,159.98600000000,"Radial Velocity",2021
"Kepler-1130 b",0.80000000,0.07137122,,,5.45298175000,"Transit",2016
"Kepler-1484 b",2.11000000,0.18824159,,,30.45491360000,"Transit",2016
"HD 199509 b",,,43.22466335,0.4260000000,99.62167000000,"Radial Velocity",2022
"TOI-5634 A b",10.42000000,0.92300000,588.00000000,0.0272000000,2.20353730000,"Transit",2024
"K2-193 b",3.95000000,0.35239540,,0.1184000000,14.78688900000,"Transit",2018
"Kepler-84 c",2.36000000,0.21100000,,,12.88300000000,"Transit",2012
"Kepler-362 c",1.45000000,0.12900000,,0.2070000000,37.86628100000,"Transit",2014
"OGLE-2006-BLG-109L b",,,231.00000000,2.3000000000,1788.50000000000,"Microlensing",2008
"MOA-2011-BLG-028L b",,,30.00000000,4.1400000000,,"Microlensing",2016
"OGLE-2007-BLG-349L AB c",,,80.00000000,2.5900000000,2557.00000000000,"Microlensing",2016
"KMT-2019-BLG-0842L b",,,10.28000000,3.3100000000,,"Microlensing",2020
"OGLE-2018-BLG-0567L b",,,101.70509024,2.7200000000,,"Microlensing",2021
"KMT-2018-BLG-0885L b",,,9217.02380300,1.0700000000,,"Microlensing",2023
"OGLE-2016-BLG-0007L b",,,1.32000000,10.1000000000,14200.00000000000,"Microlensing",2025
"Oph 11 b",,,4449.62000000,243.0000000000,7300000.00000000000,"Imaging",2006
"2MASS J02192210-3925225 b",16.14096000,1.44000000,4417.83700000,156.0000000000,,"Imaging",2015
"V2376 Ori b",87.20586985,7.78000000,6356.56814000,71.0000000000,,"Imaging",2025
"K2-156 b",1.10000000,0.09813560,,,0.81314300000,"Transit",2018
"HD 113538 c",,,295.57000000,2.4400000000,1818.00000000000,"Radial Velocity",2010
"HD 18742 b",,,1080.62200000,1.8200000000,766.00000000000,"Radial Velocity",2011
"MOA-2007-BLG-192L b",,,12.49000000,2.0200000000,,"Microlensing",2008
"WASP-16 b",13.67498000,1.22000000,394.10920000,,3.11860000000,"Transit",2009
"WASP-29 b",8.63093000,0.77000000,73.10090000,,3.92273000000,"Transit",2010
"WASP-113 b",15.79348100,1.40900000,150.96925000,0.0588500000,4.54216874538,"Transit",2016
"HD 128356 b",,,282.86870000,0.8700000000,298.20000000000,"Radial Velocity",2016
"GJ 143 b",2.61000000,0.23284860,22.70000000,0.1915000000,35.61253000000,"Transit",2019
"KMT-2017-BLG-1146L b",,,230.00000000,1.6000000000,,"Microlensing",2019
"KMT-2016-BLG-0212L b",,,5700.00000000,2.2000000000,,"Microlensing",2018
"HD 108236 b",1.61500000,0.14408065,,0.0452700000,3.79596300000,"Transit",2020
"Kepler-808 b",1.46000000,0.13025248,,,0.63133235300,"Transit",2016
"TOI-3331 A b",12.97999965,1.15800000,721.47048389,0.0314400000,2.01802310000,"Transit",2022
"NGTS-24 b",13.60770257,1.21400000,165.27077164,0.0479000000,3.46787960000,"Transit",2022
"Kepler-249 d",1.57000000,0.14000000,,0.0970000000,15.36845900000,"Transit",2014
"HD 205158 b",,,124.58873554,0.1770000000,25.33798000000,"Radial Velocity",2022
"HD 206893 b",,,6197.65393650,10.7500000000,11100.00000000000,"Imaging",2021
"TOI-1294 b",10.12369881,0.90317747,63.90000000,0.0510000000,3.91529200000,"Transit",2024
"Kepler-938 b",2.22000000,0.19805513,,,52.62984170000,"Transit",2016
"TOI-4513 b",2.34587608,0.20928541,,,9.76042253684,"Transit",2026
"Kepler-1139 b",1.19000000,0.10616469,,,0.81316671900,"Transit",2016
"Kepler-102 b",0.46000000,0.04103852,1.10000000,0.0552100000,5.28696500000,"Transit",2014
"Kepler-1073 c",1.64000000,0.14631100,,,4.02582254000,"Transit",2016
"Kepler-1403 b",2.14000000,0.19091801,,,5.19492202000,"Transit",2016
"Kepler-343 b",2.41000000,0.21500000,,0.0880000000,8.96855000000,"Transit",2014
"Kepler-210 b",2.94000000,0.26200000,,0.0320000000,2.45323400000,"Transit",2014
"Kepler-55 c",2.21000000,0.19700000,,,42.15164180000,"Transit",2012
"Kepler-1647 b",11.87390000,1.05931840,483.00000000,2.7205000000,1107.59230000000,"Transit",2016
"Kepler-241 b",2.33000000,0.20800000,,0.0940000000,12.71809200000,"Transit",2014
"Kepler-958 b",2.06000000,0.18378089,,,9.76788050000,"Transit",2016
"DMPP-9 b",,,14.43000000,0.1097000000,12.73300000000,"Radial Velocity",2026
"HD 16760 b",,,6833.31075050,1.1560000000,466.08000000000,"Radial Velocity",2009
"Kepler-1367 b",0.92000000,0.08207690,,,1.57409027200,"Transit",2016
"Kepler-325 c",2.54000000,0.22700000,,0.1050000000,12.76217200000,"Transit",2014
"Kepler-1395 b",0.80000000,0.07137122,,,3.78470649000,"Transit",2016
"Kepler-1398 b",0.90000000,0.08029262,,,2.78815679000,"Transit",2016
"HAT-P-36 b",14.31389300,1.27700000,587.41340600,0.0241000000,1.32734683000,"Transit",2011
"Kepler-451 c",,,511.70373527,,1460.00000000000,"Eclipse Timing Variations",2022
"Kepler-624 b",2.31000000,0.20608440,,,14.58649607000,"Transit",2016
"Kepler-695 b",9.21000000,0.82166117,,,3.04033042400,"Transit",2016
"HD 113337 b",,,1035.80277841,1.0220000000,317.58639000000,"Radial Velocity",2013
"BD+63 1405 b",,,1258.60049172,2.0600000000,1198.48000000000,"Radial Velocity",2021
"K2-16 b",2.02000000,0.18021233,,0.0667000000,7.61880000000,"Transit",2015
"HIP 14810 c",,,416.35730000,0.5490000000,147.74700000000,"Radial Velocity",2006
"Kepler-1965 b",1.35415138,0.12080950,,,41.86869812000,"Transit",2021
"Kepler-1636 b",3.23000000,0.28816130,,,425.47785000000,"Transit",2016
"Kepler-547 b",4.00000000,0.35685610,,,6.01038428900,"Transit",2016
"Kepler-1031 b",0.87000000,0.07761620,,,1.22621732000,"Transit",2016
"HD 120084 b",,,2034.10180480,4.2100000000,2142.00000000000,"Radial Velocity",2013
"EPIC 212587672 c",2.32000000,0.20697689,,,23.22855500000,"Transit",2021
"HD 154391 b",,,2892.23850370,7.4600000000,5163.00000000000,"Radial Velocity",2023
"TOI-544 c",,,21.50000000,,50.08900000000,"Radial Velocity",2023
"Kepler-1168 b",2.50000000,0.22303506,,,55.82265390000,"Transit",2016
"Kepler-394 c",1.66000000,0.14800000,,0.1100000000,12.13068600000,"Transit",2014
"HD 12484 b",,,947.13340000,0.2970000000,58.83000000000,"Radial Velocity",2016
"K2-85 b",1.40000000,0.12489985,3.20000000,,0.68453862616,"Transit",2016
"Kepler-1068 b",3.63000000,0.32384691,,,16.92344113000,"Transit",2016
"TOI-2458 c",,,10.22000000,0.1290000000,16.55300000000,"Radial Velocity",2024
"TOI-2184 b",11.39953337,1.01700000,206.58846455,,6.90683000000,"Transit",2022
"Kepler-762 b",12.68000000,1.13123383,,,3.77055209800,"Transit",2016
"Barnard d",,,0.26300000,0.0188000000,2.34020000000,"Radial Velocity",2025
"K2-215 b",2.12381238,0.18947385,,,8.26964800000,"Transit",2018
"OGLE-2019-BLG-1470L AB c",,,699.22249540,3.2000000000,,"Microlensing",2022
"Kepler-27 b",4.00000000,0.35700000,2895.31000000,0.1180000000,15.33480000000,"Transit",2011
"TOI-615 b",18.97680433,1.69300000,138.25535705,0.0678000000,4.66159830000,"Transit",2023
"K2-278 b",2.98000000,0.26585779,,0.0488000000,3.33496600000,"Transit",2018
"Kepler-142 c",2.86000000,0.25500000,,0.0570000000,4.76170200000,"Transit",2014
"HD 96992 b",,,362.32620000,1.2400000000,514.00000000000,"Radial Velocity",2021
"47 UMa c",,,171.62100000,3.6000000000,2391.00000000000,"Radial Velocity",2001
"HD 177830 c",,,47.67250000,0.5137000000,110.90000000000,"Radial Velocity",2010
"Kepler-955 b",3.13000000,0.27923990,,,14.53244172000,"Transit",2016
"HD 127506 b",,,27.33324300,0.2870000000,65.78395000000,"Radial Velocity",2022
"KMT-2021-BLG-1770L b",,,6674.39654700,0.9000000000,,"Microlensing",2023
"Kepler-986 b",2.36000000,0.21054510,,,56.43499380000,"Transit",2016
"TOI-1776 b",1.21612741,0.10849581,1.40000000,0.0378000000,2.79986800000,"Transit",2024
"TOI-1472 b",4.05800000,0.36200000,18.05000000,0.0640000000,6.36338574000,"Transit",2024
"HD 24040 b",,,1226.82380000,4.9200000000,3668.00000000000,"Radial Velocity",2006
"Kepler-823 b",1.57000000,0.14006602,,,4.16809082000,"Transit",2016
"HD 45364 c",,,174.48779544,0.9020000000,345.43000000000,"Radial Velocity",2008
"HD 75898 c",,,2698.36317543,7.3900000000,6717.00000000000,"Radial Velocity",2024
"TOI-5210 b",10.72699453,0.95700000,81.99972901,0.0557000000,4.56610610000,"Transit",2025
"Kepler-1575 b",1.31000000,0.11687037,,,2.55314213000,"Transit",2016
"HAT-P-40 b",17.03768000,1.52000000,152.55840000,,4.45724000000,"Transit",2012
"HIP 8541 b",,,2451.72833160,3.7290000000,1852.14387000000,"Radial Velocity",2016
"Kepler-1620 b",1.61000000,0.14363458,,,101.95182900000,"Transit",2016
"TOI-1052 b",2.87000000,0.25604469,16.90000000,0.0910300000,9.13970300000,"Transit",2023
"HD 64121 b",,,813.64072192,1.5100000000,623.00000000000,"Radial Velocity",2022
"KOI-2513.01",2.80224517,0.25000000,7310.05336100,0.5000000000,19.00547000000,"Transit",2023
"GJ 9066 c",,,66.74396547,0.8800000000,771.36000000000,"Radial Velocity",2020
"TOI-5005 b",6.25000000,0.55800000,32.70000000,0.0661400000,6.30850440000,"Transit",2024
"Kepler-1602 b",1.34000000,0.11954679,,,11.17931605000,"Transit",2016
"WASP-158 b",11.99363000,1.07000000,886.74570000,0.0517000000,3.65633300000,"Transit",2018
"Kepler-1422 b",2.02000000,0.18021233,,,18.60519420000,"Transit",2016
"EPIC 212624936 b",1.20000000,0.10705701,,,0.57865700000,"Transit",2021
"OGLE-2011-BLG-0265L b",,,280.00000000,1.8900000000,,"Microlensing",2015
"Kepler-1189 b",1.77000000,0.15790882,,,3.78858982000,"Transit",2016
"TOI-2382 b",12.25141591,1.09300000,235.19302118,0.0590000000,4.66120610000,"Transit",2025
"Kepler-1222 b",0.79000000,0.07047908,,,1.91694425400,"Transit",2016
"TYC 4282-00605-1 b",,,3426.20740000,0.4220000000,101.54000000000,"Radial Velocity",2017
"TOI-2447 b",9.60609646,0.85700000,124.90656395,0.3470000000,69.33684000000,"Transit",2024
"Kepler-1852 b",1.88610592,0.16826739,,,7.97094011300,"Transit",2021
"Kepler-799 b",6.88000000,0.61379249,,,133.46052350000,"Transit",2016
"KMT-2019-BLG-0578L b",,,381.39408840,2.0000000000,,"Microlensing",2025
"Kepler-94 b",3.51000000,0.31300000,10.84000000,,2.50806000000,"Transit",2014
"TOI-2274 b",2.45000000,0.21857474,,0.0500000000,2.67963000000,"Transit",2024
"HD 219134 g",,,10.80622000,0.3753000000,94.20000000000,"Radial Velocity",2015
"HD 59686 A b",,,2199.38360000,1.0860000000,299.36000000000,"Radial Velocity",2016
"HD 96700 c",,,3.50000000,0.1410000000,19.88000000000,"Radial Velocity",2021
"Kepler-1496 b",2.22000000,0.19805513,,,64.65880170000,"Transit",2016
"Kepler-299 d",1.86000000,0.16600000,,0.1180000000,15.05478600000,"Transit",2014
"GJ 581 c",,,6.81000000,0.0718000000,12.92110000000,"Radial Velocity",2007
"Kepler-359 d",4.01000000,0.35800000,,0.3720000000,77.09569100000,"Transit",2014
"Kepler-83 c",2.36000000,0.21100000,,,20.09000000000,"Transit",2012
"HD 1461 c",,,5.59000000,0.1117000000,13.50520000000,"Radial Velocity",2015
"Kepler-1950 b",1.52696349,0.13622679,,,10.77690029000,"Transit",2021
"CFBDSIR J145829+101343 b",,,3337.10000000,2.6000000000,10037.50000000000,"Imaging",2011
"WASP-75 b",14.23500000,1.27000000,340.06000000,0.0375000000,2.48419300000,"Transit",2013
"Kepler-653 c",0.78000000,0.06958694,,,0.90037647600,"Transit",2016
"Kepler-1807 b",2.70393215,0.24122908,,,10.86060047000,"Transit",2021
"Kepler-320 b",1.14000000,0.10200000,,0.0850000000,8.37155400000,"Transit",2014
"HD 153557 c",,,17.48056238,0.1110000000,15.27018000000,"Radial Velocity",2022
"KMT-2017-BLG-0849L b",,,6.39000000,2.7300000000,,"Microlensing",2024
"TOI-941 b",6.51165317,0.58093179,,,8.51460888787,"Transit",2026
"HD 69830 c",,,11.80000000,0.1860000000,31.56000000000,"Radial Velocity",2006
"Kepler-249 c",1.51000000,0.13500000,,0.0580000000,7.11370200000,"Transit",2014
"Kepler-181 c",1.99000000,0.17800000,,0.0490000000,4.30214900000,"Transit",2014
"TOI-1732 b",2.49549787,0.22263379,,,4.11923678339,"Transit",2026
"KELT-12 b",19.95202000,1.78000000,301.93850000,0.0670800000,5.03162300000,"Transit",2017
"TOI-4087 b",13.04725353,1.16400000,232.01473711,0.0446900000,3.17748350000,"Transit",2023
"GJ 876 c",,,226.98460000,0.1295900000,30.08810000000,"Radial Velocity",2000
"Kepler-298 c",1.93000000,0.17200000,,0.1360000000,22.92881000000,"Transit",2014
"CoRoT-12 b",16.14000000,1.44000000,291.43800000,0.0401600000,2.82804200000,"Transit",2010
"TOI-1799 b",1.64200000,0.14648968,,0.0725020000,7.09457086500,"Transit",2024
"Kepler-412 b",15.03126900,1.34100000,299.07803000,0.0289700000,1.72086040000,"Transit",2014
"HD 142 A d",,,82.63538582,0.4740000000,108.45299000000,"Radial Velocity",2022
"GJ 581 e",,,2.48000000,0.0279900000,3.14810000000,"Radial Velocity",2009
"Kepler-1315 b",1.38000000,0.12311535,,,0.84338011000,"Transit",2016
"Kepler-257 d",4.95000000,0.44200000,,0.1600000000,24.66455100000,"Transit",2014
"LHS 1903 c",2.04600000,0.18253221,4.55000000,0.0538700000,6.22618500000,"Transit",2026
"Kepler-444 f",0.74100000,0.06600000,,0.0811000000,9.74048600000,"Transit",2015
"Kepler-1548 b",2.64000000,0.23552502,,,124.82867900000,"Transit",2016
"TOI-2084 b",2.47000000,0.22035902,,0.0500600000,6.07842470000,"Transit",2023
"K2-355 b",2.25000000,0.20073190,,0.0632000000,5.73856470000,"Transit",2021
"Kepler-1552 b",2.47000000,0.22035864,,,184.77185300000,"Transit",2016
"XO-7 b",15.38995700,1.37300000,225.34147000,0.0442100000,2.86414240000,"Transit",2019
"K2-252 b",1.74000000,0.15523240,,0.1041000000,13.81513000000,"Transit",2018
"Kepler-267 d",2.27000000,0.20300000,,0.1540000000,28.46451500000,"Transit",2014
"Kepler-784 b",1.58000000,0.14095816,,,31.59226460000,"Transit",2016
"Kepler-1311 c",1.22000000,0.10884111,,,2.53573424000,"Transit",2016
"Kepler-1265 b",1.35000000,0.12043893,,,6.49441289000,"Transit",2016
"Kepler-98 b",1.99000000,0.17800000,3.55000000,,1.54168000000,"Transit",2014
"Kepler-520 b",1.66000000,0.14809528,,,19.67416124000,"Transit",2016
"K2-240 c",1.80000000,0.16058524,,0.1159000000,20.52300000000,"Transit",2018
"Kepler-322 c",1.67000000,0.14900000,,0.0510000000,4.33723400000,"Transit",2014
"HD 12661 b",,,772.32690000,0.8400000000,262.70862000000,"Radial Velocity",2000
"HD 16175 b",,,1620.93300000,2.1200000000,990.00000000000,"Radial Velocity",2009
"HD 73267 b",,,1321.53051631,2.2290000000,1257.99159000000,"Radial Velocity",2008
"HD 196067 b",,,3623.24383980,4.7100000000,3413.70000000000,"Radial Velocity",2012
"HD 55696 b",,,1230.00210000,3.1800000000,1827.00000000000,"Radial Velocity",2018
"OGLE-2016-BLG-0261L b",,,66.74396547,0.7200000000,,"Microlensing",2026
"KMT-2025-BLG-0026L b",,,676.97450691,0.9600000000,,"Microlensing",2026
"KMT-2025-BLG-0030L b",,,365.50266805,2.3500000000,,"Microlensing",2026
"KMT-2025-BLG-2272L b",,,785.03616529,3.8900000000,,"Microlensing",2026
