timestamp,temp_c,dewpoint_c,slp_hpa,wind_dir_deg,wind_speed_ms
2023-01-01T01:00,2.2,-1.7,1012.8,120.0,2.1
2023-01-01T02:00,2.2,-1.7,1012.4,140.0,3.1
2023-01-01T03:00,2.8,-1.1,1011.8,140.0,3.1
2023-01-01T04:00,2.8,-0.6,1012.3,80.0,1.5
2023-01-01T05:00,2.8,-0.6,1012.3,0.0,0.0
2023-01-01T06:00,2.8,0.0,1010.9,110.0,3.1
2023-01-01T07:00,2.8,0.0,1010.6,140.0,2.6
2023-01-01T08:00,3.3,0.6,1010.7,160.0,3.1
2023-01-01T09:00,3.3,1.1,1010.8,160.0,2.6
2023-01-01T10:00,3.3,1.7,1010.6,0.0,0.0
2023-01-01T11:00,3.3,2.2,1010.3,140.0,2.1
2023-01-01T12:00,4.4,2.8,1010.8,200.0,2.1
2023-01-01T13:00,5.6,3.9,1011.5,250.0,2.1
2023-01-01T14:00,5.6,3.9,1012.2,240.0,2.6
2023-01-01T15:00,5.6,3.9,1012.8,260.0,2.6
2023-01-01T16:00,5.6,3.9,1013.7,270.0,3.1
2023-01-01T17:00,5.0,3.3,1014.2,260.0,3.1
2023-01-01T18:00,5.0,3.3,1014.1,250.0,3.1
2023-01-01T19:00,5.6,3.9,,230.0,3.6
2023-01-01T20:00,6.1,3.9,1013.9,,1.5
2023-01-01T21:00,7.2,3.9,1014.5,250.0,2.6
2023-01-01T22:00,6.1,3.9,1015.2,250.0,2.1
2023-01-01T23:00,5.6,3.3,1015.2,0.0,0.0
2023-01-02T00:00,4.4,2.2,1014.7,0.0,0.0
2023-01-02T01:00,4.4,2.8,1016.0,210.0,2.6
2023-01-02T02:00,5.0,2.8,1016.6,0.0,0.0
2023-01-02T03:00,4.4,2.8,1017.0,0.0,0.0
2023-01-02T04:00,3.9,2.2,1017.1,0.0,0.0
2023-01-02T05:00,3.3,1.7,1017.4,0.0,0.0
2023-01-02T06:00,3.3,1.7,1017.4,0.0,0.0
2023-01-02T07:00,3.3,1.7,1016.9,0.0,0.0
2023-01-02T08:00,2.8,1.1,1017.2,0.0,0.0
2023-01-02T09:00,1.1,-1.1,1017.3,0.0,0.0
2023-01-02T10:00,0.6,-1.7,1016.7,0.0,0.0
2023-01-02T11:00,0.0,-1.7,1017.4,360.0,2.1
2023-01-02T12:00,0.6,-1.1,1018.2,0.0,0.0
2023-01-02T13:00,1.1,-0.6,1018.5,360.0,2.1
2023-01-02T14:00,1.7,0.0,1018.4,20.0,1.5
2023-01-02T15:00,2.2,0.6,1019.0,360.0,2.6
2023-01-02T16:00,3.9,1.1,1019.4,20.0,2.6
2023-01-02T17:00,4.4,1.7,1018.9,30.0,3.1
2023-01-02T18:00,5.6,2.2,1018.1,60.0,2.6
2023-01-02T19:00,6.1,2.2,1017.8,50.0,3.1
2023-01-02T20:00,5.6,2.2,1017.5,50.0,4.1
2023-01-02T21:00,5.0,1.7,1016.7,50.0,4.1
2023-01-02T22:00,4.4,1.7,1016.7,60.0,4.1
2023-01-02T23:00,4.4,2.2,1015.8,40.0,5.1
2023-01-03T00:00,4.4,2.2,1015.6,80.0,4.6
2023-01-03T01:00,3.3,1.7,,60.0,4.6
2023-01-03T02:00,3.3,1.7,1015.5,40.0,4.6
2023-01-03T03:00,3.3,1.7,1015.0,30.0,4.6
2023-01-03T04:00,3.3,1.7,1012.9,60.0,5.1
2023-01-03T05:00,3.9,2.2,1012.0,30.0,5.1
2023-01-03T06:00,3.9,2.8,1010.9,60.0,4.1
2023-01-03T07:00,4.4,2.8,1009.7,30.0,5.1
2023-01-03T08:00,4.4,3.3,1009.2,50.0,4.6
2023-01-03T09:00,4.4,2.8,1008.6,20.0,6.2
2023-01-03T10:00,4.4,3.3,,40.0,5.7
2023-01-03T11:00,4.4,3.3,1006.2,40.0,5.7
2023-01-03T12:00,4.4,3.3,1005.9,40.0,4.1
2023-01-03T13:00,4.4,3.3,1005.5,30.0,5.1
2023-01-03T14:00,5.0,3.3,1005.3,30.0,5.7
2023-01-03T15:00,5.0,3.3,1004.6,30.0,5.7
2023-01-03T16:00,5.6,3.9,1004.1,40.0,5.7
2023-01-03T17:00,5.6,3.9,1002.9,60.0,3.6
2023-01-03T18:00,5.6,4.4,1002.2,30.0,3.1
2023-01-03T19:00,5.6,4.4,1001.6,20.0,2.6
2023-01-03T20:00,6.1,5.0,1000.8,20.0,3.6
2023-01-03T21:00,6.7,5.0,,350.0,2.1
2023-01-03T22:00,6.7,5.0,1001.2,40.0,2.1
2023-01-03T23:00,6.7,5.0,1001.6,10.0,1.5
2023-01-04T00:00,6.7,5.0,1001.5,20.0,2.1
2023-01-04T01:00,6.1,5.0,1001.4,70.0,1.5
2023-01-04T02:00,6.1,5.0,1001.9,10.0,2.6
2023-01-04T03:00,6.7,5.6,,100.0,2.1
2023-01-04T04:00,6.1,5.0,,320.0,2.1
2023-01-04T05:00,6.7,5.0,,280.0,2.1
2023-01-04T06:00,6.1,5.0,1003.4,270.0,3.1
2023-01-04T07:00,5.6,2.8,1004.0,230.0,3.6
2023-01-04T08:00,4.4,2.2,1003.9,210.0,2.1
2023-01-04T09:00,3.3,1.1,1004.2,220.0,2.1
2023-01-04T10:00,2.8,0.0,1004.2,210.0,2.6
2023-01-04T11:00,3.3,0.6,1003.7,230.0,2.1
2023-01-04T12:00,3.3,0.6,1004.0,200.0,2.6
2023-01-04T13:00,3.3,0.6,1004.1,240.0,2.6
2023-01-04T14:00,3.3,0.6,1004.9,210.0,2.1
2023-01-04T15:00,3.3,0.6,1005.7,220.0,3.1
2023-01-04T16:00,2.8,0.0,1006.4,230.0,3.1
2023-01-04T17:00,2.8,0.0,1006.1,250.0,3.6
2023-01-04T18:00,2.8,-0.6,1005.7,230.0,4.1
2023-01-04T19:00,2.2,-0.6,1005.7,250.0,4.6
2023-01-04T20:00,1.7,-1.1,1005.9,230.0,4.1
2023-01-04T21:00,1.7,-1.1,1006.7,220.0,5.7
2023-01-04T22:00,1.1,-1.1,1007.7,230.0,3.1
2023-01-04T23:00,1.1,-1.1,1008.5,230.0,5.7
2023-01-05T00:00,0.6,-1.1,1009.2,220.0,3.6
2023-01-05T01:00,1.1,-1.1,1009.7,220.0,3.6
2023-01-05T02:00,1.1,-1.7,1009.8,230.0,4.1
2023-01-05T03:00,1.1,-1.7,1010.0,230.0,5.1
2023-01-05T04:00,1.1,-2.2,1010.3,220.0,4.1
2023-01-05T05:00,1.1,-2.2,1010.5,220.0,4.6
2023-01-05T06:00,1.1,-2.2,1010.3,230.0,6.2
2023-01-05T07:00,1.1,-2.2,1009.9,220.0,4.6
2023-01-05T08:00,1.1,-2.2,1009.9,220.0,3.1
2023-01-05T09:00,1.1,-2.2,1010.2,,2.6
2023-01-05T10:00,0.6,-1.7,1009.9,210.0,1.5
2023-01-05T11:00,0.6,-1.7,1009.8,220.0,2.6
2023-01-05T12:00,0.6,-1.7,1010.0,210.0,2.6
2023-01-05T13:00,0.0,-2.2,1010.2,220.0,3.6
2023-01-05T14:00,0.0,-2.2,1010.3,230.0,3.6
2023-01-05T15:00,0.0,-1.7,1010.5,230.0,2.1
2023-01-05T16:00,0.0,-2.2,1010.9,230.0,4.6
2023-01-05T17:00,0.6,-2.2,1010.7,230.0,5.7
2023-01-05T18:00,0.6,-3.3,1010.4,240.0,5.7
2023-01-05T19:00,0.6,-3.3,1010.3,230.0,4.6
2023-01-05T20:00,0.0,-3.9,1010.8,250.0,4.6
2023-01-05T21:00,0.0,-3.3,1011.6,240.0,3.6
2023-01-05T22:00,0.0,-3.3,1012.6,250.0,4.1
2023-01-05T23:00,0.0,-2.8,1013.2,260.0,4.1
2023-01-06T00:00,0.6,-2.8,1013.6,260.0,4.6
2023-01-06T01:00,0.6,-2.8,1014.2,250.0,3.6
2023-01-06T02:00,0.6,-1.7,1014.3,250.0,3.6
2023-01-06T03:00,1.1,-1.7,1014.7,240.0,5.1
2023-01-06T04:00,1.1,-1.1,1014.9,250.0,3.6
2023-01-06T05:00,1.1,-1.1,1015.3,250.0,4.1
2023-01-06T06:00,0.6,-1.1,1015.5,240.0,3.6
2023-01-06T07:00,1.1,-1.1,1015.9,270.0,3.6
2023-01-06T08:00,0.6,-1.7,,260.0,4.1
2023-01-06T09:00,0.6,-1.7,1016.7,260.0,4.1
2023-01-06T10:00,0.0,-2.2,1017.5,260.0,3.6
2023-01-06T11:00,0.0,-2.8,1018.4,260.0,4.6
2023-01-06T12:00,0.0,-3.3,1018.3,270.0,3.6
2023-01-06T13:00,0.0,-3.3,1019.2,250.0,3.1
2023-01-06T14:00,0.0,-3.9,1019.7,270.0,3.1
2023-01-06T15:00,-0.6,-3.9,1020.6,260.0,3.1
2023-01-06T16:00,-1.1,-3.9,1021.5,250.0,4.1
2023-01-06T17:00,-1.1,-4.4,1021.6,270.0,3.6
2023-01-06T18:00,-2.2,-4.4,1021.5,230.0,6.2
2023-01-06T19:00,-2.8,-5.0,1021.3,250.0,3.6
2023-01-06T20:00,-3.3,-6.1,1021.3,250.0,4.6
2023-01-06T21:00,-3.3,-6.7,1021.5,260.0,2.6
2023-01-06T22:00,-3.3,-7.2,1022.6,,2.6
2023-01-06T23:00,-2.8,-7.2,1023.1,240.0,3.1
2023-01-07T00:00,-3.3,-7.2,1023.7,230.0,2.6
2023-01-07T01:00,-2.8,-7.2,1023.9,240.0,1.5
2023-01-07T02:00,-2.8,-6.7,1024.3,240.0,1.5
2023-01-07T03:00,-2.2,-6.7,1024.3,0.0,0.0
2023-01-07T04:00,-2.2,-6.7,1024.8,330.0,2.1
2023-01-07T05:00,-2.2,-6.7,1025.3,20.0,2.6
2023-01-07T06:00,-2.2,-6.7,1025.5,0.0,0.0
2023-01-07T07:00,-2.2,-6.1,1025.9,310.0,2.1
2023-01-07T08:00,-2.2,-6.1,1026.2,350.0,3.6
2023-01-07T09:00,-2.2,-6.1,1026.5,340.0,3.6
2023-01-07T10:00,-2.2,-6.1,1026.3,270.0,1.5
2023-01-07T11:00,-2.2,-6.1,1026.8,280.0,2.1
2023-01-07T12:00,-2.2,-5.6,1027.4,350.0,2.6
2023-01-07T13:00,-2.2,-5.6,1028.1,350.0,2.1
2023-01-07T14:00,-2.2,-5.0,1028.6,340.0,2.1
2023-01-07T15:00,-1.7,-4.4,1028.9,350.0,2.1
2023-01-07T16:00,-1.1,-4.4,1029.4,360.0,4.1
2023-01-07T17:00,-1.1,-3.9,,350.0,3.1
2023-01-07T18:00,-0.6,-3.9,1029.1,10.0,2.6
2023-01-07T19:00,-0.6,-3.9,1028.8,30.0,5.7
2023-01-07T20:00,-0.6,-5.0,1028.9,10.0,2.6
2023-01-07T21:00,-0.6,-5.0,1029.2,80.0,2.1
2023-01-07T22:00,-1.1,-5.6,1029.9,340.0,2.6
2023-01-07T23:00,-1.1,-5.6,1030.0,0.0,0.0
2023-01-08T00:00,-1.1,-6.1,1030.3,20.0,3.6
2023-01-08T01:00,-1.7,-5.6,1029.8,50.0,4.1
2023-01-08T02:00,-1.7,-5.6,1029.6,20.0,3.6
2023-01-08T03:00,-0.6,-5.0,1029.7,0.0,0.0
2023-01-08T04:00,-1.1,-5.0,1029.3,340.0,1.5
2023-01-08T05:00,-1.1,-5.0,1028.8,350.0,2.1
2023-01-08T06:00,-1.1,-5.0,1028.4,330.0,2.6
2023-01-08T07:00,-1.7,-5.0,1027.7,340.0,2.6
2023-01-08T08:00,-1.7,-5.0,1027.5,350.0,2.1
2023-01-08T09:00,-1.7,-5.0,1027.3,310.0,1.5
2023-01-08T10:00,-1.1,-4.4,1026.4,340.0,2.1
2023-01-08T11:00,-1.1,-4.4,1026.5,0.0,0.0
2023-01-08T12:00,-1.1,-4.4,1026.1,0.0,0.0
2023-01-08T13:00,-1.1,-4.4,1025.7,0.0,0.0
2023-01-08T14:00,-1.1,-4.4,1025.4,0.0,0.0
2023-01-08T15:00,-0.6,-3.9,1025.4,0.0,0.0
2023-01-08T16:00,-0.6,-5.0,1025.4,0.0,0.0
2023-01-08T17:00,0.0,-4.4,1024.7,210.0,1.5
2023-01-08T18:00,0.0,-4.4,1023.8,0.0,0.0
2023-01-08T19:00,0.0,-5.0,1023.0,290.0,3.6
2023-01-08T20:00,-0.6,-5.0,1022.4,310.0,4.1
2023-01-08T21:00,-0.6,-5.0,1022.0,320.0,3.1
2023-01-08T22:00,-1.7,-5.6,1021.7,260.0,3.1
2023-01-08T23:00,-2.2,-5.6,1022.3,290.0,2.6
2023-01-09T00:00,-2.2,-5.6,1022.5,300.0,4.1
2023-01-09T01:00,-2.8,-5.6,1022.9,250.0,3.6
2023-01-09T02:00,-2.8,-5.6,1023.2,280.0,4.1
2023-01-09T03:00,-2.8,-5.6,1022.8,230.0,3.6
2023-01-09T04:00,-3.3,-5.6,1022.3,240.0,3.1
2023-01-09T05:00,-3.3,-5.0,1022.6,270.0,4.6
2023-01-09T06:00,-2.8,-5.0,1021.7,250.0,3.1
2023-01-09T07:00,-2.2,-5.0,1022.1,270.0,3.6
2023-01-09T08:00,-2.8,-6.1,1021.8,230.0,3.1
2023-01-09T09:00,-3.3,-6.1,1022.0,250.0,3.6
2023-01-09T10:00,-3.3,-6.1,1022.0,230.0,3.1
2023-01-09T11:00,-3.9,-6.1,1021.8,210.0,3.1
2023-01-09T12:00,-3.9,-6.1,1021.6,200.0,2.6
2023-01-09T13:00,-3.9,-6.1,1021.5,190.0,2.1
2023-01-09T14:00,-3.9,-5.6,1021.6,210.0,3.1
2023-01-09T15:00,-2.2,-4.4,1021.6,210.0,4.1
2023-01-09T16:00,0.0,-3.9,1021.3,210.0,3.1
2023-01-09T17:00,2.2,-2.8,1020.7,220.0,5.1
2023-01-09T18:00,4.4,-1.1,1019.8,220.0,4.6
2023-01-09T19:00,5.0,-1.1,1018.8,240.0,5.7
2023-01-09T20:00,5.6,-0.6,1017.9,210.0,6.2
2023-01-09T21:00,6.1,0.0,1017.2,220.0,4.6
2023-01-09T22:00,6.7,-0.6,1017.0,210.0,4.6
2023-01-09T23:00,5.0,-0.6,1016.7,190.0,2.6
2023-01-10T00:00,4.4,0.0,1016.5,170.0,2.6
2023-01-10T01:00,3.9,0.6,1016.1,180.0,3.6
2023-01-10T02:00,3.9,0.6,1015.9,190.0,3.6
2023-01-10T03:00,3.9,0.6,1015.6,190.0,3.1
2023-01-10T04:00,3.9,0.6,1014.9,180.0,4.1
2023-01-10T05:00,3.9,0.0,1014.8,190.0,4.1
2023-01-10T06:00,3.9,0.0,1013.8,180.0,4.1
2023-01-10T07:00,3.3,-0.6,1012.7,170.0,3.6
2023-01-10T08:00,3.3,-0.6,1012.2,180.0,3.6
2023-01-10T09:00,3.3,-0.6,1011.7,180.0,3.6
2023-01-10T10:00,2.8,-0.6,1010.8,180.0,2.6
2023-01-10T11:00,2.2,-0.6,1010.8,170.0,2.1
2023-01-10T12:00,2.2,-0.6,1010.7,170.0,2.6
2023-01-10T13:00,1.7,-1.1,1011.1,180.0,1.5
2023-01-10T14:00,1.7,-0.6,1011.0,170.0,2.1
2023-01-10T15:00,2.8,0.6,1011.4,160.0,2.1
2023-01-10T16:00,4.4,1.1,1011.4,190.0,2.1
2023-01-10T17:00,6.1,1.7,1011.4,190.0,2.1
2023-01-10T18:00,7.2,1.7,1010.8,210.0,2.1
2023-01-10T19:00,8.9,1.7,1010.6,210.0,2.6
2023-01-10T20:00,9.4,1.7,1010.4,190.0,3.1
2023-01-10T21:00,9.4,1.7,1010.3,180.0,2.1
2023-01-10T22:00,8.9,1.7,1011.0,210.0,3.6
2023-01-10T23:00,7.8,1.1,1011.6,220.0,2.6
2023-01-11T00:00,6.1,1.1,1012.0,230.0,2.6
2023-01-11T01:00,5.6,1.1,1012.7,230.0,1.5
2023-01-11T02:00,3.9,0.6,1012.1,130.0,1.5
2023-01-11T03:00,3.9,0.6,1012.2,0.0,0.0
2023-01-11T04:00,2.8,0.0,1012.1,0.0,0.0
2023-01-11T05:00,3.3,0.6,1012.2,180.0,1.5
2023-01-11T06:00,3.3,1.1,1012.4,200.0,2.1
2023-01-11T07:00,3.9,1.1,1011.5,170.0,2.6
2023-01-11T08:00,3.9,1.1,1011.7,190.0,2.1
2023-01-11T09:00,3.9,1.1,1011.4,0.0,0.0
2023-01-11T10:00,3.9,1.7,1010.8,0.0,0.0
2023-01-11T11:00,4.4,1.7,1010.3,0.0,0.0
2023-01-11T12:00,3.9,1.7,1009.8,120.0,2.6
2023-01-11T13:00,4.4,2.2,1009.4,110.0,2.6
2023-01-11T14:00,5.0,2.8,1009.4,130.0,2.6
2023-01-11T15:00,6.1,3.3,1009.8,150.0,2.6
2023-01-11T16:00,7.2,3.3,1010.0,170.0,3.1
2023-01-11T17:00,9.4,3.3,1008.5,180.0,3.6
2023-01-11T18:00,11.1,3.3,1007.5,0.0,0.0
2023-01-11T19:00,12.8,3.9,1006.5,120.0,1.5
2023-01-11T20:00,10.0,3.3,1006.2,70.0,3.6
2023-01-11T21:00,10.0,3.3,1006.7,90.0,2.6
2023-01-11T22:00,8.9,3.3,1007.5,80.0,1.5
2023-01-11T23:00,8.3,3.3,1007.5,50.0,1.5
2023-01-12T00:00,8.3,3.3,1008.3,0.0,0.0
2023-01-12T01:00,8.9,3.3,1009.0,0.0,0.0
2023-01-12T02:00,8.3,3.9,1009.1,340.0,1.5
2023-01-12T03:00,8.3,3.3,1009.8,0.0,0.0
2023-01-12T04:00,6.7,3.3,1009.3,360.0,2.1
2023-01-12T05:00,6.7,2.8,1010.3,0.0,0.0
2023-01-12T06:00,6.1,2.8,1010.5,10.0,3.1
2023-01-12T07:00,5.0,2.2,1010.3,10.0,2.1
2023-01-12T08:00,3.9,1.7,1010.9,30.0,4.6
2023-01-12T09:00,3.3,1.7,1011.2,30.0,4.1
2023-01-12T10:00,3.3,1.7,,30.0,5.1
2023-01-12T11:00,2.8,1.1,1012.8,10.0,5.1
2023-01-12T12:00,3.3,1.1,1012.5,10.0,6.2
2023-01-12T13:00,3.3,0.6,1012.7,10.0,6.2
2023-01-12T14:00,3.3,0.6,1013.0,20.0,7.2
2023-01-12T15:00,3.3,0.6,1012.9,360.0,10.8
2023-01-12T16:00,2.8,0.0,1014.3,360.0,8.8
2023-01-12T17:00,3.3,-0.6,1014.1,10.0,9.8
2023-01-12T18:00,3.3,-1.1,1014.0,360.0,8.8
2023-01-12T19:00,3.3,-1.7,1014.2,360.0,8.2
2023-01-12T20:00,2.8,-1.7,1014.6,350.0,7.7
2023-01-12T21:00,2.8,-1.7,1015.0,350.0,7.7
2023-01-12T22:00,2.8,-2.2,1015.9,360.0,8.8
2023-01-12T23:00,2.8,-2.2,1016.6,340.0,5.7
2023-01-13T00:00,2.8,-2.2,1017.2,350.0,5.7
2023-01-13T01:00,2.8,-2.2,1017.4,340.0,4.6
2023-01-13T02:00,2.8,-1.7,1017.8,330.0,6.2
2023-01-13T03:00,2.8,-1.7,1018.3,320.0,4.6
2023-01-13T04:00,2.8,-1.1,1018.6,320.0,6.2
2023-01-13T05:00,2.8,-1.1,1018.7,330.0,5.7
2023-01-13T06:00,2.2,-1.1,1018.9,330.0,4.6
2023-01-13T07:00,1.7,-1.7,1019.2,10.0,7.7
2023-01-13T08:00,1.1,-2.2,1020.2,350.0,6.2
2023-01-13T09:00,0.6,-1.7,,360.0,6.7
2023-01-13T10:00,0.6,-2.2,1021.0,360.0,5.7
2023-01-13T11:00,0.0,-3.3,1021.5,360.0,9.3
2023-01-13T12:00,0.0,-3.9,1022.3,10.0,9.8
2023-01-13T13:00,-0.6,-4.4,1022.7,10.0,8.2
2023-01-13T14:00,-1.1,-5.0,1023.3,10.0,8.2
2023-01-13T15:00,-1.7,-5.6,1024.1,10.0,9.3
2023-01-13T16:00,-1.7,-6.1,1024.4,340.0,6.7
2023-01-13T17:00,-1.1,-5.6,1024.6,330.0,6.2
2023-01-13T18:00,-0.6,-5.6,1024.2,320.0,7.2
2023-01-13T19:00,-0.6,-5.6,1023.8,320.0,6.2
2023-01-13T20:00,-0.6,-5.0,1023.8,330.0,6.7
2023-01-13T21:00,-0.6,-5.0,1024.3,330.0,6.7
2023-01-13T22:00,-1.1,-6.1,1025.1,350.0,7.2
2023-01-13T23:00,-1.1,-7.2,1025.7,350.0,6.7
2023-01-14T00:00,-1.7,-7.2,1026.2,330.0,4.1
2023-01-14T01:00,-2.2,-7.8,1026.4,330.0,5.7
2023-01-14T02:00,-2.8,-8.3,1026.5,360.0,6.7
2023-01-14T03:00,-2.8,-7.8,1026.5,350.0,4.1
2023-01-14T04:00,-2.8,-7.8,1026.2,330.0,4.6
2023-01-14T05:00,-3.3,-7.8,1026.0,320.0,4.1
2023-01-14T06:00,-3.3,-8.3,1026.1,310.0,2.6
2023-01-14T07:00,-3.3,-8.3,1026.0,310.0,3.6
2023-01-14T08:00,-3.9,-8.3,1026.3,320.0,4.1
2023-01-14T09:00,-3.9,-8.3,1026.2,340.0,2.6
2023-01-14T10:00,-3.9,-8.3,1025.8,270.0,2.6
2023-01-14T11:00,-3.9,-8.3,1025.8,310.0,1.5
2023-01-14T12:00,-4.4,-8.3,1025.7,0.0,0.0
2023-01-14T13:00,-3.9,-8.3,1025.9,230.0,3.1
2023-01-14T14:00,-4.4,-8.3,1026.2,220.0,2.1
2023-01-14T15:00,-3.9,-8.3,1026.5,240.0,2.1
2023-01-14T16:00,-3.3,-7.8,1026.9,200.0,2.6
2023-01-14T17:00,-2.8,-7.2,1026.9,220.0,3.1
2023-01-14T18:00,-2.2,-7.2,1026.1,240.0,3.1
2023-01-14T19:00,-1.1,-6.7,1025.1,230.0,4.1
2023-01-14T20:00,-0.6,-6.1,1024.5,200.0,5.1
2023-01-14T21:00,-0.6,-6.7,1024.1,210.0,4.6
2023-01-14T22:00,-0.6,-6.7,1024.1,210.0,3.6
2023-01-14T23:00,-1.1,-6.7,1024.0,210.0,3.1
2023-01-15T00:00,-2.2,-6.7,1023.9,170.0,4.6
2023-01-15T01:00,-2.2,-6.1,1023.9,170.0,5.1
2023-01-15T02:00,-2.8,-6.1,1023.7,170.0,4.1
2023-01-15T03:00,-2.8,-6.1,1023.7,180.0,4.1
2023-01-15T04:00,-2.8,-6.1,1023.5,180.0,3.1
2023-01-15T05:00,-2.8,-6.7,1023.2,180.0,3.1
2023-01-15T06:00,-2.8,-6.7,1022.6,170.0,4.1
2023-01-15T07:00,-3.3,-6.7,1022.5,190.0,3.6
2023-01-15T08:00,-3.3,-6.1,1022.1,170.0,4.6
2023-01-15T09:00,-3.3,-6.1,1021.7,170.0,3.6
2023-01-15T10:00,-2.8,-6.1,1021.6,180.0,4.1
2023-01-15T11:00,-2.8,-6.1,1021.6,180.0,3.6
2023-01-15T12:00,-2.8,-6.1,1021.3,170.0,3.6
2023-01-15T13:00,-2.8,-6.1,1021.0,150.0,5.1
2023-01-15T14:00,-2.2,-5.6,1020.9,150.0,4.6
2023-01-15T15:00,-1.1,-5.0,1021.1,180.0,7.7
2023-01-15T16:00,0.0,-4.4,1021.1,170.0,6.2
2023-01-15T17:00,2.2,-3.9,1020.0,170.0,7.7
2023-01-15T18:00,4.4,-5.0,1018.2,170.0,8.2
2023-01-15T19:00,6.1,-5.0,1017.3,190.0,5.7
2023-01-15T20:00,6.1,-5.0,1016.2,170.0,6.7
2023-01-15T21:00,5.6,-5.0,1015.3,160.0,6.2
2023-01-15T22:00,6.1,-4.4,1015.2,150.0,7.7
2023-01-15T23:00,5.0,-5.0,1014.5,150.0,7.2
2023-01-16T00:00,4.4,-3.9,1014.3,140.0,6.7
2023-01-16T01:00,3.9,-3.3,1014.4,160.0,5.7
2023-01-16T02:00,3.9,-3.9,1014.0,150.0,6.2
2023-01-16T03:00,5.0,-5.0,1013.9,170.0,6.2
2023-01-16T04:00,5.0,-5.6,1013.6,170.0,6.2
2023-01-16T05:00,5.0,-5.6,1013.0,170.0,5.7
2023-01-16T06:00,5.0,-5.6,1013.0,170.0,5.7
2023-01-16T07:00,5.0,-5.6,1012.3,170.0,6.2
2023-01-16T08:00,5.0,-5.0,1011.6,170.0,4.6
2023-01-16T09:00,5.0,-5.0,1011.4,160.0,5.1
2023-01-16T10:00,5.6,-5.0,1010.9,170.0,5.7
2023-01-16T11:00,5.6,-5.0,1010.3,170.0,5.7
2023-01-16T12:00,5.6,-4.4,1009.1,160.0,4.6
2023-01-16T13:00,6.1,-4.4,1008.5,160.0,4.1
2023-01-16T14:00,6.7,-3.9,1007.5,150.0,6.7
2023-01-16T15:00,6.7,-3.3,1007.2,170.0,8.2
2023-01-16T16:00,4.4,1.7,1006.5,160.0,7.7
2023-01-16T17:00,4.4,1.7,1005.8,170.0,7.2
2023-01-16T18:00,5.0,2.8,1003.5,150.0,7.2
2023-01-16T19:00,5.6,3.3,1001.8,160.0,6.2
2023-01-16T20:00,6.1,3.9,1000.6,150.0,5.1
2023-01-16T21:00,6.7,4.4,1000.3,170.0,6.2
2023-01-16T22:00,7.2,5.0,1000.0,170.0,6.2
2023-01-16T23:00,7.8,5.6,999.5,160.0,6.2
2023-01-17T00:00,8.3,6.7,998.9,160.0,6.2
2023-01-17T01:00,8.9,7.2,998.1,170.0,8.2
2023-01-17T02:00,9.4,7.8,997.7,170.0,7.2
2023-01-17T03:00,10.0,8.3,997.5,190.0,4.6
2023-01-17T04:00,11.1,8.9,997.2,220.0,6.7
2023-01-17T05:00,10.6,8.3,997.1,220.0,5.7
2023-01-17T06:00,10.0,6.7,997.3,240.0,6.2
2023-01-17T07:00,9.4,5.6,996.9,240.0,5.1
2023-01-17T08:00,8.9,5.0,997.3,220.0,7.2
2023-01-17T09:00,7.2,4.4,997.5,240.0,6.7
2023-01-17T10:00,6.7,3.3,997.8,240.0,5.1
2023-01-17T11:00,5.6,2.8,998.4,250.0,6.7
2023-01-17T12:00,5.0,2.2,998.6,250.0,7.2
2023-01-17T13:00,3.9,1.7,999.1,250.0,8.2
2023-01-17T14:00,3.3,1.1,1000.1,260.0,8.2
2023-01-17T15:00,3.3,1.1,1001.0,250.0,7.2
2023-01-17T16:00,3.9,1.1,1001.5,240.0,7.7
2023-01-17T17:00,3.9,1.1,1001.8,250.0,7.2
2023-01-17T18:00,3.9,0.6,1001.7,250.0,8.8
2023-01-17T19:00,3.9,0.6,1002.1,260.0,9.8
2023-01-17T20:00,4.4,0.6,1002.7,260.0,6.2
2023-01-17T21:00,3.9,0.6,1003.9,270.0,7.2
2023-01-17T22:00,3.9,0.6,1005.1,250.0,7.2
2023-01-17T23:00,3.9,0.6,1006.2,260.0,6.2
2023-01-18T00:00,3.9,0.0,1007.1,270.0,5.1
2023-01-18T01:00,3.9,0.0,1008.3,260.0,5.7
2023-01-18T02:00,3.3,0.0,1008.9,270.0,5.1
2023-01-18T03:00,3.3,0.0,1010.0,250.0,5.1
2023-01-18T04:00,3.3,-0.6,1010.3,280.0,5.1
2023-01-18T05:00,2.8,-0.6,1010.9,290.0,5.7
2023-01-18T06:00,2.8,-1.1,1011.1,250.0,4.1
2023-01-18T07:00,2.8,-1.1,1011.9,250.0,3.6
2023-01-18T08:00,2.8,-1.1,1013.1,270.0,3.6
2023-01-18T09:00,2.2,-1.1,1013.8,270.0,4.1
2023-01-18T10:00,2.2,-1.1,1014.1,290.0,3.6
2023-01-18T11:00,2.2,-1.1,1014.9,270.0,2.1
2023-01-18T12:00,2.2,-1.1,1015.3,290.0,2.1
2023-01-18T13:00,2.8,-1.1,1015.9,310.0,2.6
2023-01-18T14:00,2.2,-1.1,1016.1,330.0,3.1
2023-01-18T15:00,2.8,-1.1,1016.5,10.0,3.1
2023-01-18T16:00,3.3,-1.1,1017.0,0.0,0.0
2023-01-18T17:00,3.9,-1.1,1016.3,50.0,2.6
2023-01-18T18:00,4.4,-1.1,1015.9,90.0,3.6
2023-01-18T19:00,4.4,-1.7,1015.5,90.0,4.1
2023-01-18T20:00,3.9,-1.1,1014.2,100.0,4.1
2023-01-18T21:00,3.9,-1.1,1015.4,110.0,5.1
2023-01-18T22:00,3.9,-0.6,1013.5,90.0,5.7
2023-01-18T23:00,3.3,0.0,1013.3,80.0,4.6
2023-01-19T00:00,3.9,0.0,1012.8,70.0,5.1
2023-01-19T01:00,3.3,0.6,1012.1,70.0,7.2
2023-01-19T02:00,3.3,0.0,1010.6,60.0,7.2
2023-01-19T03:00,2.8,0.6,1009.1,60.0,7.7
2023-01-19T04:00,3.3,1.1,1007.6,80.0,8.2
2023-01-19T05:00,3.3,1.1,1003.7,90.0,11.8
2023-01-19T06:00,3.3,1.1,1002.9,90.0,10.3
2023-01-19T07:00,2.8,1.1,1001.6,100.0,8.2
2023-01-19T08:00,3.3,1.7,1001.0,110.0,4.1
2023-01-19T09:00,3.3,1.7,1000.1,120.0,3.1
2023-01-19T10:00,3.3,1.7,999.4,120.0,1.5
2023-01-19T11:00,3.3,2.2,998.8,170.0,1.5
2023-01-19T12:00,3.9,2.2,998.7,190.0,2.6
2023-01-19T13:00,3.9,2.2,998.8,230.0,3.1
2023-01-19T14:00,3.9,2.2,999.2,230.0,4.6
2023-01-19T15:00,4.4,2.2,999.7,250.0,3.6
2023-01-19T16:00,4.4,2.8,999.1,200.0,3.6
2023-01-19T17:00,4.4,2.8,998.6,210.0,3.6
2023-01-19T18:00,4.4,2.8,997.8,190.0,3.1
2023-01-19T19:00,5.0,2.8,997.2,200.0,2.1
2023-01-19T20:00,5.0,3.3,996.8,210.0,1.5
2023-01-19T21:00,5.0,3.9,997.6,0.0,0.0
2023-01-19T22:00,5.0,3.3,,290.0,3.6
2023-01-19T23:00,4.4,2.2,1000.5,280.0,5.1
2023-01-20T00:00,2.8,0.6,1002.2,270.0,5.1
2023-01-20T01:00,2.2,0.0,1003.5,270.0,5.1
2023-01-20T02:00,1.7,0.0,1004.6,260.0,6.7
2023-01-20T03:00,1.7,0.0,1005.8,260.0,6.2
2023-01-20T04:00,2.2,0.0,1006.9,270.0,5.7
2023-01-20T05:00,2.2,-0.6,1008.2,270.0,5.1
2023-01-20T06:00,1.1,-0.6,1008.9,280.0,6.2
2023-01-20T07:00,1.7,-1.7,1009.4,280.0,6.2
2023-01-20T08:00,1.1,-2.2,1010.4,270.0,6.2
2023-01-20T09:00,1.1,-2.2,1011.1,270.0,5.1
2023-01-20T10:00,1.1,-1.7,1011.9,280.0,6.2
2023-01-20T11:00,1.1,-2.2,1012.9,280.0,4.6
2023-01-20T12:00,1.1,-2.2,1013.9,280.0,6.2
2023-01-20T13:00,0.6,-2.8,1015.2,290.0,6.2
2023-01-20T14:00,0.6,-2.8,1015.7,290.0,6.2
2023-01-20T15:00,0.6,-3.3,1016.8,300.0,4.6
2023-01-20T16:00,0.6,-3.9,1018.4,290.0,4.6
2023-01-20T17:00,0.6,-3.9,1018.9,290.0,5.1
2023-01-20T18:00,0.0,-4.4,1019.0,290.0,5.7
2023-01-20T19:00,0.0,-3.9,1019.2,280.0,4.6
2023-01-20T20:00,0.0,-4.4,1019.5,270.0,6.2
2023-01-20T21:00,0.0,-4.4,1020.3,290.0,4.6
2023-01-20T22:00,0.0,-5.0,1021.1,320.0,5.7
2023-01-20T23:00,0.0,-5.0,1021.8,290.0,4.6
2023-01-21T00:00,-0.6,-5.6,1022.1,310.0,4.6
2023-01-21T01:00,-0.6,-5.0,1022.4,300.0,3.1
2023-01-21T02:00,-0.6,-5.0,1022.5,260.0,3.6
2023-01-21T03:00,-0.6,-5.6,1022.6,280.0,2.6
2023-01-21T04:00,-1.1,-6.1,1022.6,300.0,2.1
2023-01-21T05:00,-1.1,-6.1,1022.8,280.0,3.1
2023-01-21T06:00,-1.1,-6.1,1023.3,280.0,3.1
2023-01-21T07:00,-1.1,-6.1,1023.3,280.0,2.6
2023-01-21T08:00,-1.1,-5.6,1023.3,260.0,2.6
2023-01-21T09:00,-1.7,-6.1,1023.5,270.0,4.1
2023-01-21T10:00,-1.1,-5.6,1023.3,240.0,3.6
2023-01-21T11:00,-1.7,-5.0,1023.5,230.0,4.1
2023-01-21T12:00,-2.2,-5.6,1023.4,260.0,3.1
2023-01-21T13:00,-2.2,-5.0,1023.4,260.0,3.1
2023-01-21T14:00,-1.7,-5.0,1023.4,250.0,4.6
2023-01-21T15:00,-1.7,-5.0,1023.2,250.0,4.1
2023-01-21T16:00,-1.7,-5.0,1023.4,240.0,3.6
2023-01-21T17:00,-1.7,-5.0,1022.9,240.0,4.6
2023-01-21T18:00,-1.7,-5.0,1021.9,210.0,3.6
2023-01-21T19:00,-1.1,-5.0,1020.8,210.0,4.6
2023-01-21T20:00,-1.1,-4.4,1019.9,200.0,4.1
2023-01-21T21:00,-1.1,-3.9,1020.1,230.0,3.6
2023-01-21T22:00,-1.1,-3.9,1019.9,210.0,3.6
2023-01-21T23:00,-1.1,-3.9,1019.8,240.0,4.1
2023-01-22T00:00,-1.1,-3.9,1019.7,220.0,4.1
2023-01-22T01:00,-1.1,-3.9,1018.9,220.0,2.6
2023-01-22T02:00,-0.6,-3.9,1018.4,230.0,2.1
2023-01-22T03:00,-0.6,-3.3,1018.0,180.0,2.6
2023-01-22T04:00,-0.6,-3.3,1017.8,190.0,2.6
2023-01-22T05:00,-0.6,-3.3,1017.3,170.0,3.1
2023-01-22T06:00,-0.6,-3.3,1016.6,170.0,2.6
2023-01-22T07:00,-0.6,-3.3,1015.8,170.0,2.1
2023-01-22T08:00,-0.6,-2.8,1015.1,150.0,2.1
2023-01-22T09:00,-0.6,-2.8,1014.2,130.0,2.6
2023-01-22T10:00,-0.6,-2.8,1013.2,0.0,0.0
2023-01-22T11:00,-1.1,-2.8,1012.8,0.0,0.0
2023-01-22T12:00,-0.6,-2.8,1012.6,0.0,0.0
2023-01-22T13:00,-1.1,-2.8,,0.0,0.0
2023-01-22T14:00,-0.6,-2.2,1012.5,0.0,0.0
2023-01-22T15:00,-0.6,-1.1,1012.5,0.0,0.0
2023-01-22T16:00,0.0,-1.7,1012.6,260.0,1.5
2023-01-22T17:00,0.0,-1.7,1012.1,0.0,0.0
2023-01-22T18:00,0.0,-2.2,1011.6,300.0,2.6
2023-01-22T19:00,0.6,-1.1,,300.0,2.1
2023-01-22T20:00,1.1,-1.7,1010.5,310.0,2.1
2023-01-22T21:00,0.6,-1.1,1010.7,340.0,2.1
2023-01-22T22:00,0.6,-1.7,1011.2,350.0,4.6
2023-01-22T23:00,0.0,-2.2,1011.6,350.0,4.1
2023-01-23T00:00,-0.6,-2.8,1012.4,350.0,4.1
2023-01-23T01:00,-0.6,-3.3,1013.3,350.0,4.1
2023-01-23T02:00,-1.1,-3.9,1013.3,360.0,3.6
2023-01-23T03:00,-1.1,-3.9,1013.5,340.0,3.1
2023-01-23T04:00,-1.7,-3.9,1014.0,320.0,3.1
2023-01-23T05:00,-2.2,-4.4,1014.5,340.0,4.1
2023-01-23T06:00,-3.3,-5.0,1014.8,330.0,5.1
2023-01-23T07:00,-3.3,-5.6,1015.1,310.0,3.6
2023-01-23T08:00,-4.4,-6.7,,310.0,4.6
2023-01-23T09:00,-4.4,-6.7,1016.6,280.0,3.6
2023-01-23T10:00,-5.6,-7.8,1017.2,270.0,4.1
2023-01-23T11:00,-5.6,-7.8,1017.8,310.0,3.6
2023-01-23T12:00,-5.6,-7.8,1018.4,270.0,4.6
2023-01-23T13:00,-5.0,-7.8,1018.7,250.0,4.1
2023-01-23T14:00,-4.4,-7.2,1019.0,270.0,2.6
2023-01-23T15:00,-4.4,-6.7,1019.5,250.0,5.7
2023-01-23T16:00,-3.3,-6.1,1019.5,260.0,5.7
2023-01-23T17:00,-3.3,-6.1,1019.6,260.0,4.1
2023-01-23T18:00,-2.8,-6.1,1018.9,250.0,6.2
2023-01-23T19:00,-2.8,-6.1,1018.5,240.0,9.3
2023-01-23T20:00,-2.2,-5.6,1018.7,260.0,5.7
2023-01-23T21:00,-1.7,-5.6,1018.7,250.0,6.7
2023-01-23T22:00,-2.2,-6.1,1019.0,240.0,6.2
2023-01-23T23:00,-2.2,-6.1,1018.8,220.0,5.1
2023-01-24T00:00,-2.8,-6.1,1018.9,230.0,5.7
2023-01-24T01:00,-2.2,-5.6,1018.9,230.0,6.2
2023-01-24T02:00,-1.7,-4.4,1018.7,240.0,6.2
2023-01-24T03:00,-1.7,-4.4,1018.4,240.0,6.2
2023-01-24T04:00,-1.7,-5.0,1018.8,260.0,7.7
2023-01-24T05:00,-1.7,-5.0,1019.5,250.0,6.2
2023-01-24T06:00,-1.7,-5.0,1019.9,260.0,4.6
2023-01-24T07:00,-1.7,-5.0,1020.4,270.0,4.6
2023-01-24T08:00,-1.7,-5.0,1020.7,260.0,3.6
2023-01-24T09:00,-2.2,-5.0,1021.1,260.0,4.6
2023-01-24T10:00,-2.2,-4.4,1021.6,270.0,3.1
2023-01-24T11:00,-2.2,-5.0,1021.9,270.0,4.6
2023-01-24T12:00,-2.2,-4.4,1022.7,260.0,3.1
2023-01-24T13:00,-2.2,-5.0,1022.7,280.0,5.1
2023-01-24T14:00,-1.7,-4.4,1023.1,270.0,4.1
2023-01-24T15:00,-1.1,-3.9,1023.1,200.0,1.5
2023-01-24T16:00,0.6,-3.3,1022.7,,1.5
2023-01-24T17:00,1.1,-3.3,1023.0,250.0,3.1
2023-01-24T18:00,1.7,-2.8,1022.7,250.0,3.1
2023-01-24T19:00,2.2,-2.8,1022.5,240.0,5.1
2023-01-24T20:00,2.2,-2.8,1021.0,250.0,3.6
2023-01-24T21:00,2.2,-3.3,1020.4,280.0,2.1
2023-01-24T22:00,2.2,-3.3,1021.7,250.0,2.1
2023-01-24T23:00,2.2,-2.8,1021.9,250.0,2.6
2023-01-25T00:00,1.7,-2.8,1021.8,270.0,1.5
2023-01-25T01:00,1.7,-2.8,1021.1,0.0,0.0
2023-01-25T02:00,1.1,-2.8,1020.2,0.0,0.0
2023-01-25T03:00,1.1,-2.2,1020.2,170.0,3.1
2023-01-25T04:00,0.6,-2.8,1018.3,0.0,0.0
2023-01-25T05:00,0.6,-2.8,1018.2,160.0,2.6
2023-01-25T06:00,0.0,-2.8,1017.6,140.0,2.6
2023-01-25T07:00,0.0,-2.8,1016.2,120.0,2.1
2023-01-25T08:00,0.0,-2.2,1015.3,120.0,2.6
2023-01-25T09:00,0.0,-2.2,,0.0,0.0
2023-01-25T10:00,0.0,-2.2,1013.1,90.0,1.5
2023-01-25T11:00,-0.6,-2.2,1011.9,50.0,1.5
2023-01-25T12:00,0.0,-2.2,1010.4,20.0,3.6
2023-01-25T13:00,0.0,-1.7,1009.8,30.0,3.6
2023-01-25T14:00,0.6,-1.1,1008.7,50.0,4.1
2023-01-25T15:00,0.6,-1.1,1007.5,20.0,4.1
2023-01-25T16:00,0.6,-0.6,1006.8,30.0,4.6
2023-01-25T17:00,0.6,-0.6,1005.9,10.0,4.1
2023-01-25T18:00,1.1,-0.6,1004.8,350.0,4.6
2023-01-25T19:00,1.1,-0.6,1004.0,350.0,5.1
2023-01-25T20:00,1.1,-0.6,1004.0,340.0,4.6
2023-01-25T21:00,1.1,-1.1,1004.7,340.0,5.1
2023-01-25T22:00,1.1,-1.1,1005.5,340.0,4.1
2023-01-25T23:00,1.1,-1.1,1006.3,330.0,3.6
2023-01-26T00:00,1.1,-1.1,1006.8,340.0,4.6
2023-01-26T01:00,0.6,-1.7,1007.6,330.0,4.1
2023-01-26T02:00,0.6,-1.7,1007.6,320.0,4.6
2023-01-26T03:00,0.6,-2.2,1008.1,300.0,4.6
2023-01-26T04:00,0.6,-2.2,1008.2,300.0,4.6
2023-01-26T05:00,0.0,-2.2,1008.7,290.0,3.1
2023-01-26T06:00,0.0,-2.2,1008.9,300.0,4.6
2023-01-26T07:00,-0.6,-2.2,1009.0,290.0,2.6
2023-01-26T08:00,-0.6,-2.8,1009.5,280.0,2.6
2023-01-26T09:00,-0.6,-2.8,1009.8,280.0,3.1
2023-01-26T10:00,-0.6,-2.8,1010.1,280.0,3.1
2023-01-26T11:00,-0.6,-2.8,1010.4,280.0,2.1
2023-01-26T12:00,-0.6,-2.2,1010.8,260.0,2.1
2023-01-26T13:00,-2.2,-4.4,1011.5,240.0,4.1
2023-01-26T14:00,-3.9,-6.1,1012.2,240.0,4.6
2023-01-26T15:00,-3.9,-5.6,1012.9,250.0,4.6
2023-01-26T16:00,-3.3,-5.6,1013.3,250.0,4.1
2023-01-26T17:00,-3.3,-6.1,1013.7,260.0,4.6
2023-01-26T18:00,-3.9,-6.7,1013.6,250.0,4.6
2023-01-26T19:00,-3.9,-6.7,1013.4,250.0,6.2
2023-01-26T20:00,-4.4,-7.2,1013.6,240.0,6.7
2023-01-26T21:00,-5.0,-8.3,1014.3,250.0,7.2
2023-01-26T22:00,-5.6,-8.9,1014.9,240.0,4.1
2023-01-26T23:00,-6.7,-9.4,1015.6,240.0,6.2
2023-01-27T00:00,-6.7,-10.0,1016.0,240.0,5.1
2023-01-27T01:00,-6.7,-10.0,1016.7,250.0,5.7
2023-01-27T02:00,-7.2,-10.6,1017.3,260.0,7.2
2023-01-27T03:00,-7.2,-10.6,1017.3,240.0,4.6
2023-01-27T04:00,-7.2,-10.6,1016.8,220.0,5.1
2023-01-27T05:00,-7.8,-11.7,1016.9,230.0,6.2
2023-01-27T06:00,-9.4,-13.9,1016.7,240.0,4.6
2023-01-27T07:00,-10.0,-14.4,1016.5,240.0,4.1
2023-01-27T08:00,-10.0,-13.9,1016.6,200.0,3.6
2023-01-27T09:00,-10.6,-13.9,1015.8,210.0,5.1
2023-01-27T10:00,-10.0,-13.9,1015.0,190.0,3.1
2023-01-27T11:00,-9.4,-12.8,1013.9,180.0,4.1
2023-01-27T12:00,-8.9,-12.8,1012.9,180.0,6.2
2023-01-27T13:00,-7.8,-12.2,1012.0,190.0,6.7
2023-01-27T14:00,-6.7,-10.6,1011.4,190.0,6.7
2023-01-27T15:00,-5.0,-9.4,1009.8,190.0,8.8
2023-01-27T16:00,-3.9,-7.2,,180.0,7.7
2023-01-27T17:00,-2.2,-6.1,1007.7,190.0,7.7
2023-01-27T18:00,-1.7,-3.9,1006.5,200.0,6.7
2023-01-27T19:00,-0.6,-3.3,1005.1,210.0,8.2
2023-01-27T20:00,0.0,-1.7,,210.0,7.7
2023-01-27T21:00,1.1,-1.1,1005.4,220.0,6.7
2023-01-27T22:00,2.2,-1.1,1006.4,230.0,8.8
2023-01-27T23:00,2.2,-0.6,1007.2,240.0,6.2
2023-01-28T00:00,1.1,-3.9,1009.2,260.0,11.3
2023-01-28T01:00,0.0,-5.6,1010.6,270.0,9.8
2023-01-28T02:00,-1.7,-7.2,1012.5,260.0,8.2
2023-01-28T03:00,-3.3,-7.8,1014.0,260.0,8.2
2023-01-28T04:00,-4.4,-9.4,1015.4,270.0,8.2
2023-01-28T05:00,-4.4,-10.0,1017.0,270.0,7.2
2023-01-28T06:00,-5.0,-10.0,1017.5,270.0,5.7
2023-01-28T07:00,-5.6,-10.0,1018.3,270.0,4.6
2023-01-28T08:00,-6.1,-10.6,1019.4,280.0,2.6
2023-01-28T09:00,-6.1,-10.6,1020.1,270.0,1.5
2023-01-28T10:00,-6.7,-11.1,1020.3,310.0,2.1
2023-01-28T11:00,-6.7,-11.1,1021.0,310.0,1.5
2023-01-28T12:00,-6.7,-11.7,1021.7,290.0,2.1
2023-01-28T13:00,-6.7,-11.7,1021.9,340.0,2.1
2023-01-28T14:00,-6.7,-11.1,1022.9,330.0,2.1
2023-01-28T15:00,-6.1,-11.1,1023.8,0.0,0.0
2023-01-28T16:00,-5.6,-10.6,1024.0,160.0,2.1
2023-01-28T17:00,-5.6,-8.9,1024.0,0.0,0.0
2023-01-28T18:00,-5.0,-8.3,1022.8,60.0,2.1
2023-01-28T19:00,-5.0,-7.2,,20.0,3.1
2023-01-28T20:00,-4.4,-6.7,1020.4,50.0,5.1
2023-01-28T21:00,-3.9,-6.7,1020.7,30.0,5.1
2023-01-28T22:00,-3.3,-6.1,1020.3,50.0,6.2
2023-01-28T23:00,-3.3,-5.6,1020.3,40.0,6.7
2023-01-29T00:00,-2.2,-5.0,1019.7,50.0,5.1
2023-01-29T01:00,-1.1,-4.4,,60.0,7.2
2023-01-29T02:00,-1.1,-3.9,1018.6,70.0,6.2
2023-01-29T03:00,-0.6,-3.3,1018.3,60.0,5.7
2023-01-29T04:00,-0.6,-2.8,1017.8,60.0,5.1
2023-01-29T05:00,-0.6,-2.8,1017.5,50.0,5.1
2023-01-29T06:00,-1.1,-2.8,1017.2,40.0,5.7
2023-01-29T07:00,-0.6,-2.8,1017.3,30.0,4.1
2023-01-29T08:00,-3.3,-5.6,1017.6,340.0,6.2
2023-01-29T09:00,-3.9,-6.1,1017.8,340.0,6.7
2023-01-29T10:00,-4.4,-6.7,1018.5,350.0,6.2
2023-01-29T11:00,-4.4,-7.2,1019.1,350.0,6.7
2023-01-29T12:00,-5.0,-7.2,1019.9,340.0,5.7
2023-01-29T13:00,-5.0,-7.8,1021.1,340.0,6.2
2023-01-29T14:00,-5.6,-8.3,1022.1,340.0,6.2
2023-01-29T15:00,-6.1,-8.9,1023.4,350.0,6.7
2023-01-29T16:00,-6.1,-8.9,1023.9,350.0,6.2
2023-01-29T17:00,-5.6,-8.9,1024.3,340.0,5.7
2023-01-29T18:00,-5.0,-8.9,1024.2,350.0,4.6
2023-01-29T19:00,-4.4,-8.3,1024.1,340.0,4.1
2023-01-29T20:00,-3.9,-7.8,1023.9,320.0,3.1
2023-01-29T21:00,-3.3,-8.3,1024.5,330.0,4.1
2023-01-29T22:00,-3.9,-8.9,1025.1,340.0,4.1
2023-01-29T23:00,-4.4,-9.4,1025.3,340.0,2.6
2023-01-30T00:00,-5.0,-10.0,1026.6,320.0,4.6
2023-01-30T01:00,-5.6,-10.6,1026.8,350.0,3.6
2023-01-30T02:00,-6.1,-10.6,1027.0,350.0,3.1
2023-01-30T03:00,-6.7,-11.1,1026.4,350.0,5.7
2023-01-30T04:00,-6.7,-11.7,1027.1,320.0,3.6
2023-01-30T05:00,-7.2,-11.1,1026.9,330.0,3.6
2023-01-30T06:00,-7.8,-12.2,1027.0,330.0,3.1
2023-01-30T07:00,-8.3,-12.2,1026.9,310.0,4.1
2023-01-30T08:00,-8.3,-12.2,1027.0,330.0,4.1
2023-01-30T09:00,-9.4,-13.9,1027.4,340.0,4.6
2023-01-30T10:00,-10.0,-15.6,1027.8,310.0,4.6
2023-01-30T11:00,-10.6,-17.2,1028.1,310.0,4.1
2023-01-30T12:00,-11.1,-18.3,1028.6,330.0,5.7
2023-01-30T13:00,-11.7,-18.3,1029.2,300.0,4.6
2023-01-30T14:00,-11.7,-18.9,1029.7,310.0,4.1
2023-01-30T15:00,-11.7,-18.3,1030.0,330.0,4.6
2023-01-30T16:00,-11.7,-18.3,,330.0,5.1
2023-01-30T17:00,-11.1,-17.8,1030.5,310.0,4.6
2023-01-30T18:00,-10.6,-18.3,1029.9,330.0,6.2
2023-01-30T19:00,-10.6,-19.4,1029.4,310.0,5.1
2023-01-30T20:00,-11.1,-19.4,1029.6,320.0,5.1
2023-01-30T21:00,-11.1,-19.4,1029.7,310.0,4.6
2023-01-30T22:00,-11.1,-21.7,1030.2,310.0,4.6
2023-01-30T23:00,-12.2,-22.2,1030.4,300.0,4.6
2023-01-31T00:00,-13.3,-22.8,1031.0,310.0,5.7
2023-01-31T01:00,-13.3,-22.2,1031.7,310.0,3.6
2023-01-31T02:00,-13.9,-22.2,1031.4,320.0,3.1
2023-01-31T03:00,-13.9,-21.7,1031.7,300.0,3.1
2023-01-31T04:00,-14.4,-21.7,1031.8,290.0,2.6
2023-01-31T05:00,-15.0,-21.7,1031.6,300.0,3.6
2023-01-31T06:00,-15.0,-21.7,1032.1,290.0,2.1
2023-01-31T07:00,-15.6,-21.7,1031.9,280.0,2.1
2023-01-31T08:00,-16.1,-21.7,1032.3,250.0,2.1
2023-01-31T09:00,-16.1,-21.7,1032.4,290.0,2.1
2023-01-31T10:00,-16.7,-21.7,1032.2,290.0,1.5
2023-01-31T11:00,-16.7,-21.7,1032.0,340.0,1.5
2023-01-31T12:00,-17.8,-23.3,1032.1,340.0,2.1
2023-01-31T13:00,-16.7,-22.2,1031.8,330.0,1.5
2023-01-31T14:00,-16.1,-21.7,1031.9,0.0,0.0
2023-01-31T15:00,-15.0,-21.1,1032.1,,1.5
2023-01-31T16:00,-13.3,-21.7,1031.7,230.0,3.1
2023-01-31T17:00,-12.8,-21.1,1032.1,250.0,3.6
2023-01-31T18:00,-12.2,-21.1,1031.5,250.0,5.1
2023-01-31T19:00,-11.7,-21.1,1030.4,280.0,5.1
2023-01-31T20:00,-11.1,-21.1,1029.4,240.0,3.6
2023-01-31T21:00,-11.7,-20.6,1028.9,270.0,3.6
2023-01-31T22:00,-11.7,-22.2,1028.6,280.0,3.6
2023-01-31T23:00,-12.2,-23.3,1029.0,260.0,2.6
2023-02-01T00:00,-13.3,-22.2,1029.5,250.0,3.1
2023-02-01T01:00,-13.9,-21.1,1029.3,230.0,2.6
2023-02-01T02:00,-14.4,-21.1,1029.5,240.0,2.6
2023-02-01T03:00,-15.0,-21.1,1029.3,230.0,2.1
2023-02-01T04:00,-15.0,-20.6,1029.4,230.0,3.6
2023-02-01T05:00,-14.4,-20.6,1029.4,250.0,3.1
2023-02-01T06:00,-14.4,-20.0,1029.1,250.0,3.6
2023-02-01T07:00,-14.4,-20.0,1028.4,230.0,3.6
2023-02-01T08:00,-14.4,-20.0,1028.6,240.0,3.6
2023-02-01T09:00,-14.4,-19.4,1028.6,230.0,3.6
2023-02-01T10:00,-14.4,-19.4,1028.5,230.0,3.6
2023-02-01T11:00,-13.9,-19.4,1028.6,230.0,3.6
2023-02-01T12:00,-13.9,-19.4,1028.7,220.0,4.1
2023-02-01T13:00,-13.3,-19.4,1028.6,220.0,4.1
2023-02-01T14:00,-12.2,-18.3,1028.9,230.0,4.1
2023-02-01T15:00,-10.0,-17.8,1029.0,220.0,5.1
2023-02-01T16:00,-8.3,-16.7,1028.9,220.0,4.6
2023-02-01T17:00,-6.7,-16.7,1029.1,220.0,5.7
2023-02-01T18:00,-5.0,-15.0,1028.4,230.0,5.7
2023-02-01T19:00,-3.9,-13.9,1027.0,220.0,5.7
2023-02-01T20:00,-3.3,-14.4,1025.8,220.0,7.7
2023-02-01T21:00,-2.8,-13.9,1025.3,210.0,8.2
2023-02-01T22:00,-2.8,-13.9,1024.8,210.0,6.2
2023-02-01T23:00,-3.3,-13.3,1025.2,230.0,5.7
2023-02-02T00:00,-3.9,-12.2,1025.1,220.0,4.1
2023-02-02T01:00,-3.9,-11.7,1025.1,200.0,2.6
2023-02-02T02:00,-4.4,-11.1,1024.8,210.0,3.6
2023-02-02T03:00,-4.4,-11.1,1024.2,200.0,2.6
2023-02-02T04:00,-3.9,-11.1,1023.8,210.0,3.6
2023-02-02T05:00,-4.4,-11.1,1023.8,220.0,5.1
2023-02-02T06:00,-4.4,-10.6,1023.1,230.0,5.7
2023-02-02T07:00,-4.4,-10.6,1022.3,220.0,6.2
2023-02-02T08:00,-4.4,-11.1,1021.7,230.0,5.7
2023-02-02T09:00,-5.0,-11.1,1020.8,220.0,6.2
2023-02-02T10:00,-5.0,-11.7,1020.6,230.0,6.2
2023-02-02T11:00,-5.6,-11.7,1020.4,220.0,5.7
2023-02-02T12:00,-5.6,-11.7,1019.7,220.0,5.1
2023-02-02T13:00,-6.1,-11.7,1019.2,230.0,4.6
2023-02-02T14:00,-5.6,-11.1,1019.0,240.0,6.2
2023-02-02T15:00,-3.9,-10.6,1018.8,240.0,5.7
2023-02-02T16:00,-2.2,-10.0,1018.3,250.0,6.7
2023-02-02T17:00,-1.7,-9.4,1018.8,250.0,5.7
2023-02-02T18:00,-0.6,-8.9,1018.1,250.0,6.2
2023-02-02T19:00,0.0,-8.3,1018.2,260.0,5.7
2023-02-02T20:00,0.6,-8.3,1018.6,260.0,6.2
2023-02-02T21:00,0.6,-8.3,1019.5,290.0,5.7
2023-02-02T22:00,-0.6,-9.4,1020.9,320.0,6.7
2023-02-02T23:00,-2.2,-11.1,1022.2,310.0,5.7
2023-02-03T00:00,-4.4,-15.0,1023.6,320.0,6.7
2023-02-03T01:00,-5.6,-16.1,1025.0,320.0,6.7
2023-02-03T02:00,-6.7,-18.3,1025.8,330.0,6.2
2023-02-03T03:00,-7.8,-19.4,1027.0,320.0,8.2
2023-02-03T04:00,-9.4,-20.6,1028.1,320.0,7.7
2023-02-03T05:00,-10.6,-21.7,1029.0,330.0,6.7
2023-02-03T06:00,-12.2,-22.8,1029.9,330.0,7.2
2023-02-03T07:00,-12.8,-22.8,1030.5,330.0,7.7
2023-02-03T08:00,-13.9,-23.3,1031.4,330.0,7.2
2023-02-03T09:00,-15.0,-23.9,1032.3,340.0,7.2
2023-02-03T10:00,-15.6,-23.9,1032.9,330.0,5.7
2023-02-03T11:00,-16.7,-24.4,1033.5,330.0,4.1
2023-02-03T12:00,-17.2,-25.0,1034.3,340.0,5.7
2023-02-03T13:00,-17.8,-25.0,1035.3,330.0,4.6
2023-02-03T14:00,-17.8,-25.0,1036.3,330.0,4.6
2023-02-03T15:00,-16.7,-24.4,1037.4,300.0,5.1
2023-02-03T16:00,-15.6,-23.9,1038.1,310.0,4.1
2023-02-03T17:00,-15.0,-24.4,1038.7,310.0,3.6
2023-02-03T18:00,-13.3,-24.4,1038.3,300.0,2.6
2023-02-03T19:00,-12.2,-25.0,1037.4,0.0,0.0
2023-02-03T20:00,-12.8,-24.4,1037.2,240.0,2.1
2023-02-03T21:00,-12.2,-24.4,1037.3,310.0,3.1
2023-02-03T22:00,-12.2,-24.4,1037.5,250.0,1.5
2023-02-03T23:00,-12.2,-24.4,1036.6,,1.5
2023-02-04T00:00,-12.2,-23.3,1036.4,0.0,0.0
2023-02-04T01:00,-12.8,-22.2,1035.9,240.0,2.6
2023-02-04T02:00,-12.8,-21.7,1035.6,230.0,1.5
2023-02-04T03:00,-12.8,-21.1,1034.2,180.0,1.5
2023-02-04T04:00,-12.8,-21.1,1033.9,160.0,2.1
2023-02-04T05:00,-12.2,-20.6,1033.4,170.0,2.1
2023-02-04T06:00,-11.7,-19.4,1032.7,190.0,4.1
2023-02-04T07:00,-11.1,-18.9,1031.5,180.0,4.6
2023-02-04T08:00,-10.6,-18.3,1030.7,170.0,4.6
2023-02-04T09:00,-10.0,-18.3,1028.8,170.0,5.1
2023-02-04T10:00,-10.0,-17.8,1027.4,180.0,5.1
2023-02-04T11:00,-9.4,-17.2,1025.9,170.0,5.1
2023-02-04T12:00,-8.9,-16.7,1025.0,180.0,5.1
2023-02-04T13:00,-8.3,-15.6,1023.8,190.0,7.2
2023-02-04T14:00,-7.8,-14.4,1022.8,190.0,8.2
2023-02-04T15:00,-6.1,-13.3,1021.6,200.0,6.2
2023-02-04T16:00,-3.9,-11.7,1020.8,210.0,8.2
2023-02-04T17:00,-1.1,-8.9,1019.9,210.0,6.2
2023-02-04T18:00,0.0,-7.8,1018.3,210.0,8.2
2023-02-04T19:00,1.7,-6.1,1016.9,210.0,7.2
2023-02-04T20:00,2.8,-5.0,1015.8,220.0,6.7
2023-02-04T21:00,3.9,-4.4,1015.4,220.0,5.1
2023-02-04T22:00,5.0,-3.9,1014.6,210.0,5.1
2023-02-04T23:00,5.6,-2.8,1014.3,200.0,5.1
2023-02-05T00:00,5.6,-2.8,1014.0,190.0,5.1
2023-02-05T01:00,5.6,-3.3,1013.8,200.0,7.2
2023-02-05T02:00,5.0,-2.8,1013.7,200.0,7.2
2023-02-05T03:00,4.4,-2.8,1013.4,210.0,7.2
2023-02-05T04:00,4.4,-2.8,1013.1,210.0,7.2
2023-02-05T05:00,3.9,-2.8,1012.5,210.0,9.3
2023-02-05T06:00,4.4,-3.3,1012.3,210.0,8.2
2023-02-05T07:00,3.9,-3.3,1011.9,220.0,8.8
2023-02-05T08:00,3.3,-3.3,1011.6,220.0,6.7
2023-02-05T09:00,2.8,-3.9,1011.0,200.0,7.2
2023-02-05T10:00,2.8,-3.9,1011.0,220.0,7.2
2023-02-05T11:00,2.2,-3.3,1010.9,210.0,6.7
2023-02-05T12:00,2.2,-3.3,1010.8,220.0,7.2
2023-02-05T13:00,1.7,-3.3,1010.7,220.0,5.1
2023-02-05T14:00,1.7,-3.3,1010.5,220.0,4.6
2023-02-05T15:00,2.8,-2.2,1010.9,250.0,5.7
2023-02-05T16:00,2.8,-2.2,1011.1,250.0,7.2
2023-02-05T17:00,3.9,-1.7,1011.3,250.0,5.1
2023-02-05T18:00,4.4,-2.2,1011.4,280.0,5.1
2023-02-05T19:00,5.0,-1.7,1011.6,280.0,4.6
2023-02-05T20:00,5.0,-2.2,1012.3,290.0,5.7
2023-02-05T21:00,5.0,-2.2,1013.5,290.0,4.6
2023-02-05T22:00,3.9,-2.8,1014.8,280.0,4.6
2023-02-05T23:00,3.3,-2.8,1016.2,290.0,4.6
2023-02-06T00:00,2.2,-3.3,1017.4,310.0,3.6
2023-02-06T01:00,1.1,-3.9,1018.4,300.0,2.6
2023-02-06T02:00,0.6,-3.9,1019.5,300.0,2.1
2023-02-06T03:00,0.0,-4.4,1020.8,340.0,2.1
2023-02-06T04:00,-2.2,-6.1,1020.9,360.0,2.6
2023-02-06T05:00,-1.7,-6.1,1021.0,10.0,1.5
2023-02-06T06:00,-1.7,-5.6,1021.7,330.0,2.1
2023-02-06T07:00,-2.2,-6.7,1022.0,0.0,0.0
2023-02-06T08:00,-3.3,-6.7,1022.7,290.0,1.5
2023-02-06T09:00,-4.4,-7.2,1023.0,0.0,0.0
2023-02-06T10:00,-4.4,-7.8,1023.0,0.0,0.0
2023-02-06T11:00,-5.0,-8.9,1023.1,0.0,0.0
2023-02-06T12:00,-4.4,-8.3,1023.6,0.0,0.0
2023-02-06T13:00,-4.4,-8.3,1023.8,0.0,0.0
2023-02-06T14:00,-2.8,-5.0,1024.1,160.0,1.5
2023-02-06T15:00,-0.6,-3.9,1024.1,150.0,3.1
2023-02-06T16:00,1.1,-3.3,1023.9,160.0,5.7
2023-02-06T17:00,2.2,-2.8,1023.6,150.0,5.7
2023-02-06T18:00,3.9,-2.2,1021.8,130.0,4.6
2023-02-06T19:00,6.1,-1.7,1019.9,150.0,4.6
2023-02-06T20:00,6.7,-2.8,1018.5,150.0,5.7
2023-02-06T21:00,6.7,-3.3,1017.3,150.0,7.2
2023-02-06T22:00,6.7,-2.8,1016.5,150.0,5.7
2023-02-06T23:00,5.6,-2.8,1014.8,130.0,8.2
2023-02-07T00:00,4.4,-2.8,1014.8,150.0,6.7
2023-02-07T01:00,4.4,-2.8,1012.5,140.0,7.7
2023-02-07T02:00,4.4,-2.8,1011.6,150.0,9.3
2023-02-07T03:00,5.0,-2.2,1011.8,170.0,5.1
2023-02-07T04:00,6.1,-1.7,1011.2,170.0,8.2
2023-02-07T05:00,7.2,-1.1,1009.8,170.0,6.7
2023-02-07T06:00,7.8,-0.6,1008.6,180.0,9.3
2023-02-07T07:00,9.4,0.6,1007.3,190.0,9.3
2023-02-07T08:00,9.4,2.2,1006.9,190.0,7.2
2023-02-07T09:00,10.0,3.9,1006.5,210.0,7.2
2023-02-07T10:00,10.0,5.0,1007.0,220.0,7.2
2023-02-07T11:00,7.2,2.8,1008.4,250.0,6.2
2023-02-07T12:00,5.0,1.1,1009.5,250.0,6.2
2023-02-07T13:00,4.4,0.6,1010.6,240.0,5.1
2023-02-07T14:00,3.3,0.0,1012.4,270.0,9.3
2023-02-07T15:00,2.8,-0.6,1013.8,260.0,7.2
2023-02-07T16:00,2.8,-0.6,1014.4,260.0,8.8
2023-02-07T17:00,2.8,-0.6,1015.8,260.0,8.8
2023-02-07T18:00,2.8,-0.6,1016.6,260.0,4.6
2023-02-07T19:00,3.3,-0.6,1016.8,280.0,5.7
2023-02-07T20:00,3.3,0.0,1017.6,260.0,7.7
2023-02-07T21:00,3.3,0.0,1018.4,280.0,3.6
2023-02-07T22:00,3.9,-0.6,1019.4,260.0,6.2
2023-02-07T23:00,3.3,-1.7,1019.7,260.0,3.6
2023-02-08T00:00,2.2,-1.7,1020.5,250.0,3.6
2023-02-08T01:00,1.7,-1.7,1021.0,220.0,3.1
2023-02-08T02:00,1.7,-1.7,1021.5,240.0,3.6
2023-02-08T03:00,1.7,-2.2,1021.8,260.0,3.6
2023-02-08T04:00,1.1,-2.8,1022.4,280.0,3.6
2023-02-08T05:00,0.6,-3.9,1022.8,280.0,4.1
2023-02-08T06:00,0.0,-4.4,1023.7,290.0,2.6
2023-02-08T07:00,-1.1,-4.4,1023.9,240.0,2.1
2023-02-08T08:00,-1.7,-5.0,1024.0,280.0,1.5
2023-02-08T09:00,-1.7,-5.0,1024.5,240.0,2.1
2023-02-08T10:00,-2.2,-5.0,1025.3,260.0,1.5
2023-02-08T11:00,-2.2,-5.6,1025.1,0.0,0.0
2023-02-08T12:00,-2.8,-5.6,1025.1,270.0,1.5
2023-02-08T13:00,-2.2,-5.6,1025.0,0.0,0.0
2023-02-08T14:00,-2.2,-5.0,1025.6,0.0,0.0
2023-02-08T15:00,-0.6,-3.3,1026.1,210.0,1.5
2023-02-08T16:00,1.7,-2.8,1025.6,0.0,0.0
2023-02-08T17:00,3.3,-2.8,1025.1,150.0,2.6
2023-02-08T18:00,4.4,-2.8,1024.1,210.0,1.5
2023-02-08T19:00,6.1,-2.8,1023.3,130.0,1.5
2023-02-08T20:00,6.7,-3.3,1022.4,180.0,1.5
2023-02-08T21:00,6.7,-3.3,1021.3,150.0,3.1
2023-02-08T22:00,6.1,-2.8,1021.6,150.0,2.1
2023-02-08T23:00,5.6,-2.8,1021.5,190.0,2.6
2023-02-09T00:00,4.4,-2.8,1021.2,0.0,0.0
2023-02-09T01:00,3.9,-1.7,1020.5,100.0,3.1
2023-02-09T02:00,3.3,-1.1,1019.7,100.0,3.6
2023-02-09T03:00,3.3,-1.7,1018.3,110.0,3.1
2023-02-09T04:00,3.3,-1.1,1016.5,90.0,2.6
2023-02-09T05:00,3.9,-1.1,1015.4,80.0,3.6
2023-02-09T06:00,3.3,0.0,1014.7,90.0,3.6
2023-02-09T07:00,3.9,0.0,,80.0,3.1
2023-02-09T08:00,3.3,0.6,1011.1,50.0,3.1
2023-02-09T09:00,2.8,1.1,,30.0,5.7
2023-02-09T10:00,3.3,1.1,1007.4,50.0,4.6
2023-02-09T11:00,3.9,2.2,1005.7,50.0,7.2
2023-02-09T12:00,3.9,2.2,1003.2,50.0,6.7
2023-02-09T13:00,3.9,2.2,1000.3,50.0,8.8
2023-02-09T14:00,4.4,2.8,1000.4,50.0,7.2
2023-02-09T15:00,4.4,2.8,999.4,50.0,5.1
2023-02-09T16:00,4.4,2.8,999.5,10.0,4.6
2023-02-09T17:00,4.4,2.8,998.6,40.0,2.6
2023-02-09T18:00,5.0,3.3,998.4,0.0,0.0
2023-02-09T20:00,4.4,2.2,999.9,230.0,3.6
2023-02-09T21:00,3.9,1.7,1001.0,340.0,4.6
2023-02-09T22:00,2.8,1.1,1003.9,320.0,6.7
2023-02-09T23:00,2.8,0.6,1007.1,300.0,6.7
2023-02-10T00:00,2.8,0.0,1009.9,300.0,7.7
2023-02-10T01:00,2.2,0.0,1012.2,300.0,6.2
2023-02-10T02:00,2.8,0.0,1013.7,290.0,7.2
2023-02-10T03:00,2.8,0.0,1015.0,290.0,6.2
2023-02-10T04:00,3.3,0.0,1015.9,290.0,5.7
2023-02-10T05:00,3.3,0.0,1016.7,290.0,4.6
2023-02-10T06:00,2.2,-0.6,1018.0,250.0,3.6
2023-02-10T07:00,2.2,-0.6,1018.9,250.0,3.6
2023-02-10T08:00,2.2,-0.6,1019.5,260.0,3.1
2023-02-10T09:00,2.2,-0.6,1020.0,260.0,3.6
2023-02-10T10:00,2.2,-1.1,1020.3,310.0,6.2
2023-02-10T11:00,2.2,-2.8,1021.1,330.0,5.7
2023-02-10T12:00,1.1,-4.4,1022.3,310.0,3.6
2023-02-10T13:00,0.0,-5.0,1022.9,310.0,3.1
2023-02-10T14:00,0.6,-4.4,1023.6,290.0,3.1
2023-02-10T15:00,0.6,-5.0,1024.4,290.0,6.2
2023-02-10T16:00,1.1,-5.0,1025.1,290.0,6.2
2023-02-10T17:00,1.7,-6.1,1026.0,300.0,5.1
2023-02-10T18:00,2.2,-8.3,1026.0,310.0,5.7
2023-02-10T19:00,2.8,-9.4,1025.9,290.0,5.7
2023-02-10T20:00,2.2,-10.0,1025.9,290.0,7.2
2023-02-10T21:00,2.8,-11.1,1026.1,310.0,5.7
2023-02-10T22:00,2.2,-11.1,1026.8,290.0,5.1
2023-02-10T23:00,2.2,-10.0,1027.3,290.0,5.1
2023-02-11T00:00,0.6,-8.9,1028.2,280.0,4.1
2023-02-11T01:00,0.0,-8.9,1028.9,280.0,3.6
2023-02-11T02:00,-1.1,-8.3,1029.4,280.0,3.1
2023-02-11T03:00,-1.7,-8.3,1029.6,290.0,3.6
2023-02-11T04:00,-2.2,-8.9,1029.7,270.0,2.6
2023-02-11T05:00,-2.8,-8.9,1029.6,250.0,2.1
2023-02-11T06:00,-2.8,-8.9,1029.7,230.0,1.5
2023-02-11T07:00,-3.3,-8.9,1029.5,230.0,1.5
2023-02-11T08:00,-3.9,-8.9,1029.3,250.0,2.1
2023-02-11T09:00,-3.9,-8.3,1029.2,220.0,2.1
2023-02-11T10:00,-4.4,-8.3,1029.5,220.0,2.6
2023-02-11T11:00,-4.4,-8.3,1029.5,220.0,1.5
2023-02-11T12:00,-5.0,-7.8,1029.6,220.0,2.1
2023-02-11T13:00,-5.0,-7.8,1029.7,230.0,2.6
2023-02-11T14:00,-3.9,-6.7,1029.5,210.0,2.6
2023-02-11T15:00,-0.6,-6.7,1029.0,240.0,2.6
2023-02-11T16:00,2.2,-8.9,1028.8,210.0,4.1
2023-02-11T17:00,5.0,-10.0,1028.2,230.0,3.6
2023-02-11T18:00,6.7,-11.1,1027.0,230.0,6.2
2023-02-11T19:00,7.8,-11.7,1025.9,250.0,4.1
2023-02-11T20:00,8.3,-6.7,1024.9,230.0,6.7
2023-02-11T21:00,8.3,-8.3,1024.4,210.0,5.1
2023-02-11T22:00,7.8,-6.7,1024.1,210.0,6.7
2023-02-11T23:00,6.7,-5.6,1023.8,210.0,4.1
2023-02-12T00:00,5.0,-5.0,1023.7,210.0,4.6
2023-02-12T01:00,3.9,-4.4,1023.3,210.0,4.1
2023-02-12T02:00,3.9,-4.4,1022.8,210.0,4.6
2023-02-12T03:00,2.8,-4.4,1022.5,220.0,3.6
2023-02-12T04:00,2.2,-5.0,1022.4,250.0,1.5
2023-02-12T05:00,1.1,-5.0,1021.9,210.0,2.6
2023-02-12T06:00,1.1,-5.0,1021.3,220.0,4.1
2023-02-12T07:00,0.6,-5.0,1020.5,240.0,3.6
2023-02-12T08:00,0.0,-5.0,1019.9,230.0,3.1
2023-02-12T09:00,0.0,-5.0,1019.7,240.0,3.1
2023-02-12T10:00,0.0,-5.6,1019.1,230.0,3.1
2023-02-12T11:00,-0.6,-5.6,1019.0,230.0,3.1
2023-02-12T12:00,-0.6,-5.6,1018.7,220.0,3.1
2023-02-12T13:00,-1.1,-6.1,1018.1,230.0,2.6
2023-02-12T14:00,0.6,-5.6,1018.1,230.0,3.1
2023-02-12T15:00,3.3,-6.1,1017.5,220.0,4.1
2023-02-12T16:00,5.6,-6.1,1017.0,250.0,3.6
2023-02-12T17:00,7.2,-6.1,1016.4,240.0,4.6
2023-02-12T18:00,8.3,-5.6,1015.1,240.0,4.6
2023-02-12T19:00,10.0,-5.6,1013.9,240.0,4.6
2023-02-12T20:00,10.6,-6.7,1012.7,240.0,6.7
2023-02-12T21:00,11.1,-7.8,1012.0,230.0,5.7
2023-02-12T22:00,10.6,-5.0,1011.7,230.0,5.1
2023-02-12T23:00,10.0,-3.9,1011.3,220.0,3.1
2023-02-13T00:00,8.3,-3.9,1011.3,200.0,3.1
2023-02-13T01:00,7.2,-3.3,1011.3,200.0,3.1
2023-02-13T02:00,6.7,-3.3,1010.8,210.0,4.6
2023-02-13T03:00,7.2,-3.3,1010.0,220.0,5.1
2023-02-13T04:00,7.2,-3.9,1009.7,230.0,5.7
2023-02-13T05:00,6.7,-3.9,1009.1,230.0,4.6
2023-02-13T06:00,5.6,-3.9,1008.6,260.0,4.1
2023-02-13T07:00,5.0,-3.9,1008.1,230.0,4.1
2023-02-13T08:00,4.4,-3.3,1007.8,240.0,3.1
2023-02-13T09:00,3.9,-2.8,1007.6,240.0,4.1
2023-02-13T10:00,2.8,-2.2,1007.6,270.0,4.6
2023-02-13T11:00,2.2,-2.8,1007.6,260.0,3.6
2023-02-13T12:00,1.7,-3.3,1007.8,260.0,3.6
2023-02-13T13:00,1.1,-3.3,1008.3,260.0,4.1
2023-02-13T14:00,2.2,-3.3,1008.9,270.0,5.7
2023-02-13T15:00,4.4,-3.3,1009.5,290.0,4.6
2023-02-13T16:00,6.1,-3.3,1009.8,280.0,5.1
2023-02-13T17:00,7.8,-3.3,1010.5,300.0,6.7
2023-02-13T18:00,10.0,-4.4,1010.4,320.0,6.7
2023-02-13T19:00,10.6,-5.0,1010.5,300.0,5.7
2023-02-13T20:00,10.6,-6.7,1010.2,290.0,5.1
2023-02-13T21:00,11.1,-8.3,1010.8,300.0,4.1
2023-02-13T22:00,10.6,-6.1,1011.0,270.0,4.1
2023-02-13T23:00,10.0,-7.8,1011.3,260.0,3.1
2023-02-14T00:00,8.3,-5.6,1011.9,240.0,2.1
2023-02-14T01:00,7.2,-5.6,1012.4,230.0,2.6
2023-02-14T02:00,6.1,-3.9,1012.3,220.0,2.6
2023-02-14T03:00,5.0,-3.9,1012.1,210.0,2.1
2023-02-14T04:00,3.9,-3.9,1012.4,200.0,2.1
2023-02-14T05:00,2.8,-3.9,1012.3,180.0,1.5
2023-02-14T06:00,2.2,-3.9,1012.0,170.0,2.6
2023-02-14T07:00,2.2,-3.9,1011.3,170.0,2.1
2023-02-14T08:00,0.6,-5.0,1011.4,160.0,1.5
2023-02-14T09:00,1.1,-4.4,1011.2,170.0,2.6
2023-02-14T10:00,1.7,-4.4,1010.4,160.0,3.6
2023-02-14T11:00,1.7,-3.9,1010.1,160.0,3.6
2023-02-14T12:00,2.2,-3.9,1010.4,170.0,3.1
2023-02-14T13:00,2.2,-3.3,1010.5,180.0,2.6
2023-02-14T14:00,3.9,-2.8,1010.5,160.0,3.6
2023-02-14T15:00,6.1,-2.2,1009.1,150.0,5.1
2023-02-14T16:00,10.0,-1.1,1008.4,170.0,7.2
2023-02-14T17:00,12.8,0.0,1008.0,170.0,8.8
2023-02-14T18:00,12.2,0.6,1006.7,180.0,8.8
2023-02-14T19:00,11.7,1.1,1005.5,160.0,6.2
2023-02-14T20:00,11.1,2.8,1004.3,150.0,7.7
2023-02-14T21:00,11.1,3.9,1001.7,130.0,6.7
2023-02-14T22:00,11.1,3.9,1001.0,130.0,5.7
2023-02-14T23:00,11.7,3.3,999.7,140.0,7.2
2023-02-15T00:00,11.7,3.9,999.3,150.0,5.7
2023-02-15T01:00,11.1,5.0,999.2,160.0,10.3
2023-02-15T02:00,10.6,5.6,997.1,160.0,7.7
2023-02-15T03:00,11.1,5.6,997.0,170.0,10.8
2023-02-15T04:00,11.7,6.7,996.7,190.0,11.3
2023-02-15T05:00,10.6,7.2,995.9,200.0,7.2
2023-02-15T06:00,10.6,7.2,995.3,190.0,7.2
2023-02-15T07:00,9.4,6.7,995.5,230.0,7.2
2023-02-15T08:00,8.9,6.1,995.2,220.0,5.7
2023-02-15T09:00,9.4,7.2,994.9,200.0,5.7
2023-02-15T10:00,10.6,7.8,995.2,210.0,7.2
2023-02-15T11:00,10.6,6.1,995.9,230.0,10.3
2023-02-15T12:00,9.4,5.0,997.2,230.0,8.2
2023-02-15T13:00,7.2,2.2,999.5,240.0,11.8
2023-02-15T14:00,6.1,1.7,1002.1,250.0,9.8
2023-02-15T15:00,6.1,1.7,1003.8,240.0,9.8
2023-02-15T16:00,5.6,1.1,1005.1,250.0,7.7
2023-02-15T17:00,5.0,0.6,1007.2,250.0,10.3
2023-02-15T18:00,5.0,0.6,1008.5,240.0,8.2
2023-02-15T19:00,4.4,-0.6,1009.0,250.0,10.3
2023-02-15T20:00,5.0,0.0,1010.1,250.0,7.7
2023-02-15T21:00,5.0,0.0,1011.5,250.0,7.2
2023-02-15T22:00,3.9,-0.6,1012.6,260.0,8.2
2023-02-15T23:00,3.9,-0.6,1013.7,270.0,6.2
2023-02-16T00:00,3.3,-1.1,1015.1,260.0,4.1
2023-02-16T01:00,2.8,-1.7,1015.9,280.0,5.7
2023-02-16T02:00,2.2,-1.7,1016.5,290.0,3.1
2023-02-16T03:00,2.2,-1.7,1017.4,280.0,2.6
2023-02-16T04:00,2.2,-2.2,1017.9,320.0,4.1
2023-02-16T05:00,1.7,-2.2,1017.9,340.0,3.6
2023-02-16T06:00,1.7,-2.8,1017.6,10.0,4.6
2023-02-16T07:00,0.0,-3.3,1017.3,360.0,3.6
2023-02-16T08:00,0.0,-3.3,1017.0,10.0,3.1
2023-02-16T09:00,1.1,-2.8,1016.3,20.0,4.6
2023-02-16T10:00,1.7,-2.2,1016.1,30.0,6.2
2023-02-16T11:00,1.7,-2.2,1015.1,40.0,7.2
2023-02-16T12:00,1.7,-2.2,1014.4,40.0,10.8
2023-02-16T13:00,1.7,-2.2,1015.7,70.0,7.2
2023-02-16T14:00,1.7,-2.2,,30.0,7.7
2023-02-16T15:00,1.1,-1.7,1015.2,30.0,8.8
2023-02-16T16:00,1.1,-1.1,,40.0,8.2
2023-02-16T17:00,0.6,-1.1,1012.6,30.0,10.3
2023-02-16T18:00,0.6,-1.1,1011.9,30.0,11.3
2023-02-16T19:00,0.6,-1.7,1010.5,40.0,9.3
2023-02-16T20:00,0.0,-1.7,1010.0,30.0,10.8
2023-02-16T21:00,0.0,-2.2,,30.0,9.8
2023-02-16T22:00,0.0,-2.2,1009.3,30.0,9.8
2023-02-16T23:00,-0.6,-2.2,1010.0,30.0,8.2
2023-02-17T00:00,-0.6,-2.8,1010.2,20.0,9.8
2023-02-17T01:00,-0.6,-2.8,1011.8,10.0,9.8
2023-02-17T02:00,-1.1,-2.8,,340.0,6.2
2023-02-17T03:00,-2.8,-5.6,1014.4,340.0,8.2
2023-02-17T04:00,-3.3,-6.1,1015.9,330.0,9.8
2023-02-17T05:00,-3.9,-6.7,1016.8,340.0,8.8
2023-02-17T06:00,-3.9,-7.2,1017.9,340.0,7.7
2023-02-17T07:00,-4.4,-7.8,1018.0,350.0,7.2
2023-02-17T08:00,-4.4,-8.3,1018.6,350.0,8.2
2023-02-17T09:00,-5.0,-8.3,1019.3,340.0,8.8
2023-02-17T10:00,-5.0,-8.9,1020.6,340.0,6.2
2023-02-17T11:00,-6.1,-10.0,1022.2,340.0,6.7
2023-02-17T12:00,-7.2,-11.1,1023.4,330.0,4.6
2023-02-17T13:00,-7.8,-12.8,1024.5,340.0,5.7
2023-02-17T14:00,-7.8,-12.8,1025.4,350.0,5.7
2023-02-17T15:00,-7.2,-12.8,1025.6,330.0,5.7
2023-02-17T16:00,-6.1,-12.2,1026.0,350.0,4.6
2023-02-17T17:00,-5.0,-11.1,1026.5,290.0,3.6
2023-02-17T18:00,-4.4,-11.1,1026.3,310.0,4.1
2023-02-17T19:00,-3.3,-10.6,1026.1,280.0,4.6
2023-02-17T20:00,-3.9,-11.1,1025.8,260.0,4.6
2023-02-17T21:00,-3.9,-11.7,1026.1,300.0,5.1
2023-02-17T22:00,-3.9,-11.7,1026.5,260.0,4.6
2023-02-17T23:00,-4.4,-11.1,1026.7,240.0,4.6
2023-02-18T00:00,-5.0,-10.6,1027.0,240.0,4.1
2023-02-18T01:00,-5.6,-10.6,1027.0,230.0,4.1
2023-02-18T02:00,-5.6,-10.0,1026.8,230.0,4.1
2023-02-18T03:00,-5.6,-9.4,1026.5,220.0,3.6
2023-02-18T04:00,-5.6,-9.4,1026.0,210.0,4.1
2023-02-18T05:00,-5.0,-8.9,1025.2,210.0,5.1
2023-02-18T06:00,-3.9,-8.9,1024.6,210.0,6.7
2023-02-18T07:00,-3.3,-8.9,1024.1,210.0,5.7
2023-02-18T08:00,-3.3,-8.9,1023.6,210.0,7.7
2023-02-18T09:00,-2.8,-8.3,1023.1,210.0,7.2
2023-02-18T10:00,-1.7,-7.8,1022.4,210.0,7.7
2023-02-18T11:00,-1.7,-7.8,1022.5,220.0,7.7
2023-02-18T12:00,-1.7,-7.8,1022.9,220.0,7.7
2023-02-18T13:00,-1.7,-7.2,1023.3,220.0,6.7
2023-02-18T14:00,-1.1,-6.7,1023.5,220.0,5.7
2023-02-18T15:00,0.6,-6.1,1024.0,230.0,7.2
2023-02-18T16:00,2.2,-5.6,1024.2,250.0,5.1
2023-02-18T17:00,3.3,-5.6,1023.7,240.0,6.2
2023-02-18T18:00,3.9,-5.0,1023.1,240.0,6.2
2023-02-18T19:00,5.0,-4.4,1022.2,230.0,4.6
2023-02-18T20:00,5.6,-3.3,1021.5,210.0,6.7
2023-02-18T21:00,6.1,-2.2,1020.7,210.0,5.7
2023-02-18T22:00,6.7,-2.2,1020.0,200.0,4.1
2023-02-18T23:00,6.7,-1.7,1019.5,200.0,2.6
2023-02-19T00:00,6.7,-1.7,1019.3,200.0,5.7
2023-02-19T01:00,5.6,-1.1,1019.0,180.0,3.1
2023-02-19T02:00,5.6,-1.7,1019.2,200.0,5.7
2023-02-19T03:00,5.6,-2.2,1018.3,200.0,6.2
2023-02-19T04:00,4.4,-2.2,1017.5,190.0,5.1
2023-02-19T05:00,4.4,-2.8,1016.6,190.0,4.6
2023-02-19T06:00,3.9,-2.8,1015.9,190.0,5.1
2023-02-19T07:00,3.9,-2.8,1015.3,200.0,5.1
2023-02-19T08:00,5.0,-2.8,1014.9,200.0,7.2
2023-02-19T09:00,4.4,-2.2,1013.2,210.0,5.1
2023-02-19T10:00,4.4,-2.2,1012.3,200.0,6.2
2023-02-19T11:00,4.4,-1.7,1011.4,210.0,6.7
2023-02-19T12:00,4.4,-1.7,1011.3,210.0,5.7
2023-02-19T13:00,4.4,-1.7,1010.9,210.0,6.7
2023-02-19T14:00,4.4,-1.1,1010.7,200.0,6.7
2023-02-19T15:00,6.1,-1.1,1010.3,220.0,6.7
2023-02-19T16:00,7.2,-1.7,1010.0,240.0,6.7
2023-02-19T17:00,8.3,-2.2,1009.8,240.0,10.3
2023-02-19T18:00,8.9,-1.7,1009.0,230.0,8.2
2023-02-19T19:00,9.4,-1.1,1008.3,240.0,8.8
2023-02-19T20:00,10.6,0.0,1007.8,240.0,6.7
2023-02-19T21:00,10.6,0.0,1007.6,240.0,9.8
2023-02-19T22:00,10.6,0.0,1007.7,230.0,8.8
2023-02-19T23:00,10.0,0.0,1008.0,240.0,5.1
2023-02-20T00:00,8.3,1.1,1008.5,260.0,4.1
2023-02-20T01:00,7.2,0.6,1009.2,270.0,5.1
2023-02-20T02:00,6.1,0.6,1009.7,270.0,3.6
2023-02-20T03:00,5.0,-0.6,1010.1,270.0,2.6
2023-02-20T04:00,4.4,0.0,1009.6,280.0,5.1
2023-02-20T05:00,4.4,0.0,1009.7,280.0,4.1
2023-02-20T06:00,3.3,-0.6,1010.0,320.0,4.6
2023-02-20T07:00,1.7,-1.7,1010.0,340.0,4.1
2023-02-20T08:00,0.6,-2.8,1010.5,350.0,4.1
2023-02-20T09:00,-0.6,-3.9,1010.2,350.0,3.6
2023-02-20T10:00,-1.1,-5.0,1009.9,20.0,1.5
2023-02-20T11:00,-1.1,-5.0,1010.4,10.0,2.1
2023-02-20T12:00,-1.1,-4.4,1010.3,10.0,2.1
2023-02-20T13:00,-1.7,-5.0,1010.0,350.0,2.1
2023-02-20T14:00,-0.6,-3.9,1010.2,350.0,2.1
2023-02-20T15:00,1.7,-2.8,1010.3,80.0,2.6
2023-02-20T16:00,3.3,-1.7,1009.6,100.0,2.6
2023-02-20T17:00,5.0,-1.7,1009.0,,1.5
2023-02-20T18:00,5.6,-2.2,1008.3,120.0,2.6
2023-02-20T19:00,6.7,-1.1,1007.1,110.0,3.1
2023-02-20T20:00,6.7,-2.8,1006.1,0.0,0.0
2023-02-20T21:00,7.8,-2.2,1005.4,,2.6
2023-02-20T22:00,8.3,-2.2,1004.4,150.0,3.6
2023-02-20T23:00,7.8,-1.1,1003.9,140.0,3.1
2023-02-21T00:00,5.6,-1.1,1003.8,150.0,2.6
2023-02-21T01:00,5.0,-1.1,1003.5,180.0,2.6
2023-02-21T02:00,5.6,-1.7,1003.4,220.0,2.6
2023-02-21T03:00,5.6,-1.1,1003.0,220.0,3.1
2023-02-21T04:00,6.1,-1.1,1002.4,240.0,4.6
2023-02-21T05:00,5.0,-0.6,1001.8,240.0,5.1
2023-02-21T06:00,4.4,-0.6,1001.0,260.0,4.6
2023-02-21T07:00,4.4,0.0,1000.5,270.0,6.2
2023-02-21T08:00,3.9,-0.6,1000.7,270.0,6.7
2023-02-21T09:00,2.8,-1.7,1000.9,260.0,7.2
2023-02-21T10:00,1.1,-3.9,1001.5,270.0,8.2
2023-02-21T11:00,0.6,-6.7,1002.0,270.0,7.7
2023-02-21T12:00,-0.6,-7.8,1003.9,270.0,10.3
2023-02-21T13:00,-3.3,-10.0,1005.9,290.0,8.2
2023-02-21T14:00,-4.4,-11.7,1007.7,290.0,8.2
2023-02-21T15:00,-3.9,-11.7,1009.0,290.0,8.2
2023-02-21T16:00,-2.8,-11.7,1009.9,300.0,5.7
2023-02-21T17:00,-1.7,-11.1,1010.6,300.0,5.7
2023-02-21T18:00,0.0,-11.1,1009.7,330.0,3.6
2023-02-21T19:00,1.1,-11.1,1010.6,270.0,4.6
2023-02-21T20:00,1.1,-11.7,1010.7,260.0,3.1
2023-02-21T21:00,1.1,-12.2,1010.8,230.0,3.6
2023-02-21T22:00,2.2,-12.2,1010.0,100.0,1.5
2023-02-21T23:00,1.7,-11.1,1010.8,210.0,3.1
2023-02-22T00:00,1.7,-11.1,1010.5,180.0,2.1
2023-02-22T01:00,1.1,-7.8,1010.1,100.0,4.6
2023-02-22T02:00,1.1,-7.2,1010.0,100.0,4.1
2023-02-22T03:00,0.6,-6.1,1010.3,90.0,3.6
2023-02-22T04:00,1.1,-5.6,1010.3,90.0,4.1
2023-02-22T05:00,1.1,-5.0,1009.8,90.0,5.1
2023-02-22T06:00,1.1,-5.0,1009.0,90.0,6.2
2023-02-22T07:00,1.1,-5.0,1007.8,80.0,6.7
2023-02-22T08:00,1.7,-5.0,1007.3,70.0,6.2
2023-02-22T09:00,1.1,-4.4,1006.4,60.0,8.2
2023-02-22T10:00,1.1,-4.4,1005.9,70.0,7.2
2023-02-22T11:00,1.7,-3.9,1005.7,80.0,6.2
2023-02-22T12:00,1.7,-4.4,1006.3,60.0,6.7
2023-02-22T13:00,1.7,-3.9,1006.6,70.0,5.7
2023-02-22T14:00,1.7,-3.3,1006.9,60.0,8.2
2023-02-22T15:00,1.1,-1.7,1006.2,60.0,6.7
2023-02-22T16:00,1.1,-1.7,1006.2,60.0,9.3
2023-02-22T17:00,1.1,-1.7,1006.3,50.0,8.2
2023-02-22T18:00,1.1,-1.7,1004.3,70.0,9.8
2023-02-22T19:00,0.6,-1.1,1004.1,60.0,8.8
2023-02-22T20:00,0.6,-1.1,1002.6,60.0,10.3
2023-02-22T21:00,0.6,-1.1,1003.1,60.0,9.8
2023-02-22T22:00,0.6,-1.7,1004.0,40.0,6.7
2023-02-22T23:00,0.6,-1.1,1003.4,70.0,6.2
2023-02-23T00:00,1.1,-1.1,1001.4,70.0,7.2
2023-02-23T01:00,1.7,-0.6,1003.0,60.0,5.1
2023-02-23T02:00,1.7,-0.6,1004.1,70.0,4.1
2023-02-23T03:00,1.7,0.0,1003.9,70.0,4.6
2023-02-23T04:00,2.2,0.0,1004.3,70.0,5.1
2023-02-23T05:00,1.7,0.0,1005.2,70.0,3.1
2023-02-23T06:00,1.7,0.0,1005.7,70.0,3.1
2023-02-23T07:00,1.7,0.0,1006.1,50.0,4.1
2023-02-23T08:00,1.7,0.0,,80.0,4.1
2023-02-23T09:00,1.7,0.0,1005.4,90.0,3.1
2023-02-23T10:00,1.7,0.6,1005.0,80.0,2.6
2023-02-23T11:00,2.2,0.6,1005.2,90.0,2.1
2023-02-23T12:00,2.2,1.1,1005.6,130.0,2.1
2023-02-23T13:00,2.8,1.1,1005.7,170.0,3.1
2023-02-23T14:00,3.9,2.8,1006.6,260.0,4.1
2023-02-23T15:00,3.9,2.8,1008.1,250.0,7.7
2023-02-23T16:00,2.8,1.1,1009.4,260.0,8.2
2023-02-23T17:00,2.2,0.0,1011.3,260.0,6.2
2023-02-23T18:00,2.8,-0.6,1012.4,260.0,8.8
2023-02-23T19:00,2.2,-2.2,1013.8,250.0,8.8
2023-02-23T20:00,1.7,-3.3,1015.2,260.0,6.2
2023-02-23T21:00,0.6,-4.4,1016.9,260.0,10.8
2023-02-23T22:00,0.0,-5.0,1018.2,270.0,9.8
2023-02-23T23:00,-0.6,-6.7,1019.5,260.0,10.8
2023-02-24T00:00,-1.1,-6.7,1021.2,280.0,10.3
2023-02-24T01:00,-1.7,-7.8,1023.0,280.0,6.2
2023-02-24T02:00,-2.8,-8.9,1025.1,300.0,8.2
2023-02-24T03:00,-3.3,-10.0,1026.9,290.0,9.8
2023-02-24T04:00,-3.3,-10.6,1028.5,280.0,7.2
2023-02-24T05:00,-3.9,-11.1,1029.8,290.0,6.2
2023-02-24T06:00,-5.0,-10.6,1030.9,290.0,5.1
2023-02-24T07:00,-5.6,-10.6,1031.9,290.0,4.6
2023-02-24T08:00,-6.1,-10.6,1032.8,300.0,5.7
2023-02-24T09:00,-6.7,-11.1,1033.8,300.0,4.6
2023-02-24T10:00,-7.2,-11.1,1034.2,300.0,3.6
2023-02-24T11:00,-7.2,-11.1,1035.5,280.0,3.6
2023-02-24T12:00,-7.2,-11.1,1036.2,280.0,3.6
2023-02-24T13:00,-7.2,-11.1,,300.0,3.6
2023-02-24T14:00,-6.7,-10.0,1038.2,330.0,4.6
2023-02-24T15:00,-5.0,-11.1,1038.9,350.0,4.1
2023-02-24T16:00,-5.0,-12.8,1038.8,360.0,4.1
2023-02-24T17:00,-3.3,-12.2,1038.6,20.0,3.1
2023-02-24T18:00,-2.2,-12.2,1038.1,60.0,3.6
2023-02-24T19:00,-2.2,-11.1,1037.3,70.0,3.1
2023-02-24T20:00,-2.2,-11.1,1036.7,70.0,1.5
2023-02-24T21:00,-2.2,-10.6,1036.6,90.0,3.6
2023-02-24T22:00,-2.8,-10.6,1036.4,80.0,3.1
2023-02-24T23:00,-3.3,-10.6,1036.4,40.0,4.1
2023-02-25T00:00,-3.9,-9.4,1035.9,70.0,4.6
2023-02-25T01:00,-3.9,-9.4,1035.4,70.0,5.1
2023-02-25T02:00,-3.3,-8.9,1035.0,90.0,4.1
2023-02-25T03:00,-3.9,-7.2,1033.7,90.0,4.6
2023-02-25T04:00,-4.4,-6.7,1033.5,110.0,1.5
2023-02-25T05:00,-3.9,-6.1,1031.7,90.0,2.6
2023-02-25T06:00,-3.3,-5.6,1030.3,150.0,2.1
2023-02-25T07:00,-2.8,-5.0,1028.8,130.0,2.6
2023-02-25T08:00,-2.2,-4.4,1026.6,130.0,3.1
2023-02-25T09:00,-2.2,-4.4,1026.3,250.0,1.5
2023-02-25T10:00,-2.2,-5.0,1026.5,260.0,3.1
2023-02-25T11:00,-2.2,-5.0,1026.2,270.0,3.1
2023-02-25T12:00,-2.2,-5.0,1025.9,270.0,3.1
2023-02-25T13:00,-2.2,-5.0,1025.3,250.0,1.5
2023-02-25T14:00,-2.2,-4.4,1025.1,230.0,2.1
2023-02-25T15:00,-1.7,-4.4,1025.2,270.0,3.6
2023-02-25T16:00,-1.1,-5.0,1025.0,270.0,2.6
2023-02-25T17:00,-0.6,-5.0,1024.7,,3.1
2023-02-25T18:00,0.0,-5.0,1023.9,250.0,5.1
2023-02-25T19:00,1.1,-3.9,1022.9,220.0,6.2
2023-02-25T20:00,2.2,-4.4,1021.9,250.0,6.7
2023-02-25T21:00,2.8,-4.4,1021.0,250.0,5.1
2023-02-25T22:00,3.3,-4.4,1020.5,250.0,4.6
2023-02-25T23:00,2.8,-4.4,1019.9,230.0,5.7
2023-02-26T00:00,2.2,-4.4,1019.5,210.0,4.6
2023-02-26T01:00,1.7,-3.9,1019.4,220.0,3.6
2023-02-26T02:00,1.1,-3.9,1018.4,220.0,3.6
2023-02-26T03:00,1.1,-3.3,1017.5,200.0,4.6
2023-02-26T04:00,1.1,-3.3,1017.3,210.0,5.1
2023-02-26T05:00,1.1,-2.8,1017.1,230.0,6.2
2023-02-26T06:00,0.6,-2.8,1017.4,240.0,4.6
2023-02-26T07:00,0.6,-2.8,1016.7,230.0,5.7
2023-02-26T08:00,0.0,-2.8,1016.7,240.0,4.1
2023-02-26T09:00,0.0,-3.3,1015.3,200.0,4.1
2023-02-26T10:00,0.0,-3.3,1015.9,230.0,3.1
2023-02-26T11:00,-0.6,-3.3,1016.3,230.0,1.5
2023-02-26T12:00,-1.7,-3.9,1016.5,210.0,2.1
2023-02-26T13:00,-2.2,-4.4,1017.0,200.0,1.5
2023-02-26T14:00,-1.1,-2.2,1017.4,240.0,3.1
2023-02-26T15:00,1.7,-1.7,1017.4,240.0,3.6
2023-02-26T16:00,4.4,-2.2,1017.5,300.0,2.6
2023-02-26T17:00,6.1,-5.6,1016.8,0.0,0.0
2023-02-26T18:00,7.8,-4.4,1016.6,70.0,2.1
2023-02-26T19:00,9.4,-3.9,1015.6,0.0,0.0
2023-02-26T20:00,8.9,-5.0,1014.7,,1.5
2023-02-26T21:00,10.6,-4.4,1014.0,0.0,0.0
2023-02-26T22:00,8.3,-3.9,1013.4,80.0,4.6
2023-02-26T23:00,6.7,-5.0,1013.2,100.0,5.1
2023-02-27T00:00,4.4,-5.6,1012.9,90.0,4.1
2023-02-27T01:00,2.8,-5.0,1012.5,80.0,3.1
2023-02-27T02:00,2.2,-4.4,1011.8,90.0,3.6
2023-02-27T03:00,1.7,-5.0,1012.0,100.0,2.1
2023-02-27T04:00,2.2,-4.4,1011.0,90.0,3.1
2023-02-27T05:00,2.8,-3.3,1009.5,100.0,3.1
2023-02-27T06:00,3.9,-3.3,1008.0,100.0,3.6
2023-02-27T07:00,4.4,-2.8,1006.4,90.0,3.6
2023-02-27T08:00,5.6,-1.7,1004.8,110.0,6.2
2023-02-27T09:00,5.6,-1.1,1002.4,70.0,3.1
2023-02-27T10:00,5.0,1.7,1000.1,110.0,6.7
2023-02-27T11:00,5.0,2.8,,110.0,7.2
2023-02-27T12:00,5.6,3.9,995.0,110.0,10.3
2023-02-27T13:00,6.1,4.4,,110.0,10.3
2023-02-27T14:00,6.7,5.0,990.9,130.0,7.2
2023-02-27T15:00,7.2,6.1,987.9,120.0,5.7
2023-02-27T16:00,8.3,6.7,985.2,90.0,4.6
2023-02-27T17:00,9.4,7.8,985.2,90.0,2.6
2023-02-27T18:00,13.9,8.9,984.7,220.0,8.2
2023-02-27T19:00,13.3,7.8,984.2,230.0,6.2
2023-02-27T20:00,12.8,7.2,984.7,260.0,5.1
2023-02-27T21:00,12.2,7.8,986.0,240.0,5.7
2023-02-27T22:00,12.2,8.3,986.6,270.0,4.1
2023-02-27T23:00,12.2,8.3,988.5,270.0,6.2
2023-02-28T00:00,7.2,3.9,991.6,280.0,7.7
2023-02-28T01:00,5.6,2.2,994.2,290.0,7.7
2023-02-28T02:00,4.4,1.7,996.3,290.0,8.8
2023-02-28T03:00,3.9,0.6,998.3,280.0,5.7
2023-02-28T04:00,3.9,0.0,999.8,290.0,6.7
2023-02-28T05:00,3.3,0.0,1001.3,300.0,7.7
2023-02-28T06:00,3.3,-0.6,1002.4,280.0,4.6
2023-02-28T07:00,3.9,0.0,1003.6,300.0,5.7
2023-02-28T08:00,3.3,0.0,1004.4,280.0,4.6
2023-02-28T09:00,3.9,0.6,1005.6,290.0,4.1
2023-02-28T10:00,3.9,0.6,1006.7,300.0,6.7
2023-02-28T11:00,3.9,0.6,1007.8,300.0,3.1
2023-02-28T12:00,3.9,0.0,1008.9,300.0,3.6
2023-02-28T13:00,3.3,0.0,1010.6,290.0,3.6
2023-02-28T14:00,3.9,0.0,1011.3,270.0,2.6
2023-02-28T15:00,3.9,-1.1,1011.9,280.0,3.1
2023-02-28T16:00,4.4,-1.1,1012.2,270.0,3.1
2023-02-28T17:00,6.7,-0.6,1012.5,210.0,2.6
2023-02-28T18:00,7.8,-1.7,1012.5,0.0,0.0
2023-02-28T19:00,9.4,-2.2,1012.1,330.0,2.1
2023-02-28T20:00,10.0,-4.4,1011.4,0.0,0.0
2023-02-28T21:00,10.6,-4.4,1011.3,,1.5
2023-02-28T22:00,8.9,0.0,1010.6,80.0,4.6
2023-02-28T23:00,7.2,0.0,1011.0,100.0,4.6
2023-03-01T00:00,6.7,-0.6,1010.9,90.0,3.1
2023-03-01T01:00,5.6,-2.2,1011.0,90.0,4.6
2023-03-01T02:00,5.6,-2.8,1010.8,90.0,3.1
2023-03-01T03:00,5.0,-2.8,1011.1,90.0,3.1
2023-03-01T04:00,5.6,-1.7,1010.3,80.0,4.1
2023-03-01T05:00,5.6,0.0,1009.5,50.0,3.6
2023-03-01T06:00,5.6,0.6,1008.7,10.0,3.6
2023-03-01T07:00,4.4,2.2,1008.2,80.0,5.1
2023-03-01T08:00,4.4,2.2,1007.4,60.0,4.1
2023-03-01T09:00,4.4,2.2,1007.1,80.0,4.1
2023-03-01T10:00,4.4,2.2,1006.7,70.0,3.1
2023-03-01T11:00,3.9,1.7,1006.6,90.0,3.6
2023-03-01T12:00,3.9,1.7,1006.9,100.0,3.1
2023-03-01T13:00,3.9,1.7,1006.9,100.0,1.5
2023-03-01T14:00,5.0,2.8,1007.6,120.0,2.1
2023-03-01T15:00,5.6,3.3,1006.8,0.0,0.0
2023-03-01T16:00,7.8,3.9,1007.0,250.0,2.6
2023-03-01T17:00,9.4,5.0,1006.8,230.0,3.6
2023-03-01T18:00,10.6,5.0,1007.2,240.0,3.6
2023-03-01T19:00,12.2,5.6,1006.5,290.0,6.2
2023-03-01T20:00,12.8,4.4,1006.8,250.0,5.7
2023-03-01T21:00,13.3,4.4,1007.0,300.0,7.2
2023-03-01T22:00,12.2,3.3,1006.8,240.0,3.6
2023-03-01T23:00,12.2,2.8,1006.9,260.0,5.7
2023-03-02T00:00,11.1,3.9,1007.2,240.0,3.1
2023-03-02T01:00,10.6,2.8,1007.9,250.0,2.6
2023-03-02T02:00,10.0,1.7,1008.3,240.0,4.1
2023-03-02T03:00,8.9,-1.7,1008.4,270.0,5.1
2023-03-02T04:00,7.2,-1.1,1008.9,280.0,5.1
2023-03-02T05:00,5.6,-0.6,1009.2,290.0,4.6
2023-03-02T06:00,3.3,-1.1,1010.2,300.0,5.7
2023-03-02T07:00,2.8,-1.7,1010.6,290.0,4.1
2023-03-02T08:00,2.2,-1.7,1011.2,290.0,3.6
2023-03-02T09:00,2.8,-1.7,1011.7,290.0,4.6
2023-03-02T10:00,2.8,-1.7,1012.4,290.0,4.1
2023-03-02T11:00,3.3,-2.2,1013.1,320.0,5.1
2023-03-02T12:00,2.8,-1.7,1013.1,330.0,4.1
2023-03-02T13:00,2.8,-1.1,1013.5,360.0,5.1
2023-03-02T14:00,2.8,-0.6,1014.3,40.0,5.1
2023-03-02T15:00,2.2,-1.1,1014.5,30.0,6.2
2023-03-02T16:00,2.8,-1.7,1015.4,40.0,5.7
2023-03-02T17:00,3.9,-2.2,1015.4,60.0,3.6
2023-03-02T18:00,3.9,-2.2,1015.8,10.0,3.1
2023-03-02T19:00,3.3,-2.2,1015.6,20.0,2.6
2023-03-02T20:00,3.3,-2.2,1015.6,20.0,4.1
2023-03-02T21:00,2.8,-2.8,1015.1,60.0,3.1
2023-03-02T22:00,2.2,-2.8,1014.6,50.0,4.6
2023-03-02T23:00,1.7,-2.8,1014.6,60.0,5.7
2023-03-03T00:00,1.7,-3.3,1015.3,70.0,3.6
2023-03-03T01:00,1.1,-3.3,1015.3,60.0,4.6
2023-03-03T02:00,1.1,-3.3,1015.2,80.0,4.1
2023-03-03T03:00,1.1,-3.3,1014.7,70.0,3.6
2023-03-03T04:00,0.6,-3.3,1014.1,90.0,4.1
2023-03-03T05:00,1.1,-2.8,1013.0,70.0,4.6
2023-03-03T06:00,1.7,-2.8,1012.6,80.0,4.1
2023-03-03T07:00,1.1,-2.2,1012.8,80.0,3.1
2023-03-03T08:00,1.1,-2.2,1011.2,60.0,3.1
2023-03-03T09:00,1.7,-1.7,1009.8,60.0,4.1
2023-03-03T10:00,1.7,-1.1,1008.8,60.0,4.6
2023-03-03T11:00,2.2,-0.6,1008.1,60.0,5.1
2023-03-03T12:00,2.2,-0.6,1007.6,70.0,5.7
2023-03-03T13:00,2.2,-0.6,1006.0,90.0,6.7
2023-03-03T14:00,2.8,-0.6,1006.3,90.0,6.7
2023-03-03T15:00,3.3,-0.6,1005.7,90.0,5.7
2023-03-03T16:00,3.3,-0.6,1003.7,60.0,5.7
2023-03-03T17:00,3.3,-0.6,1002.8,60.0,7.7
2023-03-03T18:00,2.8,-0.6,1000.3,60.0,8.2
2023-03-03T19:00,2.8,-0.6,999.1,50.0,8.2
2023-03-03T20:00,2.2,-1.1,995.9,30.0,10.8
2023-03-03T21:00,2.2,-1.1,997.2,40.0,9.3
2023-03-03T22:00,2.2,-1.1,998.5,10.0,9.3
2023-03-03T23:00,2.2,-1.1,998.2,10.0,9.3
2023-03-04T00:00,2.2,-1.7,998.6,20.0,8.2
2023-03-04T01:00,2.2,-1.7,1000.2,10.0,8.8
2023-03-04T02:00,2.2,-1.7,1001.8,340.0,5.1
2023-03-04T03:00,2.2,-1.7,1003.6,330.0,4.6
2023-03-04T04:00,1.1,-2.2,1004.9,300.0,4.1
2023-03-04T05:00,0.6,-2.8,1005.6,310.0,4.6
2023-03-04T06:00,0.6,-2.8,1006.6,280.0,2.6
2023-03-04T07:00,0.0,-2.8,1007.8,270.0,2.6
2023-03-04T08:00,-0.6,-3.3,1009.0,260.0,2.6
2023-03-04T09:00,-1.1,-3.9,1009.3,220.0,1.5
2023-03-04T10:00,-1.1,-3.9,1010.1,230.0,1.5
2023-03-04T11:00,-1.1,-3.9,1011.2,210.0,1.5
2023-03-04T12:00,-1.7,-3.9,1012.0,0.0,0.0
2023-03-04T13:00,-1.7,-3.3,1012.6,0.0,0.0
2023-03-04T14:00,0.0,-1.1,1013.6,240.0,2.6
2023-03-04T15:00,2.8,0.0,1014.1,250.0,3.1
2023-03-04T16:00,5.0,0.0,1014.6,260.0,4.1
2023-03-04T17:00,7.2,0.0,1014.4,230.0,4.1
2023-03-04T18:00,8.9,-1.1,1013.9,220.0,2.6
2023-03-04T19:00,10.0,-2.8,1013.9,210.0,5.1
2023-03-04T20:00,9.4,-0.6,1013.9,250.0,5.7
2023-03-04T21:00,9.4,0.0,1014.2,230.0,7.7
2023-03-04T22:00,7.2,2.8,1014.7,250.0,4.1
2023-03-04T23:00,6.7,3.3,1015.1,260.0,4.1
2023-03-05T00:00,5.6,2.8,1016.0,280.0,4.6
2023-03-05T01:00,5.0,2.8,1016.7,260.0,3.6
2023-03-05T02:00,4.4,2.2,1017.3,260.0,3.1
2023-03-05T03:00,3.3,1.1,1017.8,250.0,2.6
2023-03-05T04:00,2.8,1.1,1018.0,260.0,3.1
2023-03-05T05:00,2.8,0.6,1018.8,230.0,3.1
2023-03-05T06:00,2.2,0.0,1019.4,240.0,3.1
2023-03-05T07:00,1.7,-0.6,1020.3,230.0,3.1
2023-03-05T08:00,1.7,-0.6,1021.2,260.0,2.1
2023-03-05T09:00,1.1,-1.1,1021.6,290.0,2.6
2023-03-05T10:00,1.1,-1.1,1022.4,290.0,2.6
2023-03-05T11:00,1.1,-1.7,1022.8,0.0,0.0
2023-03-05T12:00,-0.6,-2.2,1023.6,0.0,0.0
2023-03-05T13:00,0.6,-1.7,1024.3,330.0,1.5
2023-03-05T14:00,1.7,-0.6,1024.5,10.0,3.1
2023-03-05T15:00,3.9,1.1,1024.8,60.0,3.6
2023-03-05T16:00,6.1,0.6,1024.8,100.0,3.1
2023-03-05T17:00,7.8,-1.1,1025.3,130.0,3.1
2023-03-05T18:00,9.4,-1.7,1025.0,0.0,0.0
2023-03-05T19:00,10.0,-1.7,1024.0,80.0,1.5
2023-03-05T20:00,9.4,-1.7,1023.4,80.0,4.6
2023-03-05T21:00,8.9,-0.6,1022.9,100.0,4.6
2023-03-05T22:00,8.3,-0.6,1022.2,80.0,5.1
2023-03-05T23:00,6.7,-1.1,1021.7,80.0,5.1
2023-03-06T00:00,5.6,-1.1,1021.1,80.0,4.1
2023-03-06T01:00,5.6,-1.1,1019.7,90.0,5.1
2023-03-06T02:00,5.6,-0.6,1018.6,90.0,6.2
2023-03-06T03:00,6.7,0.0,1017.4,110.0,5.1
2023-03-06T04:00,6.7,1.1,1019.5,20.0,4.6
2023-03-06T05:00,4.4,0.6,1017.8,70.0,6.2
2023-03-06T06:00,4.4,1.1,1015.8,90.0,7.2
2023-03-06T07:00,5.0,1.1,1016.7,90.0,7.2
2023-03-06T08:00,4.4,1.7,,100.0,6.2
2023-03-06T09:00,5.0,2.2,1014.0,130.0,5.7
2023-03-06T10:00,5.0,1.7,1013.6,110.0,4.1
2023-03-06T11:00,5.6,2.2,1013.4,,1.5
2023-03-06T12:00,6.1,2.2,1012.9,140.0,3.1
2023-03-06T13:00,6.1,2.2,1012.7,140.0,3.6
2023-03-06T14:00,6.7,2.2,1012.1,150.0,4.1
2023-03-06T15:00,7.2,2.8,1011.8,140.0,5.1
2023-03-06T16:00,7.8,3.3,1012.0,180.0,3.1
2023-03-06T17:00,8.3,4.4,1011.0,270.0,1.5
2023-03-06T18:00,8.3,5.0,1011.1,0.0,0.0
2023-03-06T19:00,8.9,6.1,1009.8,0.0,0.0
2023-03-06T20:00,11.7,6.7,1010.0,,1.5
2023-03-06T21:00,12.8,6.7,1010.9,330.0,5.1
2023-03-06T22:00,8.9,3.9,1012.4,30.0,7.2
2023-03-06T23:00,7.8,3.3,1013.6,30.0,5.1
2023-03-07T00:00,6.7,2.8,1013.9,20.0,3.6
2023-03-07T01:00,6.7,2.8,1015.7,330.0,5.7
2023-03-07T02:00,6.1,2.2,1016.8,320.0,6.2
2023-03-07T03:00,5.6,2.2,1017.6,340.0,6.2
2023-03-07T04:00,5.6,1.7,1018.5,320.0,5.1
2023-03-07T05:00,5.0,1.7,1019.4,330.0,5.7
2023-03-07T06:00,4.4,0.6,1020.4,350.0,7.2
2023-03-07T07:00,3.9,0.6,1021.5,360.0,7.2
2023-03-07T08:00,3.3,0.0,1022.6,10.0,7.7
2023-03-07T09:00,2.8,0.0,1023.6,360.0,7.7
2023-03-07T10:00,2.8,0.6,1024.6,20.0,6.7
2023-03-07T11:00,2.8,-0.6,1025.4,30.0,8.2
2023-03-07T12:00,2.2,-1.1,1026.4,40.0,8.2
2023-03-07T13:00,2.2,-2.2,1027.7,50.0,5.7
2023-03-07T14:00,3.3,-1.7,1028.9,50.0,6.7
2023-03-07T15:00,3.9,-2.2,1029.9,40.0,8.8
2023-03-07T16:00,5.0,-3.3,1030.2,50.0,5.7
2023-03-07T17:00,5.6,-7.8,1031.3,40.0,6.2
2023-03-07T18:00,6.7,-7.8,1031.8,40.0,7.7
2023-03-07T19:00,7.2,-10.0,1031.3,40.0,6.7
2023-03-07T20:00,6.7,-8.3,1031.5,40.0,6.2
2023-03-07T21:00,6.1,-7.2,1031.6,50.0,7.2
2023-03-07T22:00,5.6,-5.6,1031.8,50.0,6.7
2023-03-07T23:00,4.4,-6.1,1032.1,40.0,6.7
2023-03-08T00:00,2.8,-5.0,1032.7,50.0,5.7
2023-03-08T01:00,2.8,-2.8,1032.5,40.0,6.2
2023-03-08T02:00,2.8,-1.7,1032.4,40.0,5.1
2023-03-08T03:00,2.8,-1.7,1032.6,40.0,4.6
2023-03-08T04:00,3.3,-2.8,1032.5,70.0,4.6
2023-03-08T05:00,3.9,-4.4,1032.8,100.0,4.1
2023-03-08T06:00,3.9,-6.1,1033.4,90.0,4.1
2023-03-08T07:00,3.9,-6.1,1033.4,80.0,4.1
2023-03-08T08:00,3.3,-7.2,1033.5,100.0,3.1
2023-03-08T09:00,2.8,-6.1,1032.9,100.0,4.1
2023-03-08T10:00,3.3,-8.9,1032.6,110.0,5.1
2023-03-08T11:00,2.8,-10.0,1033.3,110.0,6.2
2023-03-08T12:00,2.8,-9.4,1033.7,120.0,5.1
2023-03-08T13:00,2.8,-10.0,1033.7,120.0,5.7
2023-03-08T14:00,3.3,-10.6,1034.0,110.0,8.8
2023-03-08T15:00,5.0,-10.0,1034.7,90.0,6.2
2023-03-08T16:00,5.0,-10.0,1034.7,90.0,7.2
2023-03-08T17:00,6.1,-10.0,1034.4,90.0,5.7
2023-03-08T18:00,6.1,-9.4,1034.0,90.0,5.7
2023-03-08T19:00,7.2,-8.3,1032.9,100.0,5.1
2023-03-08T20:00,7.8,-8.9,1032.3,,3.1
2023-03-08T21:00,6.7,-9.4,1031.7,70.0,5.7
2023-03-08T22:00,6.1,-8.9,1031.5,70.0,6.7
2023-03-08T23:00,5.6,-8.3,1031.4,50.0,7.7
2023-03-09T00:00,4.4,-7.2,1030.8,60.0,5.7
2023-03-09T01:00,4.4,-5.6,1030.6,60.0,6.2
2023-03-09T02:00,5.0,-5.0,1030.3,80.0,6.7
2023-03-09T03:00,4.4,-2.2,1030.2,60.0,6.7
2023-03-09T04:00,4.4,-2.8,1030.1,70.0,5.7
2023-03-09T05:00,5.0,-3.9,1030.1,90.0,4.6
2023-03-09T06:00,4.4,-3.9,1030.1,80.0,5.1
2023-03-09T07:00,4.4,-5.0,1030.1,70.0,5.7
2023-03-09T08:00,3.9,-5.0,1029.6,80.0,5.1
2023-03-09T09:00,3.9,-5.0,1029.8,70.0,3.6
2023-03-09T10:00,3.3,-5.6,1029.2,90.0,5.1
2023-03-09T11:00,3.3,-8.9,1028.1,90.0,7.2
2023-03-09T12:00,3.3,-7.2,1028.0,80.0,7.2
2023-03-09T13:00,3.3,-7.2,1028.5,70.0,5.7
2023-03-09T14:00,2.8,-6.7,1027.8,90.0,7.2
2023-03-09T15:00,3.9,-5.6,1027.4,90.0,5.7
2023-03-09T16:00,3.3,-5.0,1027.3,100.0,7.2
2023-03-09T17:00,3.3,-5.0,1026.3,80.0,6.2
2023-03-09T18:00,3.9,-5.0,1025.5,70.0,5.1
2023-03-09T19:00,3.9,-5.0,1025.0,80.0,4.1
2023-03-09T20:00,3.3,-5.6,1023.7,60.0,5.7
2023-03-09T21:00,3.3,-5.0,1023.6,50.0,6.2
2023-03-09T22:00,3.9,-4.4,1021.7,40.0,9.3
2023-03-09T23:00,2.8,-1.1,,80.0,5.7
2023-03-10T00:00,2.2,-0.6,1019.0,60.0,7.2
2023-03-10T01:00,1.7,-0.6,,60.0,5.1
2023-03-10T02:00,2.2,0.0,1018.7,70.0,5.7
2023-03-10T03:00,1.7,-0.6,1018.6,60.0,5.7
2023-03-10T04:00,1.1,-0.6,1017.8,70.0,4.6
2023-03-10T05:00,1.1,-1.1,1016.8,70.0,5.1
2023-03-10T06:00,1.1,-1.1,1016.1,70.0,3.6
2023-03-10T07:00,0.6,-1.1,1015.6,60.0,3.6
2023-03-10T08:00,0.6,-1.1,1014.7,60.0,3.6
2023-03-10T09:00,0.6,-1.1,1013.9,50.0,3.6
2023-03-10T10:00,0.6,-1.1,1013.6,50.0,3.6
2023-03-10T11:00,0.6,-1.1,1013.7,20.0,3.1
2023-03-10T12:00,0.6,-1.1,1014.0,20.0,4.1
2023-03-10T13:00,0.6,-1.1,1014.2,20.0,5.1
2023-03-10T14:00,1.1,-1.1,1015.2,360.0,3.1
2023-03-10T15:00,0.6,-0.6,1015.5,340.0,5.1
2023-03-10T16:00,1.1,-0.6,1015.9,350.0,5.7
2023-03-10T17:00,1.7,-0.6,1016.5,340.0,4.6
2023-03-10T18:00,2.2,0.0,1017.3,20.0,7.7
2023-03-10T19:00,2.8,0.0,1017.6,360.0,6.7
2023-03-10T20:00,2.2,-0.6,1018.0,340.0,4.6
2023-03-10T21:00,2.8,-0.6,1018.9,350.0,6.7
2023-03-10T22:00,2.2,-0.6,1018.9,10.0,4.1
2023-03-10T23:00,2.2,-1.1,1019.1,10.0,4.6
2023-03-11T00:00,1.7,-1.7,1019.9,360.0,7.2
2023-03-11T01:00,1.7,-1.7,1020.4,10.0,6.7
2023-03-11T02:00,1.1,-1.7,1020.5,350.0,5.7
2023-03-11T03:00,0.6,-2.2,1020.7,340.0,4.1
2023-03-11T04:00,1.1,-2.2,1020.3,10.0,5.1
2023-03-11T05:00,0.6,-2.2,1020.1,350.0,3.6
2023-03-11T06:00,0.6,-1.7,1019.7,10.0,3.6
2023-03-11T07:00,0.0,-1.7,,340.0,2.6
2023-03-11T08:00,0.0,-1.7,1019.8,360.0,3.6
2023-03-11T09:00,0.6,-1.7,1019.6,350.0,2.1
2023-03-11T10:00,0.6,-2.2,1019.5,40.0,4.6
2023-03-11T11:00,0.6,-2.8,1019.2,60.0,6.2
2023-03-11T12:00,0.6,-2.8,1020.2,40.0,4.6
2023-03-11T13:00,1.1,-2.8,1020.7,10.0,2.6
2023-03-11T14:00,1.7,-2.2,1020.0,50.0,3.1
2023-03-11T15:00,2.2,-2.2,1019.8,70.0,2.6
2023-03-11T16:00,2.8,-2.2,1019.5,90.0,3.6
2023-03-11T17:00,3.3,-2.2,1019.1,110.0,3.1
2023-03-11T18:00,3.9,-2.2,1018.3,110.0,3.1
2023-03-11T19:00,3.3,-2.2,1017.6,100.0,4.6
2023-03-11T20:00,3.9,-2.2,1016.3,90.0,5.1
2023-03-11T21:00,3.3,-2.8,1015.7,80.0,6.7
2023-03-11T22:00,3.3,-2.2,1015.5,70.0,4.1
2023-03-11T23:00,2.8,-2.8,1016.1,70.0,4.1
2023-03-12T00:00,2.2,-2.8,1016.1,60.0,3.1
2023-03-12T01:00,2.2,-2.2,1015.7,60.0,4.6
2023-03-12T02:00,2.8,-1.7,,80.0,3.6
2023-03-12T03:00,1.1,-1.1,,90.0,2.1
2023-03-12T04:00,1.1,-1.1,1015.4,90.0,3.6
2023-03-12T05:00,0.6,-1.1,1015.2,90.0,4.1
2023-03-12T06:00,0.6,-1.1,1014.5,90.0,3.1
2023-03-12T07:00,0.6,-1.1,1014.5,100.0,1.5
2023-03-12T08:00,0.6,-1.1,1013.9,100.0,3.1
2023-03-12T09:00,1.1,-1.1,,90.0,2.6
2023-03-12T10:00,1.1,-1.1,1012.9,110.0,3.1
2023-03-12T11:00,1.1,-1.1,1013.0,100.0,2.6
2023-03-12T12:00,1.1,-1.1,1012.8,120.0,2.6
2023-03-12T13:00,1.1,-1.1,1012.9,120.0,2.6
2023-03-12T14:00,1.1,-0.6,1012.9,130.0,1.5
2023-03-12T15:00,1.1,-0.6,1012.8,130.0,2.6
2023-03-12T16:00,1.7,-0.6,1013.0,150.0,4.1
2023-03-12T17:00,2.2,0.0,1012.7,150.0,2.6
2023-03-12T18:00,2.2,0.0,1012.5,200.0,3.1
2023-03-12T19:00,2.2,0.0,1012.3,190.0,2.6
2023-03-12T20:00,2.2,0.6,1012.1,230.0,3.6
2023-03-12T21:00,2.2,0.6,1011.9,220.0,3.1
2023-03-12T22:00,2.2,0.0,1012.0,250.0,4.6
2023-03-12T23:00,2.8,0.0,1012.2,260.0,4.1
2023-03-13T00:00,1.1,-3.3,1013.0,280.0,5.1
2023-03-13T01:00,0.6,-5.0,1013.6,260.0,6.2
2023-03-13T02:00,0.0,-6.1,1014.2,270.0,4.6
2023-03-13T03:00,-0.6,-6.7,1014.3,270.0,5.1
2023-03-13T04:00,-1.1,-6.1,1014.3,260.0,4.1
2023-03-13T05:00,-1.1,-5.6,1014.2,260.0,5.1
2023-03-13T06:00,-1.1,-5.0,1014.0,250.0,5.1
2023-03-13T07:00,-1.1,-5.0,1014.0,270.0,4.1
2023-03-13T08:00,-1.7,-5.6,1014.2,290.0,5.7
2023-03-13T09:00,-1.7,-6.1,1014.2,270.0,5.7
2023-03-13T10:00,-1.7,-6.1,1014.1,250.0,3.6
2023-03-13T11:00,-1.7,-5.6,1014.4,260.0,5.1
2023-03-13T12:00,-1.7,-5.6,1014.8,270.0,4.1
2023-03-13T13:00,-1.7,-4.4,1015.1,260.0,3.6
2023-03-13T14:00,-1.1,-4.4,1015.6,310.0,5.1
2023-03-13T15:00,-0.6,-5.0,1016.2,320.0,4.6
2023-03-13T16:00,0.0,-3.9,1017.2,340.0,7.2
2023-03-13T17:00,0.0,-4.4,1018.4,350.0,9.3
2023-03-13T18:00,0.0,-4.4,1019.1,340.0,7.7
2023-03-13T19:00,0.0,-5.6,1019.7,340.0,7.2
2023-03-13T20:00,0.0,-6.1,1020.1,340.0,5.7
2023-03-13T21:00,-0.6,-7.2,1020.8,310.0,7.2
2023-03-13T22:00,-1.1,-8.3,1021.7,340.0,5.7
2023-03-13T23:00,-1.7,-7.8,1022.4,340.0,6.2
2023-03-14T00:00,-1.7,-7.8,1023.2,340.0,6.7
2023-03-14T01:00,-1.7,-8.3,1023.5,330.0,4.6
2023-03-14T02:00,-1.7,-7.2,1023.7,320.0,4.1
2023-03-14T03:00,-2.2,-7.2,1024.2,330.0,6.2
2023-03-14T04:00,-2.8,-7.2,1024.4,320.0,4.6
2023-03-14T05:00,-2.8,-7.8,1024.5,310.0,2.6
2023-03-14T06:00,-3.3,-8.3,1024.7,300.0,3.1
2023-03-14T07:00,-3.9,-8.9,1025.2,310.0,3.1
2023-03-14T08:00,-3.9,-8.9,1025.2,320.0,4.1
2023-03-14T09:00,-4.4,-9.4,1025.5,330.0,4.1
2023-03-14T10:00,-5.6,-10.0,1026.1,330.0,4.1
2023-03-14T11:00,-6.1,-11.1,1026.9,330.0,3.6
2023-03-14T12:00,-6.1,-11.1,1027.5,320.0,3.6
2023-03-14T13:00,-6.1,-10.6,1028.1,320.0,4.6
2023-03-14T14:00,-5.0,-10.6,1029.0,330.0,4.1
2023-03-14T15:00,-2.8,-10.0,1029.1,340.0,4.1
2023-03-14T16:00,-1.7,-10.6,1029.6,310.0,4.1
2023-03-14T17:00,-1.1,-10.0,1029.5,310.0,4.1
2023-03-14T18:00,0.0,-10.0,1029.5,310.0,2.6
2023-03-14T19:00,0.6,-10.0,1028.8,310.0,3.1
2023-03-14T20:00,2.2,-10.0,1028.3,,2.1
2023-03-14T21:00,2.8,-10.6,1028.2,300.0,3.6
2023-03-14T22:00,2.8,-11.7,1028.1,,2.6
2023-03-14T23:00,2.8,-12.2,1027.9,330.0,2.1
2023-03-15T00:00,1.7,-12.2,1027.6,330.0,2.1
2023-03-15T01:00,-0.6,-7.8,1027.5,100.0,3.1
2023-03-15T02:00,-1.7,-7.8,1027.9,110.0,2.6
2023-03-15T03:00,-1.7,-7.2,1027.7,160.0,2.1
2023-03-15T04:00,-2.2,-7.2,1027.8,200.0,1.5
2023-03-15T05:00,-2.2,-7.2,1027.6,150.0,1.5
2023-03-15T06:00,-2.8,-7.2,1027.0,180.0,2.1
2023-03-15T07:00,-3.3,-7.2,1026.7,170.0,1.5
2023-03-15T08:00,-3.3,-7.8,1027.0,0.0,0.0
2023-03-15T09:00,-4.4,-8.3,1026.5,180.0,2.6
2023-03-15T10:00,-4.4,-8.3,1026.5,170.0,2.1
2023-03-15T11:00,-4.4,-7.8,1026.3,160.0,2.6
2023-03-15T12:00,-3.9,-7.8,1026.3,170.0,2.6
2023-03-15T13:00,-2.8,-7.2,1025.6,170.0,4.1
2023-03-15T14:00,0.0,-6.1,1025.5,180.0,4.1
2023-03-15T15:00,2.2,-5.6,1024.7,190.0,5.1
2023-03-15T16:00,3.9,-5.6,1024.5,200.0,6.2
2023-03-15T17:00,6.1,-5.0,1023.8,210.0,5.1
2023-03-15T18:00,7.8,-4.4,1022.6,170.0,4.6
2023-03-15T19:00,8.9,-3.3,1021.4,180.0,5.1
2023-03-15T20:00,9.4,-3.3,1020.7,200.0,6.7
2023-03-15T21:00,9.4,-2.8,1019.5,180.0,7.2
2023-03-15T22:00,10.0,-2.2,1018.9,190.0,6.2
2023-03-15T23:00,10.0,-2.2,1018.2,200.0,6.7
2023-03-16T00:00,9.4,-2.2,1017.7,180.0,7.7
2023-03-16T01:00,8.3,-2.2,1017.2,180.0,7.2
2023-03-16T02:00,7.8,-2.8,1017.0,180.0,7.2
2023-03-16T03:00,7.2,-2.8,1016.9,180.0,6.7
2023-03-16T04:00,6.7,-2.8,1016.5,190.0,8.2
2023-03-16T05:00,6.1,-3.3,1015.7,190.0,5.7
2023-03-16T06:00,6.1,-4.4,1015.0,190.0,5.1
2023-03-16T07:00,6.1,-4.4,1015.0,210.0,4.6
2023-03-16T08:00,6.1,-4.4,1014.4,190.0,3.6
2023-03-16T09:00,5.6,-4.4,1013.6,180.0,5.1
2023-03-16T10:00,5.0,-4.4,1012.6,190.0,5.1
2023-03-16T11:00,5.0,-3.9,1012.3,180.0,5.1
2023-03-16T12:00,5.0,-3.3,1011.8,180.0,4.6
2023-03-16T13:00,5.6,-3.3,1011.0,190.0,5.1
2023-03-16T14:00,6.1,-2.8,1010.1,190.0,4.1
2023-03-16T15:00,6.7,-2.8,1009.6,190.0,5.7
2023-03-16T16:00,7.2,-2.2,1008.7,190.0,6.2
2023-03-16T17:00,8.3,-1.7,1008.1,200.0,7.2
2023-03-16T18:00,6.7,1.7,1007.2,180.0,7.2
2023-03-16T19:00,7.2,2.8,1005.7,180.0,7.2
2023-03-16T20:00,7.8,3.9,1004.5,190.0,7.2
2023-03-16T21:00,8.3,4.4,1003.8,200.0,6.7
2023-03-16T22:00,7.8,4.4,1002.9,190.0,6.7
2023-03-16T23:00,7.8,5.0,1002.1,180.0,5.7
2023-03-17T00:00,7.8,5.6,1001.5,180.0,6.2
2023-03-17T01:00,7.8,5.6,1000.5,180.0,5.1
2023-03-17T02:00,7.8,6.1,999.6,180.0,4.1
2023-03-17T03:00,7.8,6.1,998.3,180.0,3.6
2023-03-17T04:00,8.3,6.7,996.8,170.0,4.6
2023-03-17T05:00,9.4,7.8,995.5,200.0,4.6
2023-03-17T06:00,8.3,6.7,995.3,280.0,4.6
2023-03-17T07:00,7.2,5.6,996.1,270.0,5.7
2023-03-17T08:00,3.3,1.7,997.3,260.0,8.2
2023-03-17T09:00,2.2,0.0,998.4,280.0,6.2
2023-03-17T10:00,1.7,-0.6,1000.0,280.0,7.2
2023-03-17T11:00,1.1,-1.7,1000.9,290.0,7.2
2023-03-17T12:00,0.6,-2.8,1002.5,280.0,7.7
2023-03-17T13:00,0.0,-3.9,1004.2,280.0,7.7
2023-03-17T14:00,0.0,-3.9,1004.8,270.0,7.2
2023-03-17T15:00,-0.6,-5.0,1005.9,270.0,7.7
2023-03-17T16:00,-0.6,-5.6,1006.6,280.0,9.8
2023-03-17T17:00,-0.6,-5.0,1007.2,270.0,9.3
2023-03-17T18:00,0.0,-5.0,1007.9,270.0,8.2
2023-03-17T19:00,0.0,-5.6,1008.4,240.0,8.2
2023-03-17T20:00,1.1,-5.6,1008.7,260.0,11.3
2023-03-17T21:00,1.1,-6.7,1009.2,260.0,9.3
2023-03-17T22:00,0.6,-7.2,1009.5,260.0,11.3
2023-03-17T23:00,0.0,-7.8,1010.0,260.0,9.8
2023-03-18T00:00,-1.1,-8.3,1011.0,270.0,7.7
2023-03-18T01:00,-2.2,-9.4,1011.8,270.0,9.8
2023-03-18T02:00,-2.8,-10.0,1012.5,260.0,9.3
2023-03-18T03:00,-3.3,-11.1,1013.1,280.0,6.2
2023-03-18T04:00,-4.4,-11.7,1013.1,270.0,8.8
2023-03-18T05:00,-5.0,-11.7,1013.1,260.0,8.2
2023-03-18T06:00,-6.1,-12.8,1013.0,300.0,9.3
2023-03-18T07:00,-6.7,-15.0,1013.1,270.0,6.7
2023-03-18T08:00,-7.2,-13.9,1013.0,290.0,7.7
2023-03-18T09:00,-7.8,-14.4,1012.9,270.0,9.3
2023-03-18T10:00,-8.9,-15.6,1013.2,270.0,7.7
2023-03-18T11:00,-10.0,-15.6,,280.0,5.7
2023-03-18T12:00,-11.1,-17.2,1015.0,290.0,5.7
2023-03-18T13:00,-10.6,-16.7,1015.8,280.0,7.7
2023-03-18T14:00,-9.4,-16.7,1016.5,290.0,9.8
2023-03-18T15:00,-8.9,-15.0,1017.1,270.0,7.2
2023-03-18T16:00,-7.8,-15.0,1017.5,280.0,6.2
2023-03-18T17:00,-6.1,-14.4,1017.6,280.0,7.7
2023-03-18T18:00,-6.1,-13.9,1017.9,280.0,7.7
2023-03-18T19:00,-5.6,-13.3,1017.7,300.0,8.2
2023-03-18T20:00,-5.0,-12.8,1018.0,270.0,9.8
2023-03-18T21:00,-4.4,-15.0,1018.6,280.0,9.3
2023-03-18T22:00,-4.4,-13.3,1019.1,280.0,4.6
2023-03-18T23:00,-5.0,-13.3,1020.0,290.0,6.2
2023-03-19T00:00,-5.6,-12.2,1021.1,290.0,5.1
2023-03-19T01:00,-5.6,-13.9,1021.7,290.0,5.7
2023-03-19T02:00,-5.6,-13.9,1022.4,290.0,5.7
2023-03-19T03:00,-5.6,-12.8,1022.9,290.0,6.2
2023-03-19T04:00,-5.6,-12.8,1023.2,280.0,5.1
2023-03-19T05:00,-6.1,-12.2,1023.5,280.0,5.1
2023-03-19T06:00,-6.1,-12.2,1023.8,280.0,5.1
2023-03-19T07:00,-6.1,-12.2,1024.2,260.0,3.1
2023-03-19T08:00,-6.7,-12.2,1024.4,270.0,3.1
2023-03-19T09:00,-6.1,-12.8,1024.2,280.0,4.1
2023-03-19T10:00,-7.2,-12.8,1024.5,260.0,3.1
2023-03-19T11:00,-7.2,-12.2,1025.0,270.0,3.1
2023-03-19T12:00,-7.2,-12.2,1025.5,270.0,4.1
2023-03-19T13:00,-7.2,-11.7,1025.8,270.0,3.6
2023-03-19T14:00,-5.0,-11.7,1026.1,280.0,4.6
2023-03-19T15:00,-2.8,-11.7,1026.4,260.0,4.1
2023-03-19T16:00,-1.1,-12.2,1026.4,260.0,6.2
2023-03-19T17:00,0.6,-12.8,1026.2,260.0,7.2
2023-03-19T18:00,1.7,-12.2,1025.8,250.0,5.7
2023-03-19T19:00,2.8,-11.1,1025.1,240.0,7.7
2023-03-19T20:00,3.9,-10.6,1024.3,250.0,6.2
2023-03-19T21:00,3.9,-11.1,1023.7,250.0,7.7
2023-03-19T22:00,3.9,-11.7,1023.2,240.0,6.2
2023-03-19T23:00,3.9,-12.2,1023.0,250.0,9.8
2023-03-20T00:00,2.8,-11.1,1022.9,230.0,6.2
2023-03-20T01:00,1.7,-10.6,1022.9,220.0,3.6
2023-03-20T02:00,1.1,-10.6,1022.8,220.0,5.7
2023-03-20T03:00,0.6,-9.4,1022.6,220.0,6.2
2023-03-20T04:00,0.6,-9.4,1022.4,230.0,7.7
2023-03-20T05:00,0.0,-9.4,1022.0,220.0,6.2
2023-03-20T06:00,0.0,-9.4,1022.0,220.0,6.7
2023-03-20T07:00,-0.6,-9.4,1021.9,220.0,5.7
2023-03-20T08:00,-1.1,-9.4,1021.7,210.0,5.1
2023-03-20T09:00,-1.1,-10.0,1020.8,220.0,7.7
2023-03-20T10:00,-0.6,-10.6,1020.3,220.0,5.7
2023-03-20T11:00,-1.1,-10.6,1020.3,220.0,7.2
2023-03-20T12:00,-1.1,-10.6,1020.6,230.0,7.7
2023-03-20T13:00,-0.6,-11.1,1020.9,210.0,6.2
2023-03-20T14:00,1.1,-11.1,1020.8,220.0,7.2
2023-03-20T15:00,2.8,-11.1,1020.2,200.0,9.3
2023-03-20T16:00,5.0,-10.0,1019.8,210.0,9.8
2023-03-20T17:00,7.2,-10.0,1019.5,210.0,7.7
2023-03-20T18:00,8.9,-10.6,1018.4,190.0,10.3
2023-03-20T19:00,10.0,-12.8,1017.1,210.0,9.8
2023-03-20T20:00,10.0,-11.1,1016.8,200.0,11.8
2023-03-20T21:00,10.0,-9.4,1016.0,200.0,9.3
2023-03-20T22:00,10.0,-8.3,1016.2,210.0,10.3
2023-03-20T23:00,10.6,-7.2,1016.3,210.0,8.8
2023-03-21T00:00,10.0,-6.1,1016.6,210.0,7.2
2023-03-21T01:00,9.4,-5.6,1017.0,200.0,7.2
2023-03-21T02:00,8.3,-4.4,1017.4,200.0,6.7
2023-03-21T03:00,7.8,-4.4,1018.0,200.0,5.7
2023-03-21T04:00,7.2,-5.0,1018.4,200.0,6.7
2023-03-21T05:00,6.7,-5.0,1018.7,210.0,8.2
2023-03-21T06:00,6.1,-5.0,1019.2,210.0,6.7
2023-03-21T07:00,5.0,-4.4,1019.4,210.0,6.2
2023-03-21T08:00,4.4,-4.4,1019.8,210.0,6.2
2023-03-21T09:00,3.9,-4.4,1019.9,210.0,5.1
2023-03-21T10:00,3.3,-3.9,1019.9,200.0,5.1
2023-03-21T11:00,3.3,-3.9,1020.3,200.0,5.1
2023-03-21T12:00,3.3,-3.9,1020.5,190.0,4.1
2023-03-21T13:00,3.3,-3.3,1020.9,190.0,3.6
2023-03-21T14:00,5.0,-3.9,1021.2,200.0,5.1
2023-03-21T15:00,6.1,-3.9,1021.4,200.0,5.1
2023-03-21T16:00,8.3,-3.3,1021.9,190.0,7.7
2023-03-21T17:00,8.9,-3.3,1021.6,210.0,3.6
2023-03-21T18:00,10.0,-2.8,1020.9,170.0,4.1
2023-03-21T19:00,11.1,-2.2,1020.2,150.0,5.7
2023-03-21T20:00,11.7,-2.2,1019.4,200.0,6.7
2023-03-21T21:00,11.7,-1.1,1018.8,170.0,6.7
2023-03-21T22:00,11.1,-2.2,1019.0,170.0,8.2
2023-03-21T23:00,10.0,-3.3,1019.3,170.0,6.7
2023-03-22T00:00,7.8,-0.6,1020.3,170.0,7.7
2023-03-22T01:00,6.7,0.0,1020.6,170.0,6.7
2023-03-22T02:00,5.6,0.6,1021.0,180.0,6.2
2023-03-22T03:00,5.0,1.1,1021.3,170.0,7.2
2023-03-22T04:00,4.4,1.1,1020.8,180.0,6.7
2023-03-22T05:00,4.4,1.7,1020.3,170.0,5.7
2023-03-22T06:00,4.4,2.2,1019.8,170.0,5.1
2023-03-22T07:00,4.4,2.2,1019.2,180.0,5.7
2023-03-22T08:00,4.4,2.2,1018.5,180.0,6.2
2023-03-22T09:00,4.4,2.2,1017.5,180.0,5.7
2023-03-22T10:00,4.4,2.2,1017.0,180.0,4.6
2023-03-22T11:00,4.4,2.8,1016.5,180.0,3.1
2023-03-22T12:00,4.4,2.8,1016.1,170.0,5.1
2023-03-22T13:00,4.4,2.8,,190.0,4.6
2023-03-22T14:00,5.0,3.3,1016.1,170.0,4.1
2023-03-22T15:00,5.6,3.9,1015.7,180.0,3.6
2023-03-22T16:00,6.7,5.0,1014.6,180.0,4.6
2023-03-22T17:00,7.8,4.4,1015.2,180.0,6.7
2023-03-22T18:00,8.9,5.6,1014.4,210.0,4.6
2023-03-22T19:00,10.0,6.1,1013.8,200.0,2.6
2023-03-22T20:00,11.1,6.7,1013.2,200.0,3.6
2023-03-22T21:00,10.6,6.7,1013.0,190.0,4.1
2023-03-22T22:00,10.0,6.7,1012.5,180.0,3.6
2023-03-22T23:00,9.4,6.7,1012.3,210.0,2.1
2023-03-23T00:00,9.4,6.7,1012.4,0.0,0.0
2023-03-23T01:00,8.9,7.2,1012.5,0.0,0.0
2023-03-23T02:00,8.9,7.2,1012.7,0.0,0.0
2023-03-23T03:00,8.9,7.2,1012.7,0.0,0.0
2023-03-23T04:00,8.9,7.2,1012.3,0.0,0.0
2023-03-23T05:00,8.3,7.2,1011.7,0.0,0.0
2023-03-23T06:00,8.9,7.2,1011.7,0.0,0.0
2023-03-23T07:00,8.3,6.7,1010.3,10.0,3.6
2023-03-23T08:00,8.3,6.7,1010.4,0.0,0.0
2023-03-23T09:00,8.3,6.7,1010.2,330.0,3.1
2023-03-23T10:00,7.8,6.7,,20.0,7.2
2023-03-23T11:00,5.0,3.3,1012.6,30.0,5.7
2023-03-23T12:00,4.4,2.2,1012.5,20.0,8.2
2023-03-23T13:00,3.3,1.1,1013.2,40.0,5.7
2023-03-23T14:00,2.8,0.6,1013.4,30.0,6.7
2023-03-23T15:00,2.8,0.6,1015.2,30.0,4.1
2023-03-23T16:00,3.3,0.6,1015.5,20.0,5.7
2023-03-23T17:00,3.9,0.6,1016.1,20.0,5.7
2023-03-23T18:00,5.6,0.0,1016.4,20.0,4.1
2023-03-23T19:00,6.7,-0.6,1016.4,20.0,4.1
2023-03-23T20:00,6.7,-1.1,1016.3,30.0,5.7
2023-03-23T21:00,6.1,-1.1,1017.0,60.0,3.1
2023-03-23T22:00,6.1,-1.1,1017.5,40.0,3.6
2023-03-23T23:00,5.0,-1.1,1017.0,60.0,5.1
2023-03-24T00:00,3.9,-1.7,1018.1,70.0,3.6
2023-03-24T01:00,3.3,-1.7,1018.4,90.0,3.1
2023-03-24T02:00,3.3,-1.7,1018.4,60.0,2.6
2023-03-24T03:00,2.8,-1.1,1017.5,30.0,4.6
2023-03-24T04:00,2.8,-1.1,1017.9,40.0,3.6
2023-03-24T05:00,2.2,-1.1,1017.8,20.0,2.6
2023-03-24T06:00,2.2,-1.1,1017.8,40.0,2.1
2023-03-24T07:00,2.2,-1.1,1017.6,20.0,3.1
2023-03-24T08:00,2.2,-1.1,1017.4,10.0,3.1
2023-03-24T09:00,1.7,-1.1,1016.5,30.0,3.1
2023-03-24T10:00,2.2,-1.1,1016.1,30.0,4.1
2023-03-24T11:00,2.2,-1.1,1017.1,30.0,5.1
2023-03-24T12:00,2.8,-1.1,1016.8,50.0,5.1
2023-03-24T13:00,2.8,-1.7,1017.1,60.0,5.7
2023-03-24T14:00,3.9,-1.7,1016.7,70.0,3.6
2023-03-24T15:00,4.4,-1.7,1017.2,70.0,5.1
2023-03-24T16:00,5.6,-1.1,1016.9,80.0,4.6
2023-03-24T17:00,5.6,-0.6,1017.3,80.0,5.7
2023-03-24T18:00,6.7,-0.6,1015.8,70.0,5.1
2023-03-24T19:00,6.7,0.0,1016.0,70.0,6.2
2023-03-24T20:00,6.1,0.0,1015.1,60.0,5.7
2023-03-24T21:00,6.1,0.0,1013.8,60.0,7.7
2023-03-24T22:00,6.1,-2.2,1012.3,40.0,6.7
2023-03-24T23:00,5.6,-5.0,1012.4,60.0,6.2
2023-03-25T00:00,5.0,-2.8,1011.7,50.0,7.2
2023-03-25T01:00,4.4,-1.7,1011.2,50.0,6.2
2023-03-25T02:00,4.4,-1.1,1010.4,50.0,5.1
2023-03-25T03:00,5.0,0.0,1009.0,70.0,4.6
2023-03-25T04:00,5.0,-0.6,1007.0,90.0,4.6
2023-03-25T05:00,3.9,0.0,1005.0,70.0,6.2
2023-03-25T06:00,2.8,0.6,1003.0,60.0,8.8
2023-03-25T07:00,2.2,0.0,1000.9,60.0,7.2
2023-03-25T08:00,2.2,0.0,999.2,50.0,7.2
2023-03-25T09:00,2.2,0.0,996.6,50.0,8.2
2023-03-25T10:00,2.2,0.0,995.6,60.0,8.2
2023-03-25T11:00,1.1,-0.6,995.6,30.0,6.7
2023-03-25T12:00,1.7,-0.6,994.4,20.0,7.7
2023-03-25T13:00,1.7,0.0,994.6,360.0,7.7
2023-03-25T14:00,1.1,-0.6,994.9,330.0,5.7
2023-03-25T15:00,1.7,-0.6,,300.0,7.2
2023-03-25T16:00,1.1,-1.1,997.4,300.0,6.2
2023-03-25T17:00,1.1,-0.6,999.1,290.0,7.2
2023-03-25T18:00,1.7,-0.6,1000.8,280.0,8.8
2023-03-25T19:00,2.8,0.0,1002.1,290.0,9.3
2023-03-25T20:00,3.9,0.0,1003.9,280.0,8.2
2023-03-25T21:00,5.0,-0.6,1005.6,260.0,8.2
2023-03-25T22:00,6.1,-2.8,1006.8,250.0,8.8
2023-03-25T23:00,6.7,-5.6,1007.9,290.0,7.2
2023-03-26T00:00,6.1,-4.4,1008.8,260.0,6.2
2023-03-26T01:00,5.0,-2.8,1009.4,240.0,4.1
2023-03-26T02:00,4.4,-2.2,1010.1,230.0,4.1
2023-03-26T03:00,3.9,-2.2,1010.9,220.0,3.1
2023-03-26T04:00,3.9,-2.2,1011.4,210.0,3.6
2023-03-26T05:00,3.3,-1.7,1012.1,230.0,3.6
2023-03-26T06:00,3.3,-1.7,1012.6,240.0,4.1
2023-03-26T07:00,2.8,-1.7,1013.0,250.0,3.1
2023-03-26T08:00,2.2,-1.7,1013.2,250.0,2.6
2023-03-26T09:00,2.2,-2.2,1013.1,290.0,2.6
2023-03-26T10:00,1.7,-2.2,1013.5,280.0,2.6
2023-03-26T11:00,1.7,-2.2,1014.1,290.0,1.5
2023-03-26T12:00,1.7,-2.2,1014.6,210.0,1.5
2023-03-26T13:00,2.8,-1.1,1015.0,0.0,0.0
2023-03-26T14:00,3.3,-1.7,1015.0,0.0,0.0
2023-03-26T15:00,5.0,-2.2,1015.1,0.0,0.0
2023-03-26T16:00,5.6,-2.2,1015.3,40.0,2.6
2023-03-26T17:00,7.8,-1.7,1015.1,80.0,2.6
2023-03-26T18:00,8.3,-1.7,1014.4,80.0,4.1
2023-03-26T19:00,8.9,-1.1,1014.1,100.0,4.1
2023-03-26T20:00,7.2,-0.6,1013.9,80.0,4.6
2023-03-26T21:00,6.7,0.6,1013.2,60.0,5.7
2023-03-26T22:00,4.4,1.7,1012.6,60.0,5.7
2023-03-26T23:00,5.6,2.2,1011.8,50.0,4.6
2023-03-27T00:00,5.0,2.8,1012.0,360.0,6.7
2023-03-27T01:00,4.4,1.7,1013.0,10.0,5.7
2023-03-27T02:00,3.9,1.1,1014.4,340.0,6.2
2023-03-27T03:00,2.2,0.0,1015.0,350.0,7.2
2023-03-27T04:00,1.7,-0.6,1015.7,350.0,5.7
2023-03-27T05:00,2.2,0.0,1015.7,20.0,5.7
2023-03-27T06:00,2.2,0.0,1015.2,10.0,5.1
2023-03-27T07:00,2.2,0.0,1015.9,10.0,5.7
2023-03-27T08:00,2.2,-0.6,1016.1,10.0,4.6
2023-03-27T09:00,1.7,-0.6,1016.7,290.0,1.5
2023-03-27T10:00,0.6,-1.7,1017.4,280.0,2.1
2023-03-27T11:00,0.0,-2.2,1017.8,320.0,3.6
2023-03-27T12:00,0.0,-2.2,1018.3,340.0,5.1
2023-03-27T13:00,1.1,-1.1,1018.8,350.0,6.2
2023-03-27T14:00,3.3,0.0,1019.3,10.0,6.7
2023-03-27T15:00,5.0,0.6,1019.8,20.0,7.2
2023-03-27T16:00,6.1,0.0,1020.5,30.0,7.7
2023-03-27T17:00,6.7,-0.6,1021.5,20.0,6.2
2023-03-27T18:00,6.7,-2.2,1021.9,20.0,6.7
2023-03-27T19:00,7.2,-1.7,1022.0,40.0,6.7
2023-03-27T20:00,7.8,-1.7,1022.3,30.0,6.7
2023-03-27T21:00,7.2,-2.2,1022.5,50.0,6.2
2023-03-27T22:00,6.7,-5.6,1023.2,30.0,7.7
2023-03-27T23:00,5.6,-7.2,1023.6,20.0,6.7
2023-03-28T00:00,4.4,-8.9,1024.5,30.0,6.2
2023-03-28T01:00,3.3,-7.8,1024.9,20.0,4.6
2023-03-28T02:00,2.2,-6.7,1025.2,20.0,3.1
2023-03-28T03:00,2.2,-6.1,1025.4,20.0,2.1
2023-03-28T04:00,1.7,-5.6,1024.7,10.0,2.6
2023-03-28T05:00,1.7,-5.6,1024.8,0.0,0.0
2023-03-28T06:00,0.6,-5.0,1025.2,270.0,2.1
2023-03-28T07:00,0.0,-5.6,1025.1,280.0,2.1
2023-03-28T08:00,-0.6,-5.6,1025.2,280.0,1.5
2023-03-28T09:00,-0.6,-6.1,1024.8,310.0,2.1
2023-03-28T10:00,-0.6,-6.1,1024.9,0.0,0.0
2023-03-28T11:00,-0.6,-5.6,1024.9,270.0,1.5
2023-03-28T12:00,-0.6,-5.6,1024.8,260.0,1.5
2023-03-28T13:00,0.6,-5.0,1025.4,0.0,0.0
2023-03-28T14:00,2.2,-4.4,1025.8,0.0,0.0
2023-03-28T15:00,3.9,-6.1,1026.4,,1.5
2023-03-28T16:00,5.6,-5.0,1026.7,290.0,2.6
2023-03-28T17:00,7.2,-5.6,1026.4,310.0,2.1
2023-03-28T18:00,7.8,-5.6,1025.8,,2.1
2023-03-28T19:00,9.4,-3.9,1025.0,,3.1
2023-03-28T20:00,10.0,-2.2,1024.2,250.0,4.6
2023-03-28T21:00,10.0,-3.3,1023.8,280.0,5.7
2023-03-28T22:00,10.0,-3.9,1023.6,280.0,4.6
2023-03-28T23:00,9.4,-3.3,1023.3,260.0,5.7
2023-03-29T00:00,8.9,-3.9,1023.2,270.0,5.1
2023-03-29T01:00,7.2,-3.9,1023.0,240.0,3.1
2023-03-29T02:00,6.7,-3.3,1023.0,260.0,2.6
2023-03-29T03:00,5.6,-3.3,1022.9,230.0,2.6
2023-03-29T04:00,4.4,-3.9,1022.4,230.0,2.6
2023-03-29T05:00,4.4,-3.9,1022.2,240.0,3.6
2023-03-29T06:00,3.9,-5.0,1022.1,240.0,3.1
2023-03-29T07:00,3.3,-5.6,1021.9,240.0,3.1
2023-03-29T08:00,2.8,-5.6,1021.3,220.0,3.6
2023-03-29T09:00,2.8,-5.6,1020.6,210.0,3.1
2023-03-29T10:00,2.8,-5.6,1020.2,210.0,3.6
2023-03-29T11:00,2.8,-5.6,1020.2,220.0,4.6
2023-03-29T12:00,3.9,-4.4,1019.8,220.0,4.6
2023-03-29T13:00,4.4,-3.9,1020.9,260.0,5.1
2023-03-29T14:00,3.9,-3.9,1021.9,300.0,7.2
2023-03-29T15:00,1.1,-2.8,,300.0,6.7
2023-03-29T16:00,1.7,-1.7,1023.9,300.0,6.2
2023-03-29T17:00,3.9,-8.9,1024.6,330.0,7.2
2023-03-29T18:00,3.9,-11.7,1025.0,340.0,4.6
2023-03-29T19:00,4.4,-13.3,1025.4,340.0,4.1
2023-03-29T20:00,4.4,-10.6,1025.3,320.0,2.1
2023-03-29T21:00,5.0,-11.7,1025.1,320.0,2.6
2023-03-29T22:00,3.9,-9.4,1025.2,50.0,4.1
2023-03-29T23:00,3.3,-9.4,1025.3,60.0,3.6
2023-03-30T00:00,1.1,-9.4,1025.6,90.0,3.6
2023-03-30T01:00,0.0,-9.4,1026.0,90.0,3.6
2023-03-30T02:00,-0.6,-8.9,1026.4,90.0,3.6
2023-03-30T03:00,-0.6,-8.9,1026.7,90.0,2.1
2023-03-30T04:00,-0.6,-8.3,1027.0,90.0,2.1
2023-03-30T05:00,-1.1,-8.3,1026.8,90.0,2.6
2023-03-30T06:00,-1.1,-8.3,1026.7,80.0,2.1
2023-03-30T07:00,-1.1,-7.8,1026.5,90.0,2.6
2023-03-30T08:00,-1.7,-7.8,1026.3,100.0,2.1
2023-03-30T09:00,-2.2,-7.8,1026.3,130.0,2.1
2023-03-30T10:00,-2.2,-6.7,1026.6,180.0,2.6
2023-03-30T11:00,-2.2,-7.8,1026.8,150.0,3.1
2023-03-30T12:00,-2.2,-8.9,1027.0,140.0,3.6
2023-03-30T13:00,-1.7,-9.4,1027.2,140.0,3.6
2023-03-30T14:00,-0.6,-10.6,1026.9,120.0,3.6
2023-03-30T15:00,0.6,-11.1,1026.5,130.0,3.1
2023-03-30T16:00,2.8,-12.2,1025.9,150.0,4.6
2023-03-30T17:00,5.0,-11.1,1024.6,140.0,3.1
2023-03-30T18:00,7.8,-10.0,1023.2,130.0,5.1
2023-03-30T19:00,8.9,-7.2,1021.6,120.0,6.2
2023-03-30T20:00,10.0,-5.6,1020.4,100.0,4.6
2023-03-30T21:00,10.0,-3.9,1019.3,130.0,4.1
2023-03-30T22:00,10.0,-3.3,1018.7,100.0,5.1
2023-03-30T23:00,10.0,-2.2,1017.3,80.0,4.6
2023-03-31T00:00,10.0,-0.6,1016.0,80.0,4.1
2023-03-31T01:00,10.0,0.6,1014.8,120.0,5.7
2023-03-31T02:00,10.0,1.1,1013.6,120.0,5.7
2023-03-31T03:00,10.6,1.7,1013.0,140.0,5.1
2023-03-31T04:00,12.8,1.7,1012.0,170.0,6.7
2023-03-31T05:00,13.3,0.0,1010.1,170.0,7.2
2023-03-31T06:00,13.3,0.6,1008.6,190.0,8.8
2023-03-31T07:00,12.8,2.2,1008.0,190.0,8.2
2023-03-31T08:00,11.7,5.6,1007.4,190.0,3.6
2023-03-31T09:00,11.7,6.7,,190.0,8.2
2023-03-31T10:00,12.2,7.2,1005.0,190.0,8.2
2023-03-31T11:00,12.8,7.8,1004.9,200.0,7.2
2023-03-31T12:00,12.8,8.9,1005.0,200.0,6.2
2023-03-31T13:00,12.2,10.0,1004.6,190.0,7.2
2023-03-31T14:00,13.3,10.6,,210.0,7.2
2023-03-31T15:00,13.9,11.1,1003.1,200.0,7.2
2023-03-31T16:00,15.6,11.1,1002.1,200.0,9.8
2023-03-31T17:00,17.2,11.7,1001.6,210.0,7.7
2023-03-31T18:00,18.3,12.2,1001.3,210.0,8.8
2023-03-31T19:00,20.0,13.3,999.3,230.0,5.1
2023-03-31T20:00,20.0,13.3,,210.0,7.7
2023-03-31T21:00,19.4,13.3,998.3,210.0,3.6
2023-03-31T22:00,18.3,13.9,,150.0,5.7
2023-03-31T23:00,15.0,13.3,,330.0,6.7
2023-04-01T00:00,15.0,12.8,992.9,360.0,2.6
2023-04-01T01:00,18.3,15.6,990.1,200.0,7.2
2023-04-01T02:00,13.9,9.4,993.5,270.0,15.4
2023-04-01T03:00,13.3,7.2,992.9,270.0,4.1
2023-04-01T04:00,12.8,7.8,993.7,240.0,6.7
2023-04-01T05:00,11.7,5.0,995.2,250.0,7.7
2023-04-01T06:00,9.4,1.7,995.7,240.0,9.3
2023-04-01T07:00,7.8,1.7,994.9,250.0,6.2
2023-04-01T08:00,7.2,1.1,994.4,230.0,5.1
2023-04-01T09:00,6.1,0.6,994.1,250.0,5.7
2023-04-01T10:00,5.6,0.6,994.0,250.0,7.2
2023-04-01T11:00,3.3,0.6,995.2,260.0,6.2
2023-04-01T12:00,2.8,0.0,995.0,240.0,3.6
2023-04-01T13:00,3.3,-1.1,995.8,260.0,8.2
2023-04-01T14:00,2.8,-1.7,997.3,260.0,7.7
2023-04-01T15:00,2.8,0.0,998.7,270.0,6.2
2023-04-01T16:00,3.9,0.6,1000.6,290.0,6.7
2023-04-01T17:00,5.0,1.1,1002.9,300.0,7.7
2023-04-01T18:00,4.4,0.0,1006.2,320.0,11.8
2023-04-01T19:00,3.3,-1.7,1008.7,320.0,9.3
2023-04-01T20:00,3.3,-2.2,1010.8,330.0,8.8
2023-04-01T21:00,3.3,-2.2,1012.1,340.0,7.2
2023-04-01T22:00,3.3,-2.2,1014.2,310.0,5.1
2023-04-01T23:00,2.8,-2.2,1015.7,340.0,6.2
2023-04-02T00:00,2.8,-2.2,1017.1,340.0,3.1
2023-04-02T01:00,3.3,-2.8,1017.8,310.0,2.1
2023-04-02T02:00,2.8,-2.8,1018.5,0.0,0.0
2023-04-02T03:00,1.7,-3.3,1019.7,50.0,2.6
2023-04-02T04:00,1.7,-2.2,1019.7,60.0,3.1
2023-04-02T05:00,0.6,-3.3,1020.0,120.0,1.5
2023-04-02T06:00,0.0,-3.3,1020.0,120.0,1.5
2023-04-02T07:00,0.0,-3.3,1020.2,0.0,0.0
2023-04-02T08:00,0.0,-3.9,1019.7,0.0,0.0
2023-04-02T09:00,-0.6,-3.3,1019.7,170.0,1.5
2023-04-02T10:00,-0.6,-3.3,1019.6,160.0,2.1
2023-04-02T11:00,-0.6,-3.3,1019.6,170.0,3.1
2023-04-02T12:00,-0.6,-2.8,1019.5,160.0,2.1
2023-04-02T13:00,0.6,-2.2,1019.6,160.0,4.1
2023-04-02T14:00,2.2,-1.7,1018.7,170.0,4.6
2023-04-02T15:00,4.4,-1.1,1018.3,190.0,4.6
2023-04-02T16:00,6.1,-0.6,1016.8,140.0,5.1
2023-04-02T17:00,7.2,-0.6,1016.6,160.0,6.7
2023-04-02T18:00,8.9,0.6,1015.2,190.0,7.2
2023-04-02T19:00,10.6,1.1,1013.9,170.0,5.7
2023-04-02T20:00,11.7,2.2,1012.1,190.0,6.2
2023-04-02T21:00,12.2,2.2,1010.3,180.0,6.7
2023-04-02T22:00,12.8,2.2,1008.5,160.0,8.8
2023-04-02T23:00,12.8,2.8,1007.8,180.0,7.7
2023-04-03T00:00,12.2,2.8,1008.7,170.0,7.2
2023-04-03T01:00,11.7,2.8,1008.1,170.0,6.7
2023-04-03T02:00,11.1,2.8,1008.3,170.0,6.7
2023-04-03T03:00,11.1,3.3,1007.4,180.0,6.7
2023-04-03T04:00,11.1,3.3,1006.3,190.0,6.2
2023-04-03T05:00,11.1,3.3,1006.1,190.0,6.2
2023-04-03T06:00,10.6,2.8,1006.6,210.0,5.7
2023-04-03T07:00,9.4,3.3,1007.5,220.0,5.7
2023-04-03T08:00,8.9,3.9,1007.9,260.0,4.6
2023-04-03T09:00,7.2,3.3,1007.6,290.0,2.6
2023-04-03T10:00,7.8,3.9,1007.7,320.0,3.6
2023-04-03T11:00,8.3,1.1,1008.0,10.0,3.6
2023-04-03T12:00,7.8,1.7,1009.5,150.0,2.1
2023-04-03T13:00,8.9,2.8,1009.5,160.0,2.1
2023-04-03T14:00,10.0,1.7,1009.2,150.0,3.6
2023-04-03T15:00,10.6,1.7,1009.0,120.0,2.6
2023-04-03T16:00,11.1,1.1,1010.5,190.0,1.5
2023-04-03T17:00,14.4,-0.6,1010.1,130.0,4.1
2023-04-03T18:00,16.1,-6.1,1009.4,100.0,4.1
2023-04-03T19:00,17.8,-5.0,1009.2,140.0,5.1
2023-04-03T20:00,16.7,-5.0,1008.9,110.0,5.7
2023-04-03T21:00,13.9,0.6,1008.8,110.0,4.1
2023-04-03T22:00,15.0,1.1,1008.5,120.0,5.7
2023-04-03T23:00,13.3,1.1,1008.5,50.0,6.2
2023-04-04T00:00,10.0,3.3,1008.7,50.0,6.2
2023-04-04T01:00,8.3,3.9,1009.0,40.0,6.2
2023-04-04T02:00,7.8,4.4,1010.1,40.0,7.7
2023-04-04T03:00,7.8,5.0,1010.0,40.0,6.7
2023-04-04T04:00,7.2,5.0,1010.7,20.0,6.7
2023-04-04T05:00,7.2,5.0,1011.4,50.0,5.7
2023-04-04T06:00,7.2,5.0,1010.3,60.0,6.7
2023-04-04T07:00,6.7,5.0,1010.6,60.0,7.2
2023-04-04T08:00,6.7,5.0,1010.5,60.0,7.7
2023-04-04T09:00,7.2,5.6,1010.3,60.0,5.1
2023-04-04T10:00,7.2,5.0,1010.6,50.0,6.7
2023-04-04T11:00,7.8,5.6,1010.9,80.0,5.1
2023-04-04T12:00,7.2,5.0,1010.5,70.0,6.2
2023-04-04T13:00,7.2,5.6,1010.5,70.0,5.7
2023-04-04T14:00,7.8,6.1,1009.8,100.0,5.1
2023-04-04T15:00,8.3,6.7,1008.7,80.0,5.7
2023-04-04T16:00,9.4,7.2,1008.6,80.0,4.1
2023-04-04T17:00,8.9,6.7,1009.0,40.0,6.2
2023-04-04T18:00,9.4,7.2,1007.2,60.0,6.7
2023-04-04T19:00,8.9,7.2,,50.0,8.8
2023-04-04T20:00,10.6,7.8,1005.8,70.0,7.7
2023-04-04T21:00,10.6,8.3,1005.4,70.0,4.6
2023-04-04T22:00,11.7,9.4,1004.2,80.0,5.1
2023-04-04T23:00,12.2,9.4,1003.4,90.0,5.1
2023-04-05T00:00,13.3,11.1,1002.1,90.0,3.6
2023-04-05T01:00,15.6,13.9,1001.9,120.0,7.2
2023-04-05T02:00,17.2,15.0,1002.8,170.0,6.7
2023-04-05T03:00,18.3,16.1,1002.5,150.0,9.3
2023-04-05T04:00,19.4,16.7,1001.3,150.0,6.2
2023-04-05T05:00,19.4,16.7,1000.6,150.0,5.1
2023-04-05T06:00,20.6,16.7,1000.0,170.0,4.1
2023-04-05T07:00,21.1,16.7,1000.9,190.0,7.2
2023-04-05T08:00,21.7,16.7,999.9,200.0,6.2
2023-04-05T09:00,21.7,16.7,999.5,200.0,6.7
2023-04-05T10:00,20.6,16.7,999.9,190.0,4.6
2023-04-05T11:00,21.1,16.7,999.6,180.0,4.1
2023-04-05T12:00,21.1,16.1,1000.1,190.0,8.2
2023-04-05T13:00,,14.0,,250.0,4.1
2023-04-05T14:00,18.9,12.8,1000.0,180.0,6.2
2023-04-05T15:00,20.6,11.7,999.8,200.0,9.8
2023-04-05T16:00,21.1,12.2,999.8,210.0,9.3
2023-04-05T17:00,20.6,12.8,1000.6,210.0,9.8
2023-04-05T18:00,20.0,13.9,1001.2,240.0,12.4
2023-04-05T19:00,11.7,8.3,1004.2,250.0,10.3
2023-04-05T20:00,10.0,5.0,1006.2,250.0,10.3
2023-04-05T21:00,9.4,3.3,1008.5,250.0,9.8
2023-04-05T22:00,8.9,2.2,1010.2,240.0,7.2
2023-04-05T23:00,7.8,1.1,1011.8,260.0,8.8
2023-04-06T00:00,7.2,0.6,1013.8,260.0,8.2
2023-04-06T01:00,5.6,-1.1,,270.0,7.7
2023-04-06T02:00,5.0,-1.1,1017.2,250.0,6.7
2023-04-06T03:00,4.4,-1.1,1018.5,260.0,5.1
2023-04-06T04:00,4.4,-2.8,1019.8,270.0,4.6
2023-04-06T05:00,3.9,-2.8,1020.8,250.0,3.6
2023-04-06T06:00,3.3,-2.8,1021.2,230.0,4.1
2023-04-06T07:00,2.8,-2.8,1021.2,260.0,5.7
2023-04-06T08:00,2.2,-3.9,1021.0,280.0,5.7
2023-04-06T09:00,1.7,-5.0,1022.1,270.0,6.2
2023-04-06T10:00,1.1,-5.6,1022.8,280.0,5.1
2023-04-06T11:00,0.6,-5.0,1024.3,280.0,4.1
2023-04-06T12:00,0.0,-5.0,1025.2,250.0,3.1
2023-04-06T13:00,1.1,-5.6,1026.5,260.0,4.1
2023-04-06T14:00,2.2,-6.1,1027.1,260.0,4.6
2023-04-06T15:00,3.3,-5.6,1027.5,290.0,5.1
2023-04-06T16:00,4.4,-6.1,1028.2,280.0,4.6
2023-04-06T17:00,6.1,-6.1,1028.3,270.0,5.7
2023-04-06T18:00,7.8,-5.6,1028.5,250.0,3.6
2023-04-06T19:00,9.4,-5.6,1028.5,270.0,5.7
2023-04-06T20:00,10.0,-5.6,1028.3,270.0,6.7
2023-04-06T21:00,10.6,-5.0,1027.7,270.0,5.1
2023-04-06T22:00,10.6,-6.1,1027.7,290.0,7.2
2023-04-06T23:00,10.6,-6.7,1028.4,270.0,6.2
2023-04-07T00:00,10.0,-6.7,1029.1,250.0,4.6
2023-04-07T01:00,9.4,-6.1,1029.6,250.0,3.1
2023-04-07T02:00,8.3,-5.0,1030.0,240.0,3.6
2023-04-07T03:00,7.2,-5.6,1030.7,260.0,3.1
2023-04-07T04:00,6.1,-5.6,1031.3,270.0,2.6
2023-04-07T05:00,5.6,-5.0,1031.5,280.0,2.1
2023-04-07T06:00,4.4,-4.4,1032.0,290.0,2.1
2023-04-07T07:00,3.9,-5.0,1032.5,320.0,3.1
2023-04-07T08:00,2.2,-5.6,1032.8,10.0,3.6
2023-04-07T09:00,2.2,-5.6,1033.0,30.0,1.5
2023-04-07T10:00,3.3,-6.1,1033.3,50.0,3.6
2023-04-07T11:00,2.8,-3.9,1033.8,50.0,4.1
2023-04-07T12:00,2.8,-1.7,1034.4,70.0,4.1
2023-04-07T13:00,3.9,-2.2,1035.1,90.0,3.6
2023-04-07T14:00,5.6,-2.8,1035.0,80.0,3.6
2023-04-07T15:00,6.1,-3.3,1035.1,50.0,4.6
2023-04-07T16:00,7.8,-2.8,1035.6,90.0,3.1
2023-04-07T17:00,8.3,-3.9,1035.2,90.0,3.1
2023-04-07T18:00,8.9,-2.2,1034.7,60.0,5.7
2023-04-07T19:00,9.4,-2.2,1034.0,70.0,4.1
2023-04-07T20:00,9.4,-3.3,1033.1,100.0,5.1
2023-04-07T21:00,8.9,-3.9,1032.3,70.0,5.1
2023-04-07T22:00,8.3,-6.1,1031.8,70.0,6.2
2023-04-07T23:00,7.8,-8.3,1031.8,70.0,3.6
2023-04-08T00:00,6.7,-7.8,1031.6,70.0,3.1
2023-04-08T01:00,5.6,-7.8,1031.1,60.0,3.6
2023-04-08T02:00,5.0,-7.2,1031.1,50.0,2.6
2023-04-08T03:00,3.9,-3.9,1031.7,50.0,3.1
2023-04-08T04:00,3.3,-2.8,1031.3,90.0,3.6
2023-04-08T05:00,3.3,-1.1,1031.3,90.0,2.1
2023-04-08T06:00,2.8,-0.6,1030.7,100.0,2.1
2023-04-08T07:00,3.3,-0.6,1030.1,90.0,1.5
2023-04-08T08:00,2.8,-0.6,1029.5,100.0,2.1
2023-04-08T09:00,2.2,-0.6,1028.6,170.0,4.1
2023-04-08T10:00,2.8,-1.1,1029.2,150.0,2.1
2023-04-08T11:00,3.3,-1.7,1029.7,0.0,0.0
2023-04-08T12:00,3.9,-0.6,1030.4,0.0,0.0
2023-04-08T13:00,5.0,-0.6,1030.8,160.0,2.6
2023-04-08T14:00,7.8,-1.1,1030.6,160.0,5.1
2023-04-08T15:00,10.6,-1.7,1030.6,180.0,5.1
2023-04-08T16:00,12.8,-2.2,1030.4,140.0,5.1
2023-04-08T17:00,13.9,-5.0,1030.1,190.0,4.1
2023-04-08T18:00,15.0,-3.9,1029.2,160.0,5.1
2023-04-08T19:00,15.6,-3.3,1028.5,180.0,4.1
2023-04-08T20:00,16.7,-2.8,1027.7,160.0,3.6
2023-04-08T21:00,17.2,-1.7,1027.3,130.0,4.6
2023-04-08T22:00,17.2,-2.8,1027.0,170.0,4.6
2023-04-08T23:00,16.7,-4.4,1027.0,170.0,2.6
2023-04-09T00:00,16.1,-4.4,1027.0,190.0,3.6
2023-04-09T01:00,13.9,-1.7,1027.2,130.0,4.1
2023-04-09T02:00,11.1,-1.7,1027.6,130.0,3.6
2023-04-09T03:00,10.6,-1.1,1027.9,150.0,3.6
2023-04-09T04:00,9.4,-1.1,1027.8,160.0,2.1
2023-04-09T05:00,7.8,-0.6,1027.9,130.0,1.5
2023-04-09T06:00,8.3,-0.6,1028.3,0.0,0.0
2023-04-09T07:00,7.2,-0.6,1028.5,0.0,0.0
2023-04-09T08:00,6.7,0.0,1028.7,120.0,1.5
2023-04-09T09:00,6.7,0.0,1028.8,150.0,2.1
2023-04-09T10:00,7.2,-0.6,1029.1,180.0,1.5
2023-04-09T11:00,5.6,-1.1,1030.1,0.0,0.0
2023-04-09T12:00,5.6,0.0,1030.5,150.0,1.5
2023-04-09T13:00,8.3,0.6,1031.2,140.0,3.1
2023-04-09T14:00,11.1,-1.1,1031.5,170.0,3.6
2023-04-09T15:00,13.9,-3.9,1031.5,200.0,5.7
2023-04-09T16:00,15.0,-6.1,1031.5,210.0,4.6
2023-04-09T17:00,16.7,-7.2,1030.7,180.0,6.2
2023-04-09T18:00,18.3,-5.6,1030.1,180.0,5.1
2023-04-09T19:00,19.4,-5.0,1029.7,180.0,4.1
2023-04-09T20:00,19.4,-5.0,1029.1,210.0,4.1
2023-04-09T21:00,20.0,-4.4,1028.6,200.0,5.1
2023-04-09T22:00,19.4,-4.4,1028.2,170.0,5.1
2023-04-09T23:00,18.9,-5.0,1028.0,170.0,4.1
2023-04-10T00:00,17.8,-4.4,1028.0,180.0,4.6
2023-04-10T01:00,16.1,-3.3,1027.9,170.0,3.6
2023-04-10T02:00,15.0,-2.8,1028.3,170.0,3.1
2023-04-10T03:00,14.4,-2.2,1028.2,160.0,4.1
2023-04-10T04:00,13.9,-1.7,1028.1,170.0,3.1
2023-04-10T05:00,12.8,-1.1,1027.9,170.0,3.1
2023-04-10T06:00,11.7,-1.1,1027.7,170.0,3.1
2023-04-10T07:00,11.1,-1.1,1027.5,160.0,2.6
2023-04-10T08:00,10.6,-1.7,1027.5,150.0,2.6
2023-04-10T09:00,10.0,-1.7,1027.5,180.0,2.1
2023-04-10T10:00,10.0,-1.7,1027.8,170.0,2.6
2023-04-10T11:00,10.0,-1.7,1028.1,180.0,3.1
2023-04-10T12:00,9.4,-1.7,1028.5,180.0,3.6
2023-04-10T13:00,11.7,-1.1,1028.8,190.0,3.1
2023-04-10T14:00,13.9,-2.2,1028.7,200.0,3.6
2023-04-10T15:00,16.1,-2.2,1028.3,200.0,4.6
2023-04-10T16:00,17.2,-2.2,1028.3,220.0,6.2
2023-04-10T17:00,18.9,-2.2,1027.8,210.0,5.7
2023-04-10T18:00,18.9,-2.8,1027.1,210.0,5.1
2023-04-10T19:00,20.6,-2.2,1026.3,210.0,4.1
2023-04-10T20:00,20.6,-2.8,1025.7,210.0,2.6
2023-04-10T21:00,21.7,-2.8,1024.9,210.0,4.1
2023-04-10T22:00,21.7,-2.2,1024.5,200.0,3.6
2023-04-10T23:00,21.1,-2.2,1024.2,180.0,3.1
2023-04-11T00:00,21.1,-2.8,1023.9,230.0,4.1
2023-04-11T01:00,19.4,-2.2,1024.2,210.0,2.1
2023-04-11T02:00,17.8,-2.2,1024.7,200.0,2.6
2023-04-11T03:00,16.7,-1.7,1024.8,190.0,3.6
2023-04-11T04:00,16.1,-1.7,1024.4,190.0,3.1
2023-04-11T05:00,15.6,-1.1,1024.3,200.0,4.1
2023-04-11T06:00,15.0,-1.1,1023.9,210.0,4.1
2023-04-11T07:00,13.9,-1.1,1023.9,220.0,3.1
2023-04-11T08:00,13.3,-0.6,1023.6,220.0,4.1
2023-04-11T09:00,12.2,0.0,1023.6,230.0,3.6
2023-04-11T10:00,11.7,0.0,1023.5,220.0,4.1
2023-04-11T11:00,11.7,0.6,1023.5,230.0,4.1
2023-04-11T12:00,11.7,1.1,1023.8,220.0,3.6
2023-04-11T13:00,13.9,1.7,1024.0,230.0,5.1
2023-04-11T14:00,17.2,3.3,1023.6,220.0,5.1
2023-04-11T15:00,19.4,5.0,1023.2,220.0,6.2
2023-04-11T16:00,21.7,5.0,1022.8,240.0,6.7
2023-04-11T17:00,22.8,5.6,1022.3,240.0,6.2
2023-04-11T18:00,23.9,6.1,1021.6,230.0,8.8
2023-04-11T19:00,24.4,6.7,1020.2,220.0,6.7
2023-04-11T20:00,25.0,6.1,1019.5,240.0,7.2
2023-04-11T21:00,25.6,7.2,1018.6,250.0,7.7
2023-04-11T22:00,26.1,6.7,1018.1,250.0,7.2
2023-04-11T23:00,25.6,6.1,1017.6,230.0,6.2
2023-04-12T00:00,24.4,6.1,1017.3,230.0,4.1
2023-04-12T01:00,22.8,6.7,1017.3,220.0,2.6
2023-04-12T02:00,21.7,6.7,1017.5,200.0,2.6
2023-04-12T03:00,20.6,7.2,1017.5,210.0,3.1
2023-04-12T04:00,20.0,7.2,1017.2,210.0,4.1
2023-04-12T05:00,19.4,6.7,1016.9,210.0,3.6
2023-04-12T06:00,18.9,6.7,1016.7,210.0,4.6
2023-04-12T07:00,17.8,6.7,1016.4,220.0,6.7
2023-04-12T08:00,17.2,6.1,1015.9,220.0,6.2
2023-04-12T09:00,16.7,5.0,1015.7,220.0,5.1
2023-04-12T10:00,15.6,5.0,1015.7,220.0,3.6
2023-04-12T11:00,14.4,5.0,1015.8,210.0,4.1
2023-04-12T12:00,14.4,5.0,1015.9,210.0,5.1
2023-04-12T13:00,16.1,6.1,1016.0,220.0,5.7
2023-04-12T14:00,19.4,7.2,1015.6,230.0,5.7
2023-04-12T15:00,21.1,7.8,1015.5,240.0,7.7
2023-04-12T16:00,23.3,7.8,1015.2,250.0,8.8
2023-04-12T17:00,24.4,7.8,1014.5,240.0,9.3
2023-04-12T18:00,25.6,7.2,1013.5,230.0,9.8
2023-04-12T19:00,26.1,6.1,1012.5,230.0,11.3
2023-04-12T20:00,27.2,4.4,1011.6,230.0,10.3
2023-04-12T21:00,27.2,3.3,1010.9,240.0,8.2
2023-04-12T22:00,27.8,3.3,1010.6,230.0,7.7
2023-04-12T23:00,27.2,3.3,1010.1,230.0,9.3
2023-04-13T00:00,26.1,3.9,1010.1,220.0,5.7
2023-04-13T01:00,25.0,4.4,1010.5,220.0,4.6
2023-04-13T02:00,23.3,4.4,1010.9,220.0,4.1
2023-04-13T03:00,22.2,5.0,1011.1,220.0,5.7
2023-04-13T04:00,21.1,5.0,1011.1,220.0,5.1
2023-04-13T05:00,19.4,6.1,1011.4,220.0,4.1
2023-04-13T06:00,18.9,6.1,1011.7,220.0,5.1
2023-04-13T07:00,18.3,5.0,1011.7,220.0,4.1
2023-04-13T08:00,16.7,5.0,1011.5,210.0,3.6
2023-04-13T09:00,15.6,5.0,1011.5,200.0,3.1
2023-04-13T10:00,14.4,4.4,1011.5,220.0,2.6
2023-04-13T11:00,14.4,4.4,1011.8,200.0,3.1
2023-04-13T12:00,14.4,4.4,1012.3,200.0,3.1
2023-04-13T13:00,16.7,4.4,1012.7,210.0,4.6
2023-04-13T14:00,18.3,5.0,1012.9,210.0,3.6
2023-04-13T15:00,21.1,5.6,1012.7,200.0,3.1
2023-04-13T16:00,23.3,6.1,1012.4,190.0,3.6
2023-04-13T17:00,24.4,6.1,1011.9,240.0,5.7
2023-04-13T18:00,25.6,5.0,1011.0,210.0,5.1
2023-04-13T19:00,26.7,3.9,1009.9,190.0,7.2
2023-04-13T20:00,27.2,3.3,1009.4,190.0,4.6
2023-04-13T21:00,28.3,2.2,1008.4,220.0,6.7
2023-04-13T22:00,28.3,1.1,1007.9,210.0,5.7
2023-04-13T23:00,27.8,0.6,1007.7,220.0,7.2
2023-04-14T00:00,26.7,1.1,1007.6,210.0,4.6
2023-04-14T01:00,24.4,1.7,1007.7,180.0,2.1
2023-04-14T02:00,22.8,2.8,1008.1,170.0,3.1
2023-04-14T03:00,22.2,1.7,1008.4,180.0,3.1
2023-04-14T04:00,21.1,1.1,1008.4,200.0,3.6
2023-04-14T05:00,20.0,0.6,1008.6,190.0,4.1
2023-04-14T06:00,19.4,1.1,1008.4,200.0,3.1
2023-04-14T07:00,18.9,1.1,1008.3,200.0,2.1
2023-04-14T08:00,15.6,1.7,1008.5,0.0,0.0
2023-04-14T09:00,14.4,2.8,1008.8,0.0,0.0
2023-04-14T10:00,13.3,2.8,1009.3,0.0,0.0
2023-04-14T11:00,13.3,3.3,1009.4,0.0,0.0
2023-04-14T12:00,14.4,3.9,1010.1,130.0,1.5
2023-04-14T13:00,17.2,4.4,1010.2,140.0,1.5
2023-04-14T14:00,20.6,3.3,1009.9,150.0,2.1
2023-04-14T15:00,22.8,3.3,1009.4,160.0,2.1
2023-04-14T16:00,24.4,5.0,1009.4,170.0,2.6
2023-04-14T17:00,25.6,4.4,1008.7,180.0,3.1
2023-04-14T18:00,27.2,4.4,1008.0,,3.1
2023-04-14T19:00,27.2,4.4,1007.6,190.0,4.6
2023-04-14T20:00,27.8,5.0,1007.0,180.0,4.6
2023-04-14T21:00,26.7,6.1,1006.7,160.0,4.1
2023-04-14T22:00,27.8,6.1,1006.3,200.0,4.1
2023-04-14T23:00,27.2,6.1,1006.3,170.0,4.1
2023-04-15T00:00,25.6,4.4,1006.5,130.0,6.2
2023-04-15T01:00,22.8,5.0,1006.6,130.0,3.6
2023-04-15T02:00,21.1,4.4,1007.0,130.0,3.1
2023-04-15T03:00,20.6,3.9,1007.4,140.0,3.1
2023-04-15T04:00,19.4,4.4,1007.5,140.0,2.6
2023-04-15T05:00,18.9,5.0,1007.3,0.0,0.0
2023-04-15T06:00,19.4,6.7,1007.2,170.0,2.6
2023-04-15T07:00,20.0,9.4,1007.1,180.0,2.6
2023-04-15T08:00,20.6,11.7,1007.2,210.0,3.6
2023-04-15T09:00,20.6,11.7,1007.3,220.0,2.1
2023-04-15T10:00,19.4,11.7,1007.5,220.0,2.1
2023-04-15T11:00,18.9,11.7,1007.9,170.0,2.6
2023-04-15T12:00,18.9,11.7,1008.6,180.0,2.1
2023-04-15T13:00,18.9,11.1,1008.7,200.0,3.1
2023-04-15T14:00,20.6,11.7,1008.4,170.0,5.7
2023-04-15T15:00,20.6,11.1,1008.3,190.0,3.6
2023-04-15T16:00,23.3,11.7,1007.9,210.0,5.1
2023-04-15T17:00,24.4,11.7,1008.1,210.0,4.6
2023-04-15T18:00,26.1,11.1,1007.7,190.0,5.7
2023-04-15T19:00,27.8,10.0,1007.0,210.0,7.2
2023-04-15T20:00,22.8,15.6,,250.0,5.1
2023-04-15T21:00,26.1,12.2,1006.0,230.0,3.1
2023-04-15T22:00,26.7,9.4,1005.2,200.0,5.7
2023-04-15T23:00,26.7,10.0,1004.6,190.0,3.6
2023-04-16T00:00,25.6,8.9,1004.5,210.0,4.1
2023-04-16T01:00,23.9,10.0,1004.6,160.0,3.6
2023-04-16T02:00,23.9,10.0,1004.7,170.0,3.6
2023-04-16T03:00,23.3,10.0,1004.6,180.0,4.6
2023-04-16T04:00,22.8,10.6,1003.7,180.0,5.1
2023-04-16T05:00,19.4,10.6,1004.6,240.0,5.7
2023-04-16T06:00,17.8,11.1,1004.4,220.0,6.7
2023-04-16T07:00,16.1,12.2,1003.4,230.0,5.7
2023-04-16T08:00,15.6,12.8,1001.9,200.0,2.1
2023-04-16T09:00,15.6,12.2,1001.6,200.0,4.6
2023-04-16T10:00,15.0,11.1,1001.2,210.0,5.7
2023-04-16T11:00,12.2,10.0,1001.4,240.0,5.1
2023-04-16T12:00,10.0,8.3,1001.3,250.0,4.6
2023-04-16T13:00,9.4,7.8,1001.5,250.0,4.6
2023-04-16T14:00,9.4,7.2,1001.1,240.0,5.7
2023-04-16T15:00,10.0,7.2,1000.8,230.0,5.7
2023-04-16T16:00,8.3,6.1,1000.9,230.0,8.2
2023-04-16T17:00,6.7,4.4,1002.1,230.0,10.8
2023-04-16T18:00,4.4,2.2,1002.3,230.0,8.2
2023-04-16T19:00,5.6,2.8,1002.6,240.0,7.7
2023-04-16T20:00,5.6,2.8,1002.8,240.0,8.8
2023-04-16T21:00,6.1,2.2,1002.8,240.0,10.3
2023-04-16T22:00,5.0,2.2,1003.0,220.0,7.7
2023-04-16T23:00,5.0,1.7,1003.4,230.0,8.8
2023-04-17T00:00,3.9,1.1,1003.5,230.0,6.2
2023-04-17T01:00,3.9,0.6,1003.1,230.0,5.1
2023-04-17T02:00,3.3,0.0,1003.0,230.0,8.8
2023-04-17T03:00,2.2,-0.6,1002.5,250.0,7.7
2023-04-17T04:00,1.1,-1.1,,230.0,7.2
2023-04-17T05:00,1.7,-1.1,1001.2,240.0,7.2
2023-04-17T06:00,1.7,-1.1,1000.6,240.0,5.7
2023-04-17T07:00,1.1,-2.2,1000.3,260.0,6.7
2023-04-17T08:00,1.1,-2.2,999.9,260.0,6.2
2023-04-17T09:00,0.6,-2.2,999.9,260.0,6.7
2023-04-17T10:00,0.6,-2.2,999.9,260.0,6.2
2023-04-17T11:00,0.0,-2.2,999.8,260.0,6.7
2023-04-17T12:00,0.0,-2.2,1000.5,260.0,6.2
2023-04-17T13:00,0.0,-2.8,1001.2,270.0,7.2
2023-04-17T14:00,0.6,-3.3,,280.0,7.2
2023-04-17T15:00,1.1,-3.3,,280.0,7.7
2023-04-17T16:00,1.7,-3.3,,290.0,9.3
2023-04-17T17:00,3.3,-2.8,1004.0,270.0,9.3
2023-04-17T18:00,3.3,-4.4,1004.7,280.0,8.2
2023-04-17T19:00,3.3,-4.4,1005.3,280.0,10.3
2023-04-17T20:00,3.3,-3.3,,280.0,8.2
2023-04-17T21:00,3.3,-2.8,1006.6,280.0,9.8
2023-04-17T22:00,3.3,-3.3,1007.3,280.0,6.7
2023-04-17T23:00,3.3,-3.3,1007.9,290.0,8.8
2023-04-18T00:00,3.9,-3.3,1008.7,290.0,8.2
2023-04-18T01:00,3.9,-3.3,1009.0,290.0,6.7
2023-04-18T02:00,3.9,-4.4,1009.8,310.0,9.8
2023-04-18T03:00,3.3,-3.9,1010.3,290.0,5.1
2023-04-18T04:00,3.3,-3.9,1010.4,290.0,5.1
2023-04-18T05:00,2.8,-3.3,1010.8,290.0,4.6
2023-04-18T06:00,2.8,-3.9,1011.1,310.0,5.7
2023-04-18T07:00,2.2,-3.9,1011.2,270.0,3.1
2023-04-18T08:00,1.1,-3.9,1011.2,260.0,2.6
2023-04-18T09:00,1.1,-3.3,1011.5,300.0,2.6
2023-04-18T10:00,1.1,-3.9,1011.6,280.0,2.1
2023-04-18T11:00,1.1,-3.9,1012.1,270.0,2.6
2023-04-18T12:00,1.1,-3.3,1012.4,260.0,3.1
2023-04-18T13:00,3.3,-2.8,1012.9,280.0,4.1
2023-04-18T14:00,5.0,-2.8,1013.1,310.0,5.7
2023-04-18T15:00,6.1,-2.8,1013.9,260.0,5.7
2023-04-18T16:00,7.8,-2.8,1014.4,270.0,4.6
2023-04-18T17:00,8.3,-2.8,,290.0,6.2
2023-04-18T18:00,10.6,-2.2,,280.0,4.6
2023-04-18T19:00,11.7,-3.3,,300.0,4.1
2023-04-18T20:00,12.8,-1.7,,270.0,5.7
2023-04-18T21:00,13.3,-2.2,,280.0,4.1
2023-04-18T22:00,13.3,-1.7,,250.0,4.6
2023-04-18T23:00,14.4,-1.7,,300.0,3.1
2023-04-19T00:00,13.3,-2.8,,270.0,2.1
2023-04-19T01:00,12.2,-2.2,,340.0,1.5
2023-04-19T02:00,10.6,-1.1,,230.0,1.5
2023-04-19T03:00,10.0,-0.6,,0.0,0.0
2023-04-19T04:00,8.3,-0.6,,120.0,2.1
2023-04-19T05:00,7.8,-1.1,,80.0,1.5
2023-04-19T06:00,7.2,0.0,1016.0,90.0,3.1
2023-04-19T07:00,6.1,-0.6,1015.9,110.0,1.5
2023-04-19T08:00,6.7,0.0,1015.3,80.0,3.1
2023-04-19T09:00,5.6,0.0,1015.6,100.0,2.1
2023-04-19T10:00,6.7,0.0,1015.7,100.0,3.1
2023-04-19T11:00,7.8,-0.6,1015.8,110.0,5.1
2023-04-19T12:00,8.3,-1.7,1016.3,110.0,6.7
2023-04-19T13:00,8.9,-2.2,1016.1,100.0,6.7
2023-04-19T14:00,10.0,-2.8,1016.1,100.0,8.2
2023-04-19T15:00,10.6,-2.2,1015.7,90.0,7.2
2023-04-19T16:00,11.1,-0.6,1015.3,90.0,6.2
2023-04-19T17:00,14.4,-0.6,1013.9,110.0,7.2
2023-04-19T18:00,16.7,0.6,1012.5,100.0,6.7
2023-04-19T19:00,17.2,1.7,1012.6,50.0,6.7
2023-04-19T20:00,13.9,2.2,1011.3,50.0,8.2
2023-04-19T21:00,15.0,2.8,1008.8,80.0,5.7
2023-04-19T22:00,15.0,2.8,1009.7,30.0,7.7
2023-04-19T23:00,11.7,3.3,1009.6,100.0,3.6
2023-04-20T00:00,9.4,3.3,1012.0,20.0,10.3
2023-04-20T01:00,8.9,3.3,1012.7,30.0,9.3
2023-04-20T02:00,8.9,3.3,1012.6,40.0,5.1
2023-04-20T03:00,10.0,3.9,1012.6,40.0,4.1
2023-04-20T04:00,10.0,3.9,1012.3,20.0,4.6
2023-04-20T05:00,10.0,4.4,1011.9,10.0,2.1
2023-04-20T06:00,9.4,4.4,1011.4,20.0,2.1
2023-04-20T07:00,9.4,5.0,1010.8,10.0,2.6
2023-04-20T08:00,9.4,5.6,1010.6,10.0,2.1
2023-04-20T09:00,10.6,6.1,1010.7,30.0,3.1
2023-04-20T10:00,10.6,6.7,1010.9,0.0,0.0
2023-04-20T11:00,14.4,10.6,1009.2,160.0,3.6
2023-04-20T12:00,16.7,10.0,1008.9,170.0,5.7
2023-04-20T13:00,18.3,10.0,1009.8,170.0,5.7
2023-04-20T14:00,19.4,10.0,1008.8,160.0,6.2
2023-04-20T15:00,20.6,9.4,1008.9,180.0,6.2
2023-04-20T16:00,21.7,10.6,1008.3,180.0,6.7
2023-04-20T17:00,22.2,11.1,1009.3,200.0,7.2
2023-04-20T18:00,18.9,14.4,1007.3,170.0,5.1
2023-04-20T19:00,23.3,13.9,1006.5,180.0,7.7
2023-04-20T20:00,25.6,12.2,1006.4,200.0,10.8
2023-04-20T21:00,26.1,11.7,1005.8,200.0,10.8
2023-04-20T22:00,25.6,12.2,1005.5,210.0,7.7
2023-04-20T23:00,25.0,12.2,,190.0,6.2
2023-04-21T00:00,21.1,13.9,1006.5,240.0,7.2
2023-04-21T01:00,19.4,15.0,1007.1,250.0,5.1
2023-04-21T02:00,16.7,11.7,1008.5,260.0,5.7
2023-04-21T03:00,12.8,8.3,1009.9,270.0,8.8
2023-04-21T04:00,11.7,7.2,1011.6,280.0,4.6
2023-04-21T05:00,9.4,4.4,1012.9,260.0,6.7
2023-04-21T06:00,8.9,3.9,1013.8,270.0,6.7
2023-04-21T07:00,8.3,3.3,1013.7,270.0,5.7
2023-04-21T08:00,8.3,3.3,1013.6,260.0,3.1
2023-04-21T09:00,7.8,3.3,1014.0,230.0,3.6
2023-04-21T10:00,7.2,3.3,1013.7,250.0,3.1
2023-04-21T11:00,6.7,2.8,1013.8,230.0,2.6
2023-04-21T12:00,7.2,2.8,1014.0,220.0,2.6
2023-04-21T13:00,7.8,2.8,1014.4,250.0,3.6
2023-04-21T14:00,8.3,2.2,1014.1,210.0,3.6
2023-04-21T15:00,9.4,1.7,1013.9,190.0,4.1
2023-04-21T16:00,10.6,1.1,1013.7,190.0,4.1
2023-04-21T17:00,12.2,1.1,1013.1,180.0,6.7
2023-04-21T18:00,13.9,2.2,1012.4,200.0,6.2
2023-04-21T19:00,15.0,2.2,1011.5,230.0,6.2
2023-04-21T20:00,15.6,2.8,1010.9,190.0,6.2
2023-04-21T21:00,16.1,1.7,1010.0,230.0,6.7
2023-04-21T22:00,16.7,-0.6,1009.7,250.0,6.7
2023-04-21T23:00,15.6,-1.1,1009.7,270.0,6.2
2023-04-22T00:00,13.9,-0.6,1009.8,280.0,5.1
2023-04-22T01:00,12.2,-1.1,1010.5,290.0,4.1
2023-04-22T02:00,10.6,-1.7,1011.2,290.0,5.7
2023-04-22T03:00,9.4,-1.7,1011.5,310.0,4.1
2023-04-22T04:00,8.3,-1.1,1011.1,300.0,3.1
2023-04-22T05:00,8.3,-1.7,1011.0,280.0,2.6
2023-04-22T06:00,7.8,-1.7,1010.9,280.0,4.1
2023-04-22T07:00,7.2,-2.8,1010.5,280.0,3.1
2023-04-22T08:00,6.1,-1.7,1010.0,250.0,2.6
2023-04-22T09:00,6.1,-1.7,1009.9,250.0,3.6
2023-04-22T10:00,5.6,-2.2,1009.7,260.0,5.1
2023-04-22T11:00,5.0,-1.7,1009.4,260.0,4.1
2023-04-22T12:00,5.0,-1.1,1009.5,280.0,3.6
2023-04-22T13:00,5.0,-1.1,1009.7,260.0,3.6
2023-04-22T14:00,5.0,-1.1,1009.7,260.0,4.6
2023-04-22T15:00,5.0,-1.1,1009.9,240.0,4.1
2023-04-22T16:00,5.6,-1.1,1009.9,220.0,5.1
2023-04-22T17:00,5.0,0.0,1010.3,280.0,6.2
2023-04-22T18:00,2.8,0.6,1010.9,260.0,6.7
2023-04-22T19:00,5.0,1.1,1010.7,260.0,3.1
2023-04-22T20:00,6.1,-2.8,1010.8,260.0,7.2
2023-04-22T21:00,6.7,-3.9,1010.9,250.0,6.7
2023-04-22T22:00,6.1,-2.2,1011.8,280.0,5.7
2023-04-22T23:00,3.9,-0.6,1012.4,270.0,3.6
2023-04-23T00:00,5.6,-1.1,1012.5,250.0,3.1
2023-04-23T01:00,5.6,-1.7,1013.1,260.0,5.7
2023-04-23T02:00,5.6,-0.6,1013.5,250.0,4.6
2023-04-23T03:00,5.0,-0.6,1013.8,270.0,5.1
2023-04-23T04:00,4.4,-0.6,1013.7,280.0,6.7
2023-04-23T05:00,4.4,-0.6,1013.9,280.0,5.7
2023-04-23T06:00,4.4,-0.6,1014.4,280.0,4.1
2023-04-23T07:00,3.3,-0.6,1014.3,260.0,5.1
2023-04-23T08:00,3.3,-0.6,1014.5,270.0,4.1
2023-04-23T09:00,2.8,-0.6,1015.1,250.0,2.6
2023-04-23T10:00,2.8,-1.1,1015.6,260.0,3.6
2023-04-23T11:00,2.2,-1.7,1015.9,270.0,3.1
2023-04-23T12:00,2.2,-1.7,1016.4,290.0,3.6
2023-04-23T13:00,2.8,-1.7,1017.0,290.0,3.1
2023-04-23T14:00,3.9,-1.1,1017.4,280.0,3.6
2023-04-23T15:00,4.4,-1.1,1017.8,320.0,2.6
2023-04-23T16:00,5.0,-1.7,1018.1,300.0,2.6
2023-04-23T17:00,5.0,-2.8,1018.4,260.0,4.1
2023-04-23T18:00,5.6,-2.8,1018.6,270.0,4.1
2023-04-23T19:00,5.0,-3.3,1019.0,260.0,3.1
2023-04-23T20:00,5.0,-3.3,1019.1,280.0,4.1
2023-04-23T21:00,5.0,-3.3,1019.3,260.0,4.1
2023-04-23T22:00,5.0,-3.3,1019.7,280.0,3.1
2023-04-23T23:00,4.4,-3.3,1020.2,290.0,4.1
2023-04-24T00:00,5.0,-3.9,1020.4,280.0,3.1
2023-04-24T01:00,4.4,-4.4,1020.7,270.0,3.1
2023-04-24T02:00,4.4,-3.9,1021.1,260.0,3.1
2023-04-24T03:00,4.4,-3.9,1021.2,260.0,2.1
2023-04-24T04:00,3.9,-3.3,1021.1,250.0,2.6
2023-04-24T05:00,3.3,-3.3,1021.1,220.0,2.1
2023-04-24T06:00,3.3,-3.3,1021.0,240.0,2.6
2023-04-24T07:00,2.2,-3.3,1021.0,230.0,2.6
2023-04-24T08:00,3.3,-2.8,1020.8,240.0,2.1
2023-04-24T09:00,2.2,-3.3,1020.8,250.0,2.6
2023-04-24T10:00,2.2,-3.9,1021.1,240.0,3.6
2023-04-24T11:00,2.2,-3.9,1021.6,250.0,3.6
2023-04-24T12:00,2.8,-3.9,1022.3,250.0,3.6
2023-04-24T13:00,4.4,-3.3,1022.5,260.0,3.1
2023-04-24T14:00,5.6,-3.9,1022.7,260.0,3.1
2023-04-24T15:00,6.7,-5.6,1022.9,280.0,2.6
2023-04-24T16:00,8.3,-5.6,1022.9,290.0,4.1
2023-04-24T17:00,8.3,-6.7,1022.7,260.0,5.1
2023-04-24T18:00,10.6,-5.6,1021.9,280.0,5.7
2023-04-24T19:00,10.0,-6.7,1021.5,310.0,8.2
2023-04-24T20:00,10.6,-5.6,1020.9,310.0,4.6
2023-04-24T21:00,11.7,-5.6,1020.3,290.0,4.6
2023-04-24T22:00,11.1,-6.7,1020.2,330.0,3.1
2023-04-24T23:00,10.0,-3.9,1020.2,90.0,4.6
2023-04-25T00:00,8.9,-4.4,1020.3,130.0,5.1
2023-04-25T01:00,8.3,-3.9,1020.4,100.0,4.6
2023-04-25T02:00,7.8,-3.9,1020.5,110.0,4.1
2023-04-25T03:00,7.8,-3.3,1020.5,120.0,3.1
2023-04-25T04:00,7.8,-2.8,1020.1,110.0,3.1
2023-04-25T05:00,8.3,-2.8,1020.2,210.0,3.1
2023-04-25T06:00,6.7,1.7,1020.4,0.0,0.0
2023-04-25T07:00,6.7,2.8,1020.0,20.0,2.6
2023-04-25T08:00,6.1,2.8,1020.0,60.0,1.5
2023-04-25T09:00,6.1,2.8,1020.3,20.0,3.1
2023-04-25T10:00,4.4,1.7,1020.2,40.0,4.6
2023-04-25T11:00,3.9,1.7,,20.0,5.7
2023-04-25T12:00,3.3,1.1,1020.6,50.0,5.7
2023-04-25T13:00,2.8,1.1,,30.0,6.7
2023-04-25T14:00,3.9,1.7,1021.2,50.0,5.7
2023-04-25T15:00,3.9,1.7,1021.5,50.0,5.1
2023-04-25T16:00,4.4,1.7,1021.9,40.0,5.7
2023-04-25T17:00,6.1,1.7,1021.9,40.0,5.1
2023-04-25T18:00,7.2,1.7,1021.8,50.0,6.2
2023-04-25T19:00,6.7,1.1,1022.2,30.0,6.7
2023-04-25T20:00,6.7,1.1,1022.7,20.0,7.2
2023-04-25T21:00,7.2,0.0,1022.4,30.0,7.2
2023-04-25T22:00,6.7,-2.2,1022.7,50.0,4.6
2023-04-25T23:00,7.2,-2.2,1022.9,30.0,6.7
2023-04-26T00:00,6.1,-2.8,1023.2,40.0,5.7
2023-04-26T01:00,5.0,-3.9,1023.4,30.0,3.6
2023-04-26T02:00,4.4,-3.3,1023.9,30.0,3.6
2023-04-26T03:00,3.3,-2.8,1024.3,10.0,2.6
2023-04-26T04:00,2.2,-2.8,1024.5,350.0,2.6
2023-04-26T05:00,2.2,-2.2,1024.7,340.0,3.1
2023-04-26T06:00,1.7,-2.2,1025.0,320.0,1.5
2023-04-26T07:00,0.6,-2.2,1024.8,350.0,3.1
2023-04-26T08:00,1.1,-1.7,1024.8,340.0,1.5
2023-04-26T09:00,0.6,-2.8,1024.9,350.0,3.1
2023-04-26T10:00,-0.6,-2.8,1025.0,360.0,3.1
2023-04-26T11:00,0.0,-3.3,1025.2,20.0,2.1
2023-04-26T12:00,1.7,-0.6,1026.0,350.0,2.1
2023-04-26T13:00,5.0,1.1,1026.2,80.0,4.1
2023-04-26T14:00,6.7,-0.6,1026.1,60.0,4.1
2023-04-26T15:00,7.8,-1.1,1025.9,90.0,2.6
2023-04-26T16:00,8.3,-2.8,1025.8,60.0,3.6
2023-04-26T17:00,9.4,-1.7,1025.5,,2.6
2023-04-26T18:00,9.4,-2.2,1025.6,90.0,3.1
2023-04-26T19:00,10.6,-2.2,1025.1,50.0,3.6
2023-04-26T20:00,10.0,-1.1,1024.9,120.0,3.1
2023-04-26T21:00,10.0,-2.2,1024.0,80.0,3.6
2023-04-26T22:00,9.4,-2.8,1023.3,70.0,5.1
2023-04-26T23:00,8.9,-3.3,1023.2,90.0,5.1
2023-04-27T00:00,7.8,-3.3,1022.8,100.0,4.6
2023-04-27T01:00,6.7,-2.8,1022.7,90.0,4.6
2023-04-27T02:00,5.0,-1.7,1022.6,100.0,3.6
2023-04-27T03:00,5.0,-1.1,1022.6,90.0,2.6
2023-04-27T04:00,4.4,-1.1,1022.4,100.0,2.6
2023-04-27T05:00,3.9,-1.1,1022.3,120.0,1.5
2023-04-27T06:00,3.9,-0.6,1021.6,100.0,1.5
2023-04-27T07:00,3.3,-0.6,1020.9,130.0,1.5
2023-04-27T08:00,3.3,-1.1,1020.5,140.0,1.5
2023-04-27T09:00,3.3,-1.1,1020.4,0.0,0.0
2023-04-27T10:00,2.8,0.0,1020.4,150.0,3.1
2023-04-27T11:00,3.3,-0.6,1019.7,160.0,2.6
2023-04-27T12:00,3.9,-1.7,1019.3,150.0,2.6
2023-04-27T13:00,6.7,-1.7,1019.1,150.0,4.6
2023-04-27T14:00,10.0,-1.7,1018.7,160.0,4.6
2023-04-27T15:00,12.2,-1.7,1017.8,160.0,5.7
2023-04-27T16:00,13.9,-1.1,1017.0,180.0,5.7
2023-04-27T17:00,15.6,-0.6,1016.3,200.0,4.6
2023-04-27T18:00,16.7,-2.2,1015.7,210.0,4.1
2023-04-27T19:00,17.8,-0.6,1014.8,140.0,3.1
2023-04-27T20:00,18.3,-1.7,1013.6,180.0,4.6
2023-04-27T21:00,18.9,-1.1,1012.4,130.0,3.1
2023-04-27T22:00,18.9,-1.1,1011.5,110.0,5.1
2023-04-27T23:00,17.2,-1.7,1011.3,90.0,6.2
2023-04-28T00:00,16.1,-2.2,1011.2,90.0,5.7
2023-04-28T01:00,14.4,-1.7,1011.4,90.0,4.1
2023-04-28T02:00,12.2,-0.6,1012.0,100.0,4.1
2023-04-28T03:00,11.1,0.0,1012.4,100.0,3.1
2023-04-28T04:00,10.0,0.6,1012.4,50.0,3.1
2023-04-28T05:00,10.6,0.6,1011.6,70.0,3.1
2023-04-28T06:00,10.6,0.6,1011.0,60.0,2.1
2023-04-28T07:00,8.9,0.6,1010.6,110.0,1.5
2023-04-28T08:00,10.0,1.1,1010.1,0.0,0.0
2023-04-28T09:00,8.9,1.1,1009.8,350.0,1.5
2023-04-28T10:00,7.8,1.1,1009.6,360.0,3.1
2023-04-28T11:00,8.3,2.2,1009.8,60.0,2.1
2023-04-28T12:00,8.9,2.8,1010.4,20.0,2.1
2023-04-28T13:00,10.0,2.8,1010.6,10.0,4.1
2023-04-28T14:00,10.6,2.8,1010.5,20.0,3.6
2023-04-28T15:00,11.7,2.8,1010.9,30.0,4.1
2023-04-28T16:00,12.2,2.8,1011.0,40.0,3.6
2023-04-28T17:00,15.0,2.8,1010.5,30.0,3.6
2023-04-28T18:00,16.7,0.0,1010.1,30.0,5.7
2023-04-28T19:00,16.7,0.6,1010.1,40.0,5.7
2023-04-28T20:00,16.1,0.6,1009.8,50.0,5.1
2023-04-28T21:00,16.1,0.0,1009.5,50.0,4.6
2023-04-28T22:00,16.7,-1.1,1009.5,30.0,5.1
2023-04-28T23:00,15.6,-1.1,1009.8,30.0,4.1
2023-04-29T00:00,15.0,-1.7,1009.7,40.0,3.1
2023-04-29T01:00,12.2,-1.7,1009.6,50.0,5.1
2023-04-29T02:00,10.6,-2.2,1009.8,50.0,3.6
2023-04-29T03:00,9.4,-1.7,1009.8,330.0,2.1
2023-04-29T04:00,8.9,-1.1,1009.6,310.0,1.5
2023-04-29T05:00,8.9,-1.1,1008.8,0.0,0.0
2023-04-29T06:00,8.3,-1.1,1007.8,40.0,2.6
2023-04-29T07:00,7.2,0.0,1007.4,250.0,1.5
2023-04-29T08:00,6.1,-0.6,1006.9,0.0,0.0
2023-04-29T09:00,6.1,0.0,1006.5,0.0,0.0
2023-04-29T10:00,6.7,0.0,1006.4,230.0,2.1
2023-04-29T11:00,6.7,0.0,1006.2,240.0,2.6
2023-04-29T12:00,7.8,0.6,1005.9,0.0,0.0
2023-04-29T13:00,9.4,0.6,1005.2,0.0,0.0
2023-04-29T14:00,11.1,1.1,1004.6,190.0,2.6
2023-04-29T15:00,13.3,1.7,1004.1,210.0,6.2
2023-04-29T16:00,11.1,3.9,1003.2,240.0,2.1
2023-04-29T17:00,8.9,6.1,1003.9,270.0,4.1
2023-04-29T18:00,9.4,7.8,1003.1,280.0,5.1
2023-04-29T19:00,10.0,8.3,1003.0,280.0,6.2
2023-04-29T20:00,13.3,6.7,1002.4,270.0,4.6
2023-04-29T21:00,13.3,4.4,1001.6,300.0,5.7
2023-04-29T22:00,13.3,3.3,1001.3,290.0,8.8
2023-04-29T23:00,12.8,2.2,1002.0,260.0,6.7
2023-04-30T00:00,12.2,1.7,1002.2,290.0,5.7
2023-04-30T01:00,10.6,2.8,1002.3,280.0,3.6
2023-04-30T02:00,9.4,2.8,1002.3,300.0,5.1
2023-04-30T03:00,8.9,2.8,1002.3,290.0,5.1
2023-04-30T04:00,7.8,1.7,1001.9,280.0,3.1
2023-04-30T05:00,7.2,1.1,1001.1,240.0,2.6
2023-04-30T06:00,6.1,1.1,1000.0,250.0,3.6
2023-04-30T07:00,6.7,2.2,999.4,270.0,3.6
2023-04-30T08:00,6.7,1.7,998.8,270.0,3.6
2023-04-30T09:00,6.1,1.7,998.5,260.0,4.1
2023-04-30T10:00,6.1,2.2,997.9,240.0,3.6
2023-04-30T11:00,5.0,1.7,997.4,230.0,3.1
2023-04-30T12:00,5.6,1.7,997.0,240.0,5.1
2023-04-30T13:00,6.7,1.1,996.6,260.0,3.6
2023-04-30T14:00,7.8,0.6,996.2,280.0,6.2
2023-04-30T15:00,7.8,0.6,995.5,270.0,6.7
2023-04-30T16:00,7.2,1.7,995.9,280.0,6.2
2023-04-30T17:00,8.3,1.7,995.7,260.0,5.1
2023-04-30T18:00,6.7,1.1,995.7,250.0,6.2
2023-04-30T19:00,7.8,1.7,995.9,270.0,8.2
2023-04-30T20:00,5.6,2.2,996.5,280.0,6.7
2023-04-30T21:00,4.4,1.7,997.0,280.0,5.7
2023-04-30T22:00,5.0,2.8,997.2,290.0,5.1
2023-04-30T23:00,5.6,2.2,997.3,280.0,5.1
2023-05-01T00:00,6.1,2.2,997.2,290.0,7.2
2023-05-01T01:00,6.1,2.2,997.4,290.0,6.7
2023-05-01T02:00,5.6,2.2,997.5,290.0,4.6
2023-05-01T03:00,5.6,1.7,997.6,300.0,5.7
2023-05-01T04:00,5.6,1.7,997.4,300.0,5.1
2023-05-01T05:00,6.1,1.7,997.2,290.0,7.2
2023-05-01T06:00,5.6,1.7,996.9,310.0,6.2
2023-05-01T07:00,5.6,1.1,996.5,290.0,8.2
2023-05-01T08:00,5.0,1.1,996.1,300.0,8.8
2023-05-01T09:00,5.0,1.7,995.8,300.0,6.7
2023-05-01T10:00,4.4,1.1,995.5,300.0,6.7
2023-05-01T11:00,5.0,0.6,995.3,290.0,5.7
2023-05-01T12:00,5.0,1.1,995.3,290.0,7.2
2023-05-01T13:00,5.6,1.7,995.2,290.0,8.8
2023-05-01T14:00,5.6,1.7,995.1,310.0,8.8
2023-05-01T15:00,5.6,1.7,995.3,310.0,8.2
2023-05-01T16:00,5.0,1.7,996.0,310.0,11.8
2023-05-01T17:00,5.0,1.7,996.6,300.0,10.8
2023-05-01T18:00,5.0,1.7,996.9,300.0,8.8
2023-05-01T19:00,5.6,2.8,997.4,300.0,7.2
2023-05-01T20:00,6.7,3.3,997.7,300.0,8.8
2023-05-01T21:00,7.2,3.9,997.7,280.0,6.2
2023-05-01T22:00,7.8,4.4,998.1,300.0,7.7
2023-05-01T23:00,8.3,4.4,998.3,300.0,7.2
2023-05-02T00:00,9.4,3.3,998.4,300.0,5.1
2023-05-02T01:00,10.0,2.2,998.9,310.0,10.3
2023-05-02T02:00,9.4,1.1,999.3,300.0,6.2
2023-05-02T03:00,8.9,1.1,999.6,300.0,6.2
2023-05-02T04:00,8.9,1.1,999.6,300.0,6.7
2023-05-02T05:00,8.3,0.6,999.7,310.0,6.2
2023-05-02T06:00,7.8,0.6,,310.0,6.7
2023-05-02T07:00,7.2,0.6,999.8,310.0,5.7
2023-05-02T08:00,6.7,0.0,999.6,320.0,8.2
2023-05-02T09:00,6.1,-0.6,1000.2,320.0,8.2
2023-05-02T10:00,5.6,-0.6,1000.7,310.0,5.7
2023-05-02T11:00,6.1,0.0,1001.0,310.0,6.2
2023-05-02T12:00,6.7,0.0,1001.4,310.0,6.2
2023-05-02T13:00,7.2,0.0,1001.6,310.0,7.2
2023-05-02T14:00,8.3,-0.6,1001.4,300.0,7.2
2023-05-02T15:00,9.4,-0.6,1001.3,300.0,9.3
2023-05-02T16:00,11.1,0.0,1001.3,280.0,7.2
2023-05-02T17:00,11.1,0.0,1001.3,290.0,8.2
2023-05-02T18:00,12.2,0.0,1001.3,310.0,7.2
2023-05-02T19:00,12.2,0.0,1001.6,310.0,9.3
2023-05-02T20:00,11.7,0.0,1002.3,330.0,5.7
2023-05-02T21:00,11.7,-0.6,1002.7,330.0,6.7
2023-05-02T22:00,11.7,-0.6,1003.4,310.0,7.2
2023-05-02T23:00,11.7,-0.6,1004.2,330.0,8.2
2023-05-03T00:00,11.1,0.6,1005.1,350.0,6.2
2023-05-03T01:00,10.0,0.0,1006.3,360.0,9.8
2023-05-03T02:00,9.4,-0.6,1007.4,340.0,6.7
2023-05-03T03:00,8.3,-1.7,1008.1,340.0,7.7
2023-05-03T04:00,7.8,-1.7,1008.5,330.0,6.2
2023-05-03T05:00,7.2,-1.7,1009.1,340.0,6.2
2023-05-03T06:00,6.1,-1.1,1009.3,340.0,5.7
2023-05-03T07:00,6.7,-0.6,1009.6,340.0,6.2
2023-05-03T08:00,5.6,-0.6,1009.8,330.0,4.6
2023-05-03T09:00,4.4,-0.6,1010.7,350.0,5.1
2023-05-03T10:00,3.3,-0.6,1011.2,340.0,3.1
2023-05-03T11:00,3.3,-0.6,1011.8,320.0,2.6
2023-05-03T12:00,3.9,0.0,1012.8,310.0,3.1
2023-05-03T13:00,5.6,0.6,1013.3,340.0,4.1
2023-05-03T14:00,6.7,0.6,1013.6,340.0,4.6
2023-05-03T15:00,8.3,1.1,1013.9,340.0,4.6
2023-05-03T16:00,10.0,1.7,1014.0,310.0,2.6
2023-05-03T17:00,11.7,1.7,1013.8,340.0,2.1
2023-05-03T18:00,12.8,1.1,1013.4,280.0,3.6
2023-05-03T19:00,14.4,1.1,1012.9,10.0,5.7
2023-05-03T20:00,15.0,3.3,1012.7,60.0,3.6
2023-05-03T21:00,14.4,3.9,1012.7,80.0,5.1
2023-05-03T22:00,13.3,3.3,1012.9,70.0,5.7
2023-05-03T23:00,12.8,2.8,1013.1,90.0,2.6
2023-05-04T00:00,11.1,2.8,1013.5,90.0,3.1
2023-05-04T01:00,9.4,2.2,1013.8,90.0,3.1
2023-05-04T02:00,9.4,2.2,1014.1,90.0,2.6
2023-05-04T03:00,8.9,2.2,1014.4,90.0,2.6
2023-05-04T04:00,8.9,2.2,1014.2,130.0,2.1
2023-05-04T05:00,8.3,2.2,1014.1,190.0,2.1
2023-05-04T06:00,8.3,2.2,1014.3,180.0,2.1
2023-05-04T07:00,7.2,2.2,1014.3,230.0,1.5
2023-05-04T08:00,7.2,2.2,1014.3,220.0,1.5
2023-05-04T09:00,6.1,2.2,1014.3,220.0,2.1
2023-05-04T10:00,6.1,1.7,1014.3,0.0,0.0
2023-05-04T11:00,6.1,1.7,1014.9,210.0,1.5
2023-05-04T12:00,7.2,2.2,1015.7,0.0,0.0
2023-05-04T13:00,10.0,2.2,1015.7,200.0,2.1
2023-05-04T14:00,12.8,1.1,1016.0,220.0,4.1
2023-05-04T15:00,15.0,1.1,1015.8,200.0,4.1
2023-05-04T16:00,16.7,2.2,1016.0,190.0,3.6
2023-05-04T17:00,18.3,1.1,1015.8,200.0,2.6
2023-05-04T18:00,18.9,1.1,1015.4,250.0,3.1
2023-05-04T19:00,20.6,2.2,1015.1,190.0,3.1
2023-05-04T20:00,21.1,1.7,1014.7,200.0,6.7
2023-05-04T21:00,21.7,1.7,1014.1,230.0,3.1
2023-05-04T22:00,21.7,1.7,1013.7,140.0,2.6
2023-05-04T23:00,21.7,1.1,1013.5,180.0,3.6
2023-05-05T00:00,18.9,2.8,1013.5,130.0,6.7
2023-05-05T01:00,16.1,2.2,1013.9,130.0,5.7
2023-05-05T02:00,15.0,2.8,1014.1,140.0,4.1
2023-05-05T03:00,15.6,3.3,1014.0,150.0,4.6
2023-05-05T04:00,16.1,2.2,1013.9,160.0,4.6
2023-05-05T05:00,16.1,2.8,1013.9,170.0,5.1
2023-05-05T06:00,15.6,2.8,1014.2,170.0,4.6
2023-05-05T07:00,15.0,3.3,1014.4,170.0,4.6
2023-05-05T08:00,14.4,3.3,1014.8,180.0,4.6
2023-05-05T09:00,13.9,3.3,1015.2,180.0,5.1
2023-05-05T10:00,13.3,3.3,1015.4,170.0,4.6
2023-05-05T11:00,13.3,3.3,1015.8,180.0,4.6
2023-05-05T12:00,13.9,3.9,1017.2,180.0,3.6
2023-05-05T13:00,15.0,4.4,1017.5,180.0,4.1
2023-05-05T14:00,17.8,3.9,1017.4,190.0,5.7
2023-05-05T15:00,20.0,3.9,1017.1,190.0,6.7
2023-05-05T16:00,21.1,3.9,1016.8,180.0,8.2
2023-05-05T17:00,22.8,4.4,1016.6,170.0,6.7
2023-05-05T18:00,23.9,3.3,1016.1,210.0,7.7
2023-05-05T19:00,24.4,3.3,1015.7,160.0,6.7
2023-05-05T20:00,24.4,2.8,1015.6,160.0,7.2
2023-05-05T21:00,25.0,2.8,1015.3,170.0,7.2
2023-05-05T22:00,25.0,2.2,1015.0,170.0,5.1
2023-05-05T23:00,24.4,2.2,1014.8,170.0,6.2
2023-05-06T00:00,23.9,2.8,1014.8,150.0,7.2
2023-05-06T01:00,22.8,3.3,1015.1,140.0,5.7
2023-05-06T02:00,21.7,4.4,1015.9,140.0,5.7
2023-05-06T03:00,21.1,4.4,1016.2,140.0,5.1
2023-05-06T04:00,20.6,4.4,1016.3,140.0,6.2
2023-05-06T05:00,20.0,4.4,1016.7,150.0,5.1
2023-05-06T06:00,19.4,5.0,1017.3,150.0,4.6
2023-05-06T07:00,18.9,5.0,1017.6,140.0,4.1
2023-05-06T08:00,17.8,5.6,1017.7,140.0,4.1
2023-05-06T09:00,17.8,5.6,1018.1,150.0,5.1
2023-05-06T10:00,16.1,7.8,1018.0,130.0,3.6
2023-05-06T11:00,15.0,8.3,1018.1,130.0,3.1
2023-05-06T12:00,15.0,8.3,1018.4,130.0,3.6
2023-05-06T13:00,15.6,8.9,1018.1,130.0,5.1
2023-05-06T14:00,16.1,8.9,1018.1,140.0,4.6
2023-05-06T15:00,17.2,8.9,1018.1,140.0,5.7
2023-05-06T16:00,16.7,10.6,1018.0,150.0,3.6
2023-05-06T17:00,17.2,11.7,1017.9,160.0,5.7
2023-05-06T18:00,17.8,12.2,1017.3,170.0,5.7
2023-05-06T19:00,20.6,12.8,1016.5,160.0,7.2
2023-05-06T20:00,22.8,12.8,1015.4,140.0,5.7
2023-05-06T21:00,24.4,12.8,1013.6,140.0,7.7
2023-05-06T22:00,24.4,12.8,1013.3,150.0,8.2
2023-05-06T23:00,25.0,12.8,1012.6,150.0,6.2
2023-05-07T00:00,25.0,12.8,1012.3,160.0,5.7
2023-05-07T01:00,23.9,13.9,1012.5,170.0,7.2
2023-05-07T02:00,23.3,14.4,1013.0,170.0,5.7
2023-05-07T03:00,22.8,14.4,1012.8,180.0,5.1
2023-05-07T04:00,21.7,15.0,1012.5,170.0,5.1
2023-05-07T05:00,21.1,15.0,1012.4,160.0,4.6
2023-05-07T06:00,21.1,15.0,1011.1,170.0,4.1
2023-05-07T07:00,20.6,15.0,1009.3,170.0,4.6
2023-05-07T08:00,20.0,15.6,1008.7,170.0,6.2
2023-05-07T09:00,20.0,15.6,1009.1,190.0,4.1
2023-05-07T10:00,19.4,15.6,1009.6,200.0,3.6
2023-05-07T11:00,19.4,15.6,1009.7,220.0,3.6
2023-05-07T12:00,18.9,15.0,1010.1,250.0,2.1
2023-05-07T13:00,21.1,15.6,1010.4,270.0,5.1
2023-05-07T14:00,23.9,15.6,1010.9,270.0,4.6
2023-05-07T15:00,24.4,16.7,1011.3,280.0,3.6
2023-05-07T16:00,26.1,17.2,1011.6,260.0,4.6
2023-05-07T17:00,27.2,16.7,1011.2,310.0,4.1
2023-05-07T18:00,28.9,13.9,1010.7,280.0,3.1
2023-05-07T19:00,30.0,8.9,1010.5,30.0,3.6
2023-05-07T20:00,26.7,16.7,1010.9,70.0,6.7
2023-05-07T21:00,25.0,16.1,1010.5,70.0,6.7
2023-05-07T22:00,23.3,15.0,1011.1,70.0,5.1
2023-05-07T23:00,21.7,14.4,1011.1,100.0,5.7
2023-05-08T00:00,19.4,13.3,1011.9,20.0,5.7
2023-05-08T01:00,16.1,11.7,1011.9,60.0,7.7
2023-05-08T02:00,14.4,10.6,1013.6,40.0,4.6
2023-05-08T03:00,15.0,11.7,1016.4,270.0,2.6
2023-05-08T04:00,16.1,13.3,1012.4,170.0,7.7
2023-05-08T05:00,17.8,13.3,1010.1,100.0,4.6
2023-05-08T06:00,15.6,13.3,1011.0,30.0,4.6
2023-05-08T07:00,12.8,10.6,1011.7,30.0,3.6
2023-05-08T08:00,11.7,9.4,1012.7,20.0,5.1
2023-05-08T09:00,11.1,8.9,1012.5,40.0,3.6
2023-05-08T10:00,11.1,8.9,1012.8,360.0,3.6
2023-05-08T11:00,10.6,8.3,1014.1,60.0,3.1
2023-05-08T12:00,10.6,8.3,1013.8,20.0,2.6
2023-05-08T13:00,10.6,8.3,1013.5,50.0,2.1
2023-05-08T14:00,11.7,8.3,1013.4,60.0,2.1
2023-05-08T15:00,11.7,9.4,1013.9,20.0,4.6
2023-05-08T16:00,11.7,9.4,1013.1,50.0,5.7
2023-05-08T17:00,11.7,10.0,1014.0,20.0,3.1
2023-05-08T18:00,11.7,10.0,1014.2,20.0,4.6
2023-05-08T19:00,12.8,10.6,1014.3,30.0,4.6
2023-05-08T20:00,12.8,11.1,1014.1,30.0,6.2
2023-05-08T21:00,12.2,10.6,1014.3,30.0,6.7
2023-05-08T22:00,11.7,9.4,1015.0,20.0,8.2
2023-05-08T23:00,11.7,9.4,1015.8,30.0,6.2
2023-05-09T00:00,11.1,8.9,1016.1,30.0,5.1
2023-05-09T01:00,11.7,9.4,1016.4,40.0,2.1
2023-05-09T02:00,10.6,8.9,,50.0,1.5
2023-05-09T03:00,11.1,8.9,1016.3,20.0,8.2
2023-05-09T04:00,11.1,8.9,1017.0,30.0,4.1
2023-05-09T05:00,10.6,8.3,1017.5,30.0,4.6
2023-05-09T06:00,11.1,7.8,1017.9,20.0,5.1
2023-05-09T07:00,10.6,7.8,1018.0,20.0,4.1
2023-05-09T08:00,9.4,7.2,1018.5,340.0,2.6
2023-05-09T09:00,9.4,7.2,1018.4,340.0,2.1
2023-05-09T10:00,8.9,7.2,,350.0,3.6
2023-05-09T11:00,8.9,6.7,1019.6,330.0,2.6
2023-05-09T12:00,9.4,7.8,1020.1,360.0,3.6
2023-05-09T13:00,12.2,10.6,1021.1,20.0,1.5
2023-05-09T14:00,14.4,9.4,1021.5,350.0,3.1
2023-05-09T15:00,16.7,8.3,1021.5,40.0,4.1
2023-05-09T16:00,17.2,8.3,1022.0,20.0,3.1
2023-05-09T17:00,18.9,8.3,1022.0,360.0,2.6
2023-05-09T18:00,20.0,7.2,1021.4,40.0,3.6
2023-05-09T19:00,20.6,6.7,1021.4,,3.1
2023-05-09T20:00,20.6,5.6,1021.3,30.0,4.1
2023-05-09T21:00,20.6,5.6,1020.7,80.0,3.6
2023-05-09T22:00,20.6,5.0,1020.5,60.0,3.1
2023-05-09T23:00,20.0,4.4,1020.4,70.0,3.1
2023-05-10T00:00,18.9,5.0,1020.4,90.0,3.1
2023-05-10T01:00,17.2,5.6,1020.6,80.0,2.6
2023-05-10T02:00,15.6,5.0,1021.2,100.0,2.1
2023-05-10T03:00,15.0,5.0,1021.1,100.0,1.5
2023-05-10T04:00,13.3,4.4,1021.1,120.0,2.6
2023-05-10T05:00,13.9,3.3,1021.3,0.0,0.0
2023-05-10T06:00,13.3,3.9,1021.7,90.0,1.5
2023-05-10T07:00,11.1,3.9,1022.1,90.0,1.5
2023-05-10T08:00,10.6,5.0,1021.7,360.0,1.5
2023-05-10T09:00,10.6,5.0,1021.5,20.0,2.1
2023-05-10T10:00,9.4,5.0,1021.3,20.0,1.5
2023-05-10T11:00,10.0,5.6,1022.0,0.0,0.0
2023-05-10T12:00,11.7,6.7,1022.6,0.0,0.0
2023-05-10T13:00,15.6,6.1,1022.6,110.0,2.1
2023-05-10T14:00,17.8,6.1,1022.8,160.0,2.1
2023-05-10T15:00,20.6,6.1,1022.6,,2.1
2023-05-10T16:00,22.2,5.0,1022.5,210.0,3.1
2023-05-10T17:00,23.3,6.1,1021.8,,3.1
2023-05-10T18:00,24.4,6.1,1021.1,190.0,3.6
2023-05-10T19:00,25.6,5.6,1020.6,110.0,2.1
2023-05-10T20:00,25.6,5.0,1020.1,170.0,2.6
2023-05-10T21:00,26.7,5.0,1019.6,,2.1
2023-05-10T22:00,26.7,5.0,1019.0,90.0,4.6
2023-05-10T23:00,25.0,5.6,1018.8,70.0,5.1
2023-05-11T00:00,22.8,5.0,1018.4,80.0,4.6
2023-05-11T01:00,20.6,4.4,1018.4,80.0,4.1
2023-05-11T02:00,18.3,5.0,1018.9,90.0,3.6
2023-05-11T03:00,16.7,5.6,1019.5,130.0,2.6
2023-05-11T04:00,15.6,5.0,1019.4,130.0,2.6
2023-05-11T05:00,16.1,5.0,1019.3,0.0,0.0
2023-05-11T06:00,14.4,5.6,1019.0,0.0,0.0
2023-05-11T07:00,13.9,6.1,1018.7,0.0,0.0
2023-05-11T08:00,13.9,6.1,1018.7,0.0,0.0
2023-05-11T09:00,13.3,6.1,1018.7,0.0,0.0
2023-05-11T10:00,12.8,6.7,1018.4,110.0,1.5
2023-05-11T11:00,13.9,6.7,1018.8,130.0,2.1
2023-05-11T12:00,15.6,7.8,1019.3,140.0,1.5
2023-05-11T13:00,18.9,7.2,1019.4,150.0,3.1
2023-05-11T14:00,21.7,7.2,1019.4,150.0,2.6
2023-05-11T15:00,23.9,6.7,1019.2,160.0,3.1
2023-05-11T16:00,25.6,6.1,1019.0,150.0,5.1
2023-05-11T17:00,26.1,4.4,1018.5,180.0,3.6
2023-05-11T18:00,27.2,4.4,1017.9,150.0,4.1
2023-05-11T19:00,27.8,3.3,1017.3,160.0,3.6
2023-05-11T20:00,28.9,3.3,1016.6,170.0,3.6
2023-05-11T21:00,28.9,4.4,1015.9,130.0,4.6
2023-05-11T22:00,27.8,4.4,1015.7,100.0,5.7
2023-05-11T23:00,26.7,4.4,1015.6,90.0,5.7
2023-05-12T00:00,25.0,4.4,1015.6,90.0,4.1
2023-05-12T01:00,22.2,5.0,1015.9,100.0,3.6
2023-05-12T02:00,20.6,5.6,1016.3,100.0,4.1
2023-05-12T03:00,20.0,5.6,1016.2,100.0,2.6
2023-05-12T04:00,20.0,5.6,1015.9,90.0,2.1
2023-05-12T05:00,20.0,6.1,1015.7,0.0,0.0
2023-05-12T06:00,19.4,6.7,1015.6,0.0,0.0
2023-05-12T07:00,18.9,8.3,1015.4,20.0,1.5
2023-05-12T08:00,18.9,8.9,1015.2,0.0,0.0
2023-05-12T09:00,20.0,8.3,1015.2,0.0,0.0
2023-05-12T10:00,20.6,8.3,1015.4,90.0,1.5
2023-05-12T11:00,20.0,8.9,1015.8,120.0,1.5
2023-05-12T12:00,20.6,8.9,1016.1,90.0,2.1
2023-05-12T13:00,21.1,10.6,1016.4,0.0,0.0
2023-05-12T14:00,21.1,11.7,1016.7,100.0,1.5
2023-05-12T15:00,20.0,16.1,1016.8,90.0,2.1
2023-05-12T16:00,21.7,16.1,1016.5,90.0,2.1
2023-05-12T17:00,24.4,18.3,1016.3,100.0,4.1
2023-05-12T18:00,25.0,16.7,1015.9,140.0,5.7
2023-05-12T19:00,23.3,16.7,1015.7,100.0,4.6
2023-05-12T20:00,23.9,17.2,1015.6,80.0,4.1
2023-05-12T21:00,22.8,16.7,1015.6,80.0,4.6
2023-05-12T22:00,22.2,16.7,1015.6,90.0,4.1
2023-05-12T23:00,20.6,15.0,1015.8,40.0,4.1
2023-05-13T00:00,18.9,15.0,1016.1,30.0,4.6
2023-05-13T01:00,18.3,15.0,1016.4,20.0,3.1
2023-05-13T02:00,17.2,15.0,1016.4,20.0,5.7
2023-05-13T03:00,15.6,11.7,1016.2,20.0,3.6
2023-05-13T04:00,15.6,10.6,1016.8,10.0,3.1
2023-05-13T05:00,15.0,10.6,1016.6,360.0,3.6
2023-05-13T06:00,13.9,10.6,1017.0,350.0,4.1
2023-05-13T07:00,13.9,11.1,1016.3,20.0,4.1
2023-05-13T08:00,13.9,11.1,1016.9,20.0,2.6
2023-05-13T09:00,13.9,10.0,1017.2,20.0,4.1
2023-05-13T10:00,13.9,10.0,1017.6,20.0,3.6
2023-05-13T11:00,13.9,10.0,1018.7,20.0,2.6
2023-05-13T12:00,13.9,10.0,1018.7,20.0,4.1
2023-05-13T13:00,15.0,10.6,1019.2,10.0,3.1
2023-05-13T14:00,15.6,11.1,1019.6,20.0,4.1
2023-05-13T15:00,15.6,11.7,1020.1,30.0,4.6
2023-05-13T16:00,17.2,12.8,1020.6,60.0,5.1
2023-05-13T17:00,17.2,12.8,1021.1,60.0,4.1
2023-05-13T18:00,17.8,12.8,1020.7,60.0,5.1
2023-05-13T19:00,18.3,12.2,1020.7,50.0,5.1
2023-05-13T20:00,18.3,11.7,1020.8,20.0,4.6
2023-05-13T21:00,20.0,10.6,1020.6,50.0,6.7
2023-05-13T22:00,19.4,10.0,1020.9,50.0,6.2
2023-05-13T23:00,18.9,10.6,1020.9,50.0,5.1
2023-05-14T00:00,17.2,10.0,1021.4,40.0,5.7
2023-05-14T01:00,15.6,9.4,1022.1,50.0,6.2
2023-05-14T02:00,13.9,8.3,1022.7,30.0,5.1
2023-05-14T03:00,13.9,8.3,1023.1,30.0,4.1
2023-05-14T04:00,14.4,8.3,1023.5,20.0,3.6
2023-05-14T05:00,15.0,7.8,1023.4,40.0,4.1
2023-05-14T06:00,15.0,7.8,1023.7,40.0,4.6
2023-05-14T07:00,14.4,7.8,1023.9,20.0,4.1
2023-05-14T08:00,13.9,7.8,1024.2,20.0,4.1
2023-05-14T09:00,14.4,7.8,1023.9,20.0,3.6
2023-05-14T10:00,14.4,7.8,1024.0,30.0,3.1
2023-05-14T11:00,15.0,7.8,1024.2,70.0,2.6
2023-05-14T12:00,16.7,7.2,1024.4,70.0,5.1
2023-05-14T13:00,16.7,6.1,1025.5,80.0,3.1
2023-05-14T14:00,16.7,5.6,1026.3,60.0,4.6
2023-05-14T15:00,16.7,3.9,1026.4,70.0,5.7
2023-05-14T16:00,16.7,3.9,1027.1,40.0,4.6
2023-05-14T17:00,16.7,5.0,1027.5,40.0,5.1
2023-05-14T18:00,15.6,5.0,1026.8,50.0,5.1
2023-05-14T19:00,15.6,4.4,1027.6,20.0,7.2
2023-05-14T20:00,15.0,5.6,1027.2,50.0,5.7
2023-05-14T21:00,13.3,6.7,1027.8,30.0,7.7
2023-05-14T22:00,12.8,7.2,1027.9,20.0,6.7
2023-05-14T23:00,12.2,7.2,1028.2,20.0,5.7
2023-05-15T00:00,12.2,6.1,1028.0,30.0,5.7
2023-05-15T01:00,11.7,5.6,1028.1,30.0,5.7
2023-05-15T02:00,11.7,5.0,1028.4,20.0,5.1
2023-05-15T03:00,11.7,4.4,1028.5,40.0,4.6
2023-05-15T04:00,11.7,3.9,1028.9,40.0,5.1
2023-05-15T05:00,12.2,2.2,1028.2,60.0,4.6
2023-05-15T06:00,11.7,2.8,1028.6,20.0,5.7
2023-05-15T07:00,11.1,2.8,1028.6,30.0,3.6
2023-05-15T08:00,11.7,0.6,1028.3,50.0,2.6
2023-05-15T09:00,11.1,1.1,1028.0,30.0,4.1
2023-05-15T10:00,11.1,0.6,1027.9,30.0,3.6
2023-05-15T11:00,10.6,0.0,1027.9,30.0,3.6
2023-05-15T12:00,10.6,0.6,1028.2,20.0,3.6
2023-05-15T13:00,11.7,1.7,1028.3,30.0,3.6
2023-05-15T14:00,13.3,2.2,1028.3,10.0,2.1
2023-05-15T15:00,15.6,3.3,1027.9,20.0,3.1
2023-05-15T16:00,17.2,3.9,1027.5,10.0,2.6
2023-05-15T17:00,18.9,3.3,1026.9,50.0,3.1
2023-05-15T18:00,18.9,2.8,1026.0,20.0,3.6
2023-05-15T19:00,19.4,2.2,1025.2,40.0,4.6
2023-05-15T20:00,18.9,-0.6,1024.5,50.0,3.6
2023-05-15T21:00,19.4,-2.2,1023.7,70.0,2.6
2023-05-15T22:00,19.4,-3.9,1022.8,10.0,3.6
2023-05-15T23:00,19.4,-3.9,1021.9,20.0,3.1
2023-05-16T00:00,17.8,-3.9,1021.4,30.0,2.1
2023-05-16T01:00,17.2,-3.9,1020.9,10.0,2.1
2023-05-16T02:00,15.6,-2.2,1020.4,100.0,2.1
2023-05-16T03:00,14.4,-1.7,1020.3,130.0,2.1
2023-05-16T04:00,13.3,0.0,1019.4,0.0,0.0
2023-05-16T05:00,12.2,1.1,1018.6,240.0,1.5
2023-05-16T06:00,11.1,1.7,1018.1,230.0,1.5
2023-05-16T07:00,11.7,1.7,1017.4,220.0,1.5
2023-05-16T08:00,11.7,2.2,1016.5,230.0,1.5
2023-05-16T09:00,11.7,2.8,1015.8,250.0,2.1
2023-05-16T10:00,12.2,2.8,1015.3,260.0,3.6
2023-05-16T11:00,12.2,2.8,1014.7,260.0,3.6
2023-05-16T12:00,13.9,3.3,1014.3,270.0,2.1
2023-05-16T13:00,15.6,3.9,1013.6,250.0,2.1
2023-05-16T14:00,17.2,5.6,1013.0,270.0,2.6
2023-05-16T15:00,20.6,6.1,1012.6,290.0,2.6
2023-05-16T16:00,22.8,6.7,1011.9,290.0,4.1
2023-05-16T17:00,23.3,5.0,1011.2,260.0,2.6
2023-05-16T18:00,25.0,3.9,1010.1,260.0,3.6
2023-05-16T19:00,26.1,4.4,1009.5,280.0,4.1
2023-05-16T20:00,26.7,4.4,1009.1,300.0,5.1
2023-05-16T21:00,27.2,4.4,1008.4,300.0,5.7
2023-05-16T22:00,27.2,4.4,1008.0,310.0,6.2
2023-05-16T23:00,18.9,6.1,1009.1,30.0,11.8
2023-05-17T00:00,15.0,5.6,1009.8,30.0,6.7
2023-05-17T01:00,13.9,6.1,1010.3,20.0,7.2
2023-05-17T02:00,12.8,6.1,1010.9,30.0,6.7
2023-05-17T03:00,11.7,5.0,1011.9,20.0,7.7
2023-05-17T04:00,11.1,3.3,1012.4,20.0,7.2
2023-05-17T05:00,11.1,2.2,1012.8,20.0,7.2
2023-05-17T06:00,10.6,1.7,1013.1,30.0,6.2
2023-05-17T07:00,9.4,2.2,1013.3,20.0,8.8
2023-05-17T08:00,8.9,2.2,1013.4,20.0,7.7
2023-05-17T09:00,8.3,2.2,1013.9,20.0,6.7
2023-05-17T10:00,7.8,2.2,1014.3,20.0,6.7
2023-05-17T11:00,7.8,2.2,1015.0,20.0,6.7
2023-05-17T12:00,8.3,3.3,1015.6,30.0,6.7
2023-05-17T13:00,9.4,3.9,1016.4,30.0,6.7
2023-05-17T14:00,11.1,4.4,1016.7,50.0,5.1
2023-05-17T15:00,12.2,4.4,1016.9,40.0,4.6
2023-05-17T16:00,13.9,5.0,1017.5,60.0,5.1
2023-05-17T17:00,14.4,5.0,1017.4,50.0,5.1
2023-05-17T18:00,16.1,4.4,1017.2,70.0,4.6
2023-05-17T19:00,15.6,3.3,1017.0,70.0,3.6
2023-05-17T20:00,15.6,3.3,1017.1,40.0,5.7
2023-05-17T21:00,15.6,3.3,1016.8,40.0,6.2
2023-05-17T22:00,15.0,3.3,1016.8,60.0,6.2
2023-05-17T23:00,13.9,3.3,1016.5,50.0,5.1
2023-05-18T00:00,13.0,3.0,1016.6,30.0,5.1
2023-05-18T01:00,10.6,2.8,1017.0,30.0,5.7
2023-05-18T02:00,8.9,2.8,1017.5,50.0,4.1
2023-05-18T03:00,8.3,1.7,1018.0,50.0,5.1
2023-05-18T04:00,7.8,1.7,1018.0,60.0,3.1
2023-05-18T05:00,7.8,2.2,1018.0,40.0,3.6
2023-05-18T06:00,7.2,2.2,1017.7,20.0,2.6
2023-05-18T07:00,7.2,1.7,1017.6,360.0,1.5
2023-05-18T08:00,7.2,1.7,1017.8,40.0,2.1
2023-05-18T09:00,8.3,2.8,1017.6,70.0,1.5
2023-05-18T10:00,7.8,2.8,1017.6,130.0,2.6
2023-05-18T11:00,9.4,1.7,1018.0,160.0,3.1
2023-05-18T12:00,10.0,0.0,1018.7,150.0,4.1
2023-05-18T13:00,11.7,-2.8,1018.8,150.0,4.6
2023-05-18T14:00,13.3,-2.2,1018.8,150.0,6.2
2023-05-18T15:00,15.6,-1.1,1018.7,150.0,5.1
2023-05-18T16:00,17.8,0.0,1018.7,130.0,4.6
2023-05-18T17:00,18.9,0.0,1018.3,150.0,4.6
2023-05-18T18:00,20.6,0.0,1017.8,160.0,4.1
2023-05-18T19:00,21.7,0.0,1017.0,180.0,3.1
2023-05-18T20:00,22.8,1.1,1016.2,170.0,2.6
2023-05-18T21:00,23.3,2.2,1015.5,160.0,3.6
2023-05-18T22:00,23.9,2.2,1015.0,150.0,3.6
2023-05-18T23:00,22.8,1.1,1014.6,100.0,5.1
2023-05-19T00:00,22.0,1.0,1014.1,110.0,5.1
2023-05-19T01:00,20.0,0.0,1013.8,110.0,4.1
2023-05-19T02:00,18.3,0.6,1013.8,130.0,3.1
2023-05-19T03:00,17.2,2.2,1013.8,160.0,3.1
2023-05-19T04:00,18.9,1.1,1013.6,180.0,4.1
2023-05-19T05:00,18.9,1.1,1013.4,180.0,3.6
2023-05-19T06:00,20.0,2.2,1012.9,180.0,5.1
2023-05-19T07:00,20.0,5.0,1012.4,190.0,5.7
2023-05-19T08:00,19.4,8.3,1012.0,200.0,5.7
2023-05-19T09:00,19.4,10.0,1011.9,200.0,4.6
2023-05-19T10:00,19.4,11.7,1011.8,210.0,4.6
2023-05-19T11:00,18.9,11.7,1012.7,240.0,4.1
2023-05-19T12:00,18.9,12.8,1013.0,230.0,3.6
2023-05-19T13:00,18.3,13.3,1012.9,210.0,2.6
2023-05-19T14:00,17.2,14.4,1013.2,190.0,4.1
2023-05-19T15:00,18.3,15.6,1013.3,220.0,3.6
2023-05-19T16:00,20.0,15.6,1013.4,230.0,4.1
2023-05-19T17:00,21.1,15.0,1013.3,260.0,3.6
2023-05-19T18:00,22.2,12.8,1013.3,300.0,4.6
2023-05-19T19:00,23.3,10.6,1013.2,260.0,4.1
2023-05-19T20:00,23.3,9.4,1013.2,,3.1
2023-05-19T21:00,22.8,8.3,1013.5,270.0,5.1
2023-05-19T22:00,22.2,8.3,1014.1,310.0,3.6
2023-05-19T23:00,18.9,9.4,1015.0,40.0,4.6
2023-05-20T00:00,18.9,6.7,1015.4,330.0,7.7
2023-05-20T01:00,17.2,5.0,1016.2,330.0,6.2
2023-05-20T02:00,16.1,5.0,1017.2,330.0,6.7
2023-05-20T03:00,15.0,4.4,1017.7,330.0,5.7
2023-05-20T04:00,13.9,3.9,1018.2,320.0,4.6
2023-05-20T05:00,12.8,4.4,1018.4,320.0,4.1
2023-05-20T06:00,12.2,4.4,1018.2,330.0,4.1
2023-05-20T07:00,11.7,4.4,1018.1,320.0,3.6
2023-05-20T08:00,11.1,4.4,1018.4,320.0,3.6
2023-05-20T09:00,10.0,5.0,1018.9,340.0,3.6
2023-05-20T10:00,8.9,4.4,1019.4,360.0,4.6
2023-05-20T11:00,8.9,5.0,1020.2,350.0,4.1
2023-05-20T12:00,10.0,5.6,1020.8,320.0,3.6
2023-05-20T13:00,12.2,6.1,1021.1,350.0,5.1
2023-05-20T14:00,13.3,6.1,1021.1,340.0,4.6
2023-05-20T15:00,15.0,6.1,1021.2,350.0,6.2
2023-05-20T16:00,16.1,6.1,1021.2,360.0,5.7
2023-05-20T17:00,17.8,6.7,1021.1,360.0,5.1
2023-05-20T18:00,18.9,6.1,1021.0,350.0,4.6
2023-05-20T19:00,18.9,6.7,1020.8,0.0,0.0
2023-05-20T20:00,20.6,6.7,1020.8,100.0,3.6
2023-05-20T21:00,20.6,3.9,1020.3,,1.5
2023-05-20T22:00,22.2,3.3,1020.0,360.0,2.6
2023-05-20T23:00,22.8,2.8,1019.7,,2.6
2023-05-21T00:00,20.6,5.0,1019.7,100.0,4.1
2023-05-21T01:00,19.4,4.4,1019.6,140.0,4.1
2023-05-21T02:00,17.8,3.9,1019.9,150.0,3.6
2023-05-21T03:00,17.2,4.4,1020.5,190.0,3.1
2023-05-21T04:00,16.1,3.9,1020.7,200.0,2.6
2023-05-21T05:00,15.6,4.4,1020.7,200.0,2.6
2023-05-21T06:00,15.0,5.6,1021.0,220.0,3.1
2023-05-21T07:00,14.4,5.6,1020.7,230.0,3.1
2023-05-21T08:00,14.4,5.6,1020.5,250.0,3.1
2023-05-21T09:00,13.3,5.6,1020.5,250.0,3.6
2023-05-21T10:00,12.2,5.6,1020.6,240.0,4.1
2023-05-21T11:00,12.2,5.6,1020.9,230.0,4.6
2023-05-21T12:00,13.3,6.1,1021.4,250.0,1.5
2023-05-21T13:00,16.1,6.7,1021.5,270.0,1.5
2023-05-21T14:00,19.4,6.1,1021.6,280.0,3.6
2023-05-21T15:00,22.2,5.6,1021.4,270.0,3.6
2023-05-21T16:00,23.9,4.4,1021.2,350.0,3.1
2023-05-21T17:00,24.4,4.4,1020.8,,2.6
2023-05-21T18:00,25.6,3.9,1020.2,270.0,4.6
2023-05-21T19:00,25.6,2.8,1019.7,,2.1
2023-05-21T20:00,26.7,3.3,1019.2,,2.6
2023-05-21T21:00,26.1,2.2,1018.7,240.0,1.5
2023-05-21T22:00,26.1,4.4,1018.3,70.0,5.1
2023-05-21T23:00,25.0,4.4,1018.2,90.0,4.6
2023-05-22T00:00,23.3,4.4,1018.4,100.0,4.6
2023-05-22T01:00,21.7,4.4,1018.6,100.0,3.6
2023-05-22T02:00,20.0,4.4,1019.0,90.0,3.1
2023-05-22T03:00,19.4,4.4,1019.5,90.0,2.1
2023-05-22T04:00,18.3,5.0,1019.4,0.0,0.0
2023-05-22T05:00,17.2,5.6,1019.5,0.0,0.0
2023-05-22T06:00,16.1,6.1,1019.6,0.0,0.0
2023-05-22T07:00,15.0,6.1,1019.3,0.0,0.0
2023-05-22T08:00,14.4,6.7,1019.3,0.0,0.0
2023-05-22T09:00,13.9,6.7,1019.3,0.0,0.0
2023-05-22T10:00,13.9,6.7,1019.5,0.0,0.0
2023-05-22T11:00,13.3,6.7,1019.9,0.0,0.0
2023-05-22T12:00,16.1,7.8,1020.3,0.0,0.0
2023-05-22T13:00,19.4,6.7,1020.7,0.0,0.0
2023-05-22T14:00,21.7,6.7,1020.7,170.0,1.5
2023-05-22T15:00,24.4,5.6,1020.6,150.0,2.1
2023-05-22T16:00,26.1,5.0,1020.4,,3.1
2023-05-22T17:00,26.1,4.4,1020.1,170.0,2.1
2023-05-22T18:00,27.2,4.4,1019.4,200.0,2.1
2023-05-22T19:00,28.3,5.0,1018.8,120.0,6.2
2023-05-22T20:00,27.8,4.4,1018.5,100.0,5.7
2023-05-22T21:00,26.7,3.3,1018.4,80.0,7.2
2023-05-22T22:00,26.1,3.3,1018.4,80.0,6.7
2023-05-22T23:00,25.6,2.8,1018.4,80.0,6.7
2023-05-23T00:00,24.4,3.3,1018.5,80.0,4.6
2023-05-23T01:00,22.2,3.9,1018.5,110.0,4.6
2023-05-23T02:00,21.7,3.9,1018.6,100.0,4.1
2023-05-23T03:00,20.6,3.9,1018.9,100.0,2.6
2023-05-23T04:00,18.9,4.4,1018.9,110.0,2.1
2023-05-23T05:00,17.2,5.0,1019.1,130.0,2.6
2023-05-23T06:00,17.2,5.6,1019.0,100.0,2.6
2023-05-23T07:00,16.7,6.1,1018.8,0.0,0.0
2023-05-23T08:00,15.6,6.7,1018.9,0.0,0.0
2023-05-23T09:00,15.0,6.7,1019.1,0.0,0.0
2023-05-23T10:00,16.1,6.7,1019.3,0.0,0.0
2023-05-23T11:00,15.0,7.2,1019.6,180.0,1.5
2023-05-23T12:00,16.7,8.3,1019.9,150.0,3.1
2023-05-23T13:00,19.4,7.8,1020.3,170.0,3.1
2023-05-23T14:00,21.1,8.3,1020.3,150.0,1.5
2023-05-23T15:00,23.9,7.8,1020.4,0.0,0.0
2023-05-23T16:00,27.2,8.3,1020.2,0.0,0.0
2023-05-23T17:00,28.3,5.0,1019.7,0.0,0.0
2023-05-23T18:00,28.9,5.6,1019.1,190.0,2.1
2023-05-23T19:00,28.9,5.0,1018.6,170.0,2.6
2023-05-23T20:00,28.3,4.4,1018.1,80.0,3.6
2023-05-23T21:00,28.9,5.0,1017.9,80.0,7.2
2023-05-23T22:00,28.3,3.9,1017.8,80.0,5.7
2023-05-23T23:00,27.2,4.4,1017.7,100.0,6.2
2023-05-24T00:00,26.0,4.0,1017.8,100.0,4.6
2023-05-24T01:00,24.4,4.4,1017.8,110.0,3.6
2023-05-24T02:00,22.8,4.4,1018.0,100.0,2.6
2023-05-24T03:00,21.1,5.6,1018.4,130.0,2.6
2023-05-24T04:00,20.6,6.1,1018.6,100.0,1.5
2023-05-24T05:00,19.4,5.6,1018.5,100.0,1.5
2023-05-24T06:00,16.7,6.7,1018.9,350.0,2.6
2023-05-24T07:00,17.2,7.2,1018.6,0.0,0.0
2023-05-24T08:00,16.7,7.2,1018.6,0.0,0.0
2023-05-24T09:00,16.1,7.8,1018.8,320.0,1.5
2023-05-24T10:00,15.6,7.2,1018.9,350.0,2.6
2023-05-24T11:00,16.7,7.8,1019.2,330.0,1.5
2023-05-24T12:00,18.3,9.4,1019.8,350.0,1.5
2023-05-24T13:00,18.9,8.3,1021.0,20.0,6.2
2023-05-24T14:00,16.7,8.3,1022.3,30.0,6.7
2023-05-24T15:00,17.2,7.8,1022.7,30.0,6.7
2023-05-24T16:00,18.3,8.3,1023.0,30.0,6.7
2023-05-24T17:00,18.3,8.9,1023.2,40.0,8.8
2023-05-24T18:00,18.9,9.4,1023.2,40.0,7.2
2023-05-24T19:00,19.4,10.0,1022.8,50.0,7.7
2023-05-24T20:00,17.8,9.4,1022.7,40.0,9.3
2023-05-24T21:00,17.8,9.4,1022.6,40.0,8.8
2023-05-24T22:00,16.7,8.3,1022.5,30.0,9.8
2023-05-24T23:00,15.6,6.1,1022.5,20.0,8.8
2023-05-25T00:00,13.9,5.0,1022.4,30.0,8.8
2023-05-25T01:00,12.8,4.4,1022.4,20.0,7.2
2023-05-25T02:00,11.7,5.0,1022.5,30.0,6.2
2023-05-25T03:00,11.1,5.0,1023.0,30.0,6.2
2023-05-25T04:00,11.1,5.0,1023.3,30.0,6.2
2023-05-25T05:00,11.1,4.4,1023.6,50.0,6.2
2023-05-25T06:00,11.7,2.8,1024.0,60.0,4.6
2023-05-25T07:00,12.2,-5.6,1024.2,70.0,6.2
2023-05-25T08:00,11.1,-1.7,1024.3,70.0,6.2
2023-05-25T09:00,10.0,0.6,1024.5,70.0,6.2
2023-05-25T10:00,9.4,0.0,1024.8,70.0,4.6
2023-05-25T11:00,9.4,-0.6,1025.2,80.0,5.7
2023-05-25T12:00,10.0,-0.6,1026.0,50.0,6.2
2023-05-25T13:00,10.0,0.0,1026.5,50.0,5.1
2023-05-25T14:00,10.6,-0.6,1026.6,70.0,4.1
2023-05-25T15:00,11.7,0.0,1026.5,80.0,4.6
2023-05-25T16:00,13.3,1.1,1026.8,50.0,4.1
2023-05-25T17:00,15.0,1.7,1027.0,50.0,5.7
2023-05-25T18:00,15.0,1.7,1026.6,20.0,5.7
2023-05-25T19:00,15.0,1.7,1026.4,20.0,6.7
2023-05-25T20:00,15.6,1.7,1026.1,50.0,6.2
2023-05-25T21:00,15.6,0.0,1025.5,50.0,5.1
2023-05-25T22:00,16.1,1.1,1025.2,20.0,6.2
2023-05-25T23:00,15.0,1.1,1024.8,40.0,6.7
2023-05-26T00:00,12.8,1.1,1025.0,50.0,5.7
2023-05-26T01:00,11.1,0.6,1025.3,30.0,6.7
2023-05-26T02:00,10.0,0.6,1025.5,30.0,5.1
2023-05-26T03:00,10.0,1.1,1025.7,20.0,3.6
2023-05-26T04:00,9.4,1.1,1025.7,20.0,3.6
2023-05-26T05:00,8.3,1.1,1025.6,350.0,3.6
2023-05-26T06:00,8.3,1.7,1025.6,20.0,3.1
2023-05-26T07:00,9.4,2.8,1025.5,30.0,3.1
2023-05-26T08:00,8.9,2.8,1025.7,20.0,3.1
2023-05-26T09:00,9.4,3.3,1026.2,40.0,3.1
2023-05-26T10:00,9.4,3.3,1026.5,50.0,2.6
2023-05-26T11:00,8.9,3.9,1027.2,30.0,2.6
2023-05-26T12:00,10.0,5.0,1028.0,350.0,2.6
2023-05-26T13:00,12.8,6.1,1028.4,340.0,3.1
2023-05-26T14:00,16.1,5.0,1028.4,30.0,2.1
2023-05-26T15:00,18.3,2.8,1028.3,,3.1
2023-05-26T16:00,18.9,1.1,1028.1,100.0,3.6
2023-05-26T17:00,19.4,0.6,1028.2,30.0,5.1
2023-05-26T18:00,20.0,0.0,1027.7,30.0,4.6
2023-05-26T19:00,20.6,-0.6,1027.4,30.0,5.1
2023-05-26T20:00,20.0,-1.1,1026.9,60.0,4.6
2023-05-26T21:00,20.6,-1.1,1026.1,50.0,4.6
2023-05-26T22:00,21.1,-1.7,1025.7,40.0,4.6
2023-05-26T23:00,20.6,-1.7,1025.3,40.0,4.1
2023-05-27T00:00,19.4,-2.2,1025.0,60.0,4.1
2023-05-27T01:00,16.7,-3.3,1025.1,20.0,5.1
2023-05-27T02:00,15.6,-3.9,1025.1,30.0,3.6
2023-05-27T03:00,13.3,-3.9,1025.8,50.0,4.6
2023-05-27T04:00,12.2,-4.4,1025.8,30.0,3.1
2023-05-27T05:00,11.7,-3.3,1025.5,20.0,2.6
2023-05-27T06:00,11.7,-1.7,1025.6,50.0,2.1
2023-05-27T07:00,10.6,-0.6,1025.4,360.0,2.1
2023-05-27T08:00,10.6,0.0,1025.1,10.0,2.6
2023-05-27T09:00,9.4,0.6,1025.2,10.0,2.1
2023-05-27T10:00,8.3,1.7,1025.5,360.0,2.6
2023-05-27T11:00,8.9,2.8,1026.1,360.0,2.6
2023-05-27T12:00,12.2,4.4,1026.7,360.0,2.6
2023-05-27T13:00,16.1,5.0,1026.7,30.0,2.1
2023-05-27T14:00,18.9,4.4,1026.6,80.0,2.6
2023-05-27T15:00,21.1,3.3,1026.1,80.0,3.1
2023-05-27T16:00,22.2,2.2,1025.7,70.0,3.6
2023-05-27T17:00,22.2,0.0,1025.5,90.0,5.7
2023-05-27T18:00,22.2,-1.1,1024.9,80.0,6.2
2023-05-27T19:00,22.2,0.6,1024.4,50.0,4.6
2023-05-27T20:00,22.2,1.1,1024.2,60.0,5.7
2023-05-27T21:00,21.7,1.7,1023.7,50.0,4.6
2023-05-27T22:00,22.2,2.2,1023.3,70.0,4.6
2023-05-27T23:00,22.2,2.8,1023.0,50.0,5.1
2023-05-28T00:00,21.1,2.8,1022.6,60.0,4.1
2023-05-28T01:00,18.9,1.7,1022.8,40.0,3.6
2023-05-28T02:00,17.2,2.2,1022.7,60.0,2.6
2023-05-28T03:00,16.1,2.8,1023.0,80.0,3.1
2023-05-28T04:00,15.0,3.3,1022.8,90.0,1.5
2023-05-28T05:00,14.4,3.3,1022.7,90.0,2.6
2023-05-28T06:00,15.0,3.3,1022.1,80.0,2.1
2023-05-28T07:00,14.4,3.9,1021.4,40.0,2.1
2023-05-28T08:00,14.4,3.9,1020.9,40.0,2.1
2023-05-28T09:00,13.9,4.4,1020.9,10.0,3.1
2023-05-28T10:00,12.2,5.0,1021.1,360.0,3.1
2023-05-28T11:00,12.8,5.6,1021.4,350.0,2.6
2023-05-28T12:00,14.4,5.6,1021.6,10.0,2.6
2023-05-28T13:00,16.1,6.7,1021.7,10.0,2.1
2023-05-28T14:00,20.0,7.2,1021.3,30.0,3.1
2023-05-28T15:00,22.8,7.8,1021.2,20.0,3.1
2023-05-28T16:00,24.4,7.2,1020.8,40.0,3.6
2023-05-28T17:00,26.1,5.6,1020.4,80.0,5.1
2023-05-28T18:00,26.1,4.4,1019.9,50.0,7.2
2023-05-28T19:00,26.1,0.0,1019.6,40.0,5.7
2023-05-28T20:00,25.6,-0.6,1019.3,60.0,4.6
2023-05-28T21:00,25.0,-3.3,1018.8,30.0,6.2
2023-05-28T22:00,25.0,-1.1,1018.0,60.0,5.1
2023-05-28T23:00,23.9,-0.6,1017.4,40.0,5.1
2023-05-29T00:00,23.3,0.0,1017.2,50.0,4.1
2023-05-29T01:00,21.7,1.7,1017.2,50.0,3.1
2023-05-29T02:00,19.4,1.1,1017.5,20.0,4.1
2023-05-29T03:00,17.2,3.9,1018.0,50.0,4.6
2023-05-29T04:00,15.6,5.6,1018.0,40.0,3.1
2023-05-29T05:00,14.4,5.6,1017.4,20.0,2.6
2023-05-29T06:00,13.3,5.6,1017.2,350.0,2.1
2023-05-29T07:00,12.8,5.6,1016.9,350.0,2.6
2023-05-29T08:00,13.3,5.6,1016.6,350.0,1.5
2023-05-29T09:00,12.8,5.6,1016.6,350.0,2.6
2023-05-29T10:00,12.2,5.6,1016.7,350.0,2.6
2023-05-29T11:00,12.2,6.1,1017.2,360.0,1.5
2023-05-29T12:00,15.0,6.1,1017.4,10.0,2.6
2023-05-29T13:00,18.9,6.7,1017.3,10.0,2.6
2023-05-29T14:00,23.3,6.7,1017.3,70.0,2.6
2023-05-29T15:00,25.0,7.8,1017.1,80.0,2.1
2023-05-29T16:00,27.8,6.7,1016.6,,3.1
2023-05-29T17:00,28.3,5.0,1016.5,100.0,3.6
2023-05-29T18:00,27.8,5.0,1016.3,100.0,4.1
2023-05-29T19:00,28.9,5.6,1016.0,80.0,4.6
2023-05-29T20:00,28.3,5.0,1015.5,70.0,4.6
2023-05-29T21:00,28.3,5.0,1015.2,70.0,5.1
2023-05-29T22:00,28.3,5.0,1014.8,70.0,4.6
2023-05-29T23:00,27.2,4.4,1014.6,70.0,4.1
2023-05-30T00:00,26.1,4.4,1014.3,60.0,4.6
2023-05-30T01:00,25.0,3.9,1014.4,60.0,3.1
2023-05-30T02:00,22.8,4.4,1014.5,100.0,2.6
2023-05-30T03:00,21.7,5.0,1015.1,100.0,2.6
2023-05-30T04:00,20.6,4.4,1015.0,90.0,2.6
2023-05-30T05:00,18.9,5.0,1015.0,110.0,1.5
2023-05-30T06:00,18.9,5.0,1015.0,80.0,2.1
2023-05-30T07:00,18.3,6.1,1014.6,80.0,2.1
2023-05-30T08:00,17.8,6.7,1014.5,50.0,2.1
2023-05-30T09:00,16.1,7.2,1014.7,350.0,1.5
2023-05-30T10:00,15.6,7.2,1014.6,360.0,1.5
2023-05-30T11:00,16.1,7.8,1014.9,20.0,1.5
2023-05-30T12:00,17.2,8.3,1015.7,10.0,2.1
2023-05-30T13:00,22.2,8.3,1015.6,60.0,1.5
2023-05-30T14:00,24.4,9.4,1015.8,90.0,1.5
2023-05-30T15:00,27.2,10.0,1015.7,40.0,2.1
2023-05-30T16:00,29.4,10.6,1015.5,,3.1
2023-05-30T17:00,30.6,10.6,1015.1,90.0,3.6
2023-05-30T18:00,31.1,9.4,1014.6,100.0,4.1
2023-05-30T19:00,31.7,11.1,1014.1,100.0,4.6
2023-05-30T20:00,31.7,10.0,1013.5,60.0,4.6
2023-05-30T21:00,32.2,10.0,1013.3,80.0,6.7
2023-05-30T22:00,31.1,10.0,1012.9,80.0,5.7
2023-05-30T23:00,30.0,10.6,1012.9,60.0,4.6
2023-05-31T00:00,28.3,9.4,1012.8,80.0,3.6
2023-05-31T01:00,26.1,8.9,1013.0,60.0,3.1
2023-05-31T02:00,24.4,8.9,1013.3,90.0,3.6
2023-05-31T03:00,23.9,8.9,1014.0,70.0,3.1
2023-05-31T04:00,23.3,8.9,1014.2,80.0,2.6
2023-05-31T05:00,22.8,8.9,1014.1,90.0,2.1
2023-05-31T06:00,22.2,9.4,1013.6,100.0,2.1
2023-05-31T07:00,22.2,10.0,1013.3,90.0,2.1
2023-05-31T08:00,21.1,10.6,1013.2,140.0,1.5
2023-05-31T09:00,21.1,12.2,1013.6,130.0,3.1
2023-05-31T10:00,21.7,13.9,1014.3,160.0,3.1
2023-05-31T11:00,22.2,15.0,1014.8,170.0,3.1
2023-05-31T12:00,23.9,16.1,1015.3,170.0,3.1
2023-05-31T13:00,24.4,16.7,1015.4,170.0,2.6
2023-05-31T14:00,27.2,17.2,1015.3,170.0,4.6
2023-05-31T15:00,28.3,17.2,1015.5,200.0,4.1
2023-05-31T16:00,30.6,16.7,1015.6,170.0,5.1
2023-05-31T17:00,30.6,16.7,1015.5,190.0,4.6
2023-05-31T18:00,31.1,16.7,1015.0,170.0,3.1
2023-05-31T19:00,32.2,17.2,1014.4,,2.6
2023-05-31T20:00,23.3,17.8,1015.2,250.0,6.7
2023-05-31T21:00,25.0,21.7,1014.5,260.0,1.5
2023-05-31T22:00,27.8,17.2,1014.6,110.0,2.6
2023-05-31T23:00,28.9,17.8,1014.2,100.0,1.5
2023-06-01T00:00,28.9,16.1,1013.9,0.0,0.0
2023-06-01T01:00,27.2,16.7,1014.2,170.0,1.5
2023-06-01T02:00,25.6,16.1,1014.4,0.0,0.0
2023-06-01T03:00,24.4,16.7,1015.0,120.0,2.1
2023-06-01T04:00,24.4,16.7,1015.0,120.0,2.1
2023-06-01T05:00,23.3,17.2,1015.2,0.0,0.0
2023-06-01T06:00,22.2,17.2,1015.4,0.0,0.0
2023-06-01T07:00,21.7,17.2,1015.4,0.0,0.0
2023-06-01T08:00,21.7,16.1,1015.5,130.0,1.5
2023-06-01T09:00,21.1,16.1,1015.8,0.0,0.0
2023-06-01T10:00,20.6,16.1,1016.2,110.0,2.1
2023-06-01T11:00,20.6,16.1,1016.8,0.0,0.0
2023-06-01T12:00,21.1,16.7,1017.3,140.0,2.1
2023-06-01T13:00,23.9,16.7,1017.6,150.0,3.1
2023-06-01T14:00,25.0,17.2,1017.8,190.0,2.1
2023-06-01T15:00,27.8,17.8,1017.6,160.0,2.1
2023-06-01T16:00,29.4,16.7,1017.8,,1.5
2023-06-01T17:00,31.1,15.6,1017.5,130.0,1.5
2023-06-01T18:00,32.2,16.7,1017.0,150.0,4.1
2023-06-01T19:00,31.1,16.7,1016.3,140.0,3.6
2023-06-01T20:00,31.1,15.6,,0.0,0.0
2023-06-01T21:00,26.1,17.2,,250.0,3.6
2023-06-01T22:00,25.0,17.8,1016.7,220.0,3.1
2023-06-01T23:00,27.2,18.3,1016.4,160.0,1.5
2023-06-02T00:00,26.1,18.3,1016.0,310.0,2.6
2023-06-02T01:00,25.0,18.9,1016.3,270.0,1.5
2023-06-02T02:00,23.9,18.3,1016.9,260.0,2.1
2023-06-02T03:00,23.9,17.2,1017.3,20.0,4.1
2023-06-02T04:00,22.8,16.1,1017.7,20.0,2.6
2023-06-02T05:00,21.1,16.1,1017.6,10.0,2.1
2023-06-02T06:00,21.1,16.1,1017.5,30.0,2.1
2023-06-02T07:00,21.1,15.6,1017.5,60.0,2.1
2023-06-02T08:00,20.6,16.1,1017.4,0.0,0.0
2023-06-02T09:00,19.4,15.6,1017.4,350.0,2.1
2023-06-02T10:00,19.4,15.6,1017.5,20.0,3.1
2023-06-02T11:00,19.4,15.6,1017.9,30.0,2.1
2023-06-02T12:00,21.1,15.6,1018.0,40.0,1.5
2023-06-02T13:00,23.3,15.6,1018.2,80.0,2.6
2023-06-02T14:00,26.1,15.0,1018.2,0.0,0.0
2023-06-02T15:00,28.3,13.3,1018.2,80.0,2.1
2023-06-02T16:00,30.6,11.7,1017.9,80.0,2.6
2023-06-02T17:00,31.7,10.6,1017.6,60.0,3.1
2023-06-02T18:00,32.2,8.9,1017.1,80.0,4.6
2023-06-02T19:00,32.2,9.4,1016.9,80.0,5.7
2023-06-02T20:00,31.7,10.0,1016.3,100.0,5.7
2023-06-02T21:00,31.7,10.0,1015.6,80.0,5.1
2023-06-02T22:00,31.1,10.6,1015.3,40.0,5.1
2023-06-02T23:00,30.6,10.0,1014.9,40.0,5.1
2023-06-03T00:00,29.4,8.3,1014.9,60.0,4.6
2023-06-03T01:00,27.8,8.9,1015.1,50.0,4.1
2023-06-03T02:00,25.0,8.9,1015.6,50.0,3.1
2023-06-03T03:00,23.9,10.0,1016.2,30.0,4.6
2023-06-03T04:00,23.3,11.1,1016.3,60.0,3.6
2023-06-03T05:00,22.2,10.6,1016.3,50.0,5.1
2023-06-03T06:00,21.1,13.9,1016.2,40.0,3.6
2023-06-03T07:00,20.0,13.9,1015.8,20.0,2.6
2023-06-03T08:00,17.8,13.9,1015.6,10.0,2.1
2023-06-03T09:00,18.3,13.3,1015.6,360.0,2.6
2023-06-03T10:00,17.8,13.3,1015.9,10.0,2.6
2023-06-03T11:00,18.9,13.3,1016.2,10.0,2.1
2023-06-03T12:00,20.0,13.9,1016.5,10.0,2.6
2023-06-03T13:00,22.2,14.4,1016.7,20.0,3.6
2023-06-03T14:00,24.4,15.0,1016.9,20.0,2.1
2023-06-03T15:00,27.2,15.6,1016.9,20.0,2.6
2023-06-03T16:00,28.3,15.0,1016.9,10.0,3.6
2023-06-03T17:00,30.0,13.9,1016.7,,3.1
2023-06-03T18:00,30.6,11.7,1016.5,30.0,5.1
2023-06-03T19:00,30.0,11.1,1016.4,40.0,6.7
2023-06-03T20:00,30.0,10.0,1016.1,20.0,7.2
2023-06-03T21:00,29.4,10.0,1015.7,50.0,7.7
2023-06-03T22:00,28.3,12.8,1015.6,40.0,7.7
2023-06-03T23:00,27.2,13.9,1015.6,20.0,7.7
2023-06-04T00:00,26.1,13.3,1015.5,30.0,7.2
2023-06-04T01:00,24.4,13.3,1015.7,30.0,6.2
2023-06-04T02:00,23.3,13.3,1015.4,20.0,5.7
2023-06-04T03:00,22.8,13.9,1015.6,20.0,4.1
2023-06-04T04:00,22.2,13.9,1015.7,30.0,4.6
2023-06-04T05:00,21.1,13.9,1015.9,20.0,5.1
2023-06-04T06:00,20.0,13.9,1016.0,30.0,3.1
2023-06-04T07:00,20.0,13.3,1015.9,50.0,2.6
2023-06-04T08:00,20.0,12.8,1015.9,40.0,2.6
2023-06-04T09:00,19.4,12.8,1016.1,20.0,3.1
2023-06-04T10:00,20.0,13.3,1016.2,60.0,2.1
2023-06-04T11:00,20.0,12.8,1016.5,70.0,2.1
2023-06-04T12:00,20.6,10.6,1017.1,60.0,4.1
2023-06-04T13:00,21.7,8.9,1017.6,70.0,4.6
2023-06-04T14:00,22.2,8.9,1018.0,70.0,5.1
2023-06-04T15:00,23.3,8.3,1018.5,60.0,5.1
2023-06-04T16:00,23.9,8.3,1018.7,80.0,5.7
2023-06-04T17:00,23.9,7.2,1018.7,70.0,4.1
2023-06-04T18:00,23.9,6.7,1018.3,50.0,5.7
2023-06-04T19:00,25.0,5.0,1017.9,40.0,5.1
2023-06-04T20:00,24.4,3.9,1017.7,30.0,5.7
2023-06-04T21:00,24.4,1.7,1017.2,40.0,5.1
2023-06-04T22:00,23.9,1.7,1016.9,50.0,5.7
2023-06-04T23:00,23.9,3.9,1016.5,30.0,5.1
2023-06-05T00:00,22.2,3.9,1016.6,20.0,5.7
2023-06-05T01:00,21.1,5.0,1016.7,30.0,4.1
2023-06-05T02:00,18.9,5.6,1017.3,30.0,4.6
2023-06-05T03:00,17.8,6.7,1017.7,20.0,3.6
2023-06-05T04:00,16.7,7.8,1017.8,10.0,2.1
2023-06-05T05:00,16.7,7.8,1017.8,20.0,2.6
2023-06-05T06:00,15.0,8.0,1017.4,20.0,2.1
2023-06-05T07:00,15.0,8.3,1017.2,350.0,2.1
2023-06-05T08:00,15.0,8.3,1017.3,10.0,1.5
2023-06-05T09:00,15.0,8.3,1017.4,0.0,0.0
2023-06-05T10:00,14.4,8.9,1017.6,10.0,1.5
2023-06-05T11:00,14.4,8.9,1018.0,340.0,1.5
2023-06-05T12:00,15.6,10.6,1018.4,340.0,1.5
2023-06-05T13:00,18.9,11.7,1018.6,0.0,0.0
2023-06-05T14:00,20.6,10.0,1018.6,0.0,0.0
2023-06-05T15:00,21.7,6.1,1018.6,0.0,0.0
2023-06-05T16:00,23.3,8.3,1018.3,280.0,1.5
2023-06-05T17:00,25.6,7.2,1017.8,0.0,0.0
2023-06-05T18:00,28.9,7.8,1017.4,10.0,2.1
2023-06-05T19:00,28.9,6.7,1017.0,50.0,4.6
2023-06-05T20:00,28.3,7.2,1016.8,50.0,5.7
2023-06-05T21:00,28.3,7.2,1016.5,60.0,4.1
2023-06-05T22:00,28.3,6.1,1016.1,50.0,2.1
2023-06-05T23:00,27.2,6.7,1015.9,80.0,4.1
2023-06-06T00:00,26.1,6.1,1015.7,90.0,2.6
2023-06-06T01:00,24.4,6.1,1015.5,100.0,3.1
2023-06-06T02:00,23.3,5.6,1015.4,100.0,2.6
2023-06-06T03:00,22.8,6.1,1015.8,100.0,2.1
2023-06-06T04:00,21.1,8.3,1016.1,0.0,0.0
2023-06-06T05:00,19.4,8.9,1015.9,0.0,0.0
2023-06-06T06:00,20.0,9.4,1015.7,0.0,0.0
2023-06-06T07:00,19.4,9.4,1015.7,360.0,1.5
2023-06-06T08:00,19.4,10.0,1015.5,260.0,1.5
2023-06-06T09:00,19.4,10.0,1015.5,0.0,0.0
2023-06-06T10:00,18.9,9.4,1015.1,0.0,0.0
2023-06-06T11:00,19.4,9.4,1015.1,310.0,1.5
2023-06-06T12:00,20.0,10.6,1015.0,10.0,2.1
2023-06-06T13:00,20.6,12.8,1014.8,10.0,2.1
2023-06-06T14:00,22.2,13.9,1014.7,10.0,3.1
2023-06-06T15:00,23.9,14.4,1014.2,40.0,2.6
2023-06-06T16:00,23.9,14.4,1014.0,40.0,4.1
2023-06-06T17:00,21.1,13.9,1014.6,30.0,7.7
2023-06-06T18:00,20.6,13.9,1014.1,30.0,3.6
2023-06-06T19:00,20.0,14.4,1013.9,40.0,5.1
2023-06-06T20:00,21.1,15.6,1013.4,20.0,4.1
2023-06-06T21:00,23.9,15.6,1012.7,50.0,3.1
2023-06-06T22:00,23.3,15.0,1012.6,40.0,6.2
2023-06-06T23:00,20.0,11.7,1012.7,30.0,7.2
2023-06-07T00:00,19.4,9.4,1012.5,40.0,5.1
2023-06-07T01:00,17.8,8.9,1012.5,40.0,5.7
2023-06-07T02:00,17.2,8.3,1012.8,10.0,4.6
2023-06-07T03:00,16.7,6.7,1012.9,10.0,4.1
2023-06-07T04:00,16.7,3.9,1012.8,10.0,4.1
2023-06-07T05:00,16.7,2.8,1012.4,10.0,4.6
2023-06-07T06:00,16.1,6.1,1012.2,360.0,5.7
2023-06-07T07:00,16.1,8.3,1011.6,360.0,4.6
2023-06-07T08:00,15.6,10.0,1011.8,40.0,4.6
2023-06-07T09:00,15.6,10.6,1011.8,30.0,4.1
2023-06-07T10:00,15.0,10.6,1012.1,20.0,3.1
2023-06-07T11:00,13.9,10.6,1012.5,350.0,3.1
2023-06-07T12:00,16.1,11.1,1012.5,30.0,4.1
2023-06-07T13:00,17.8,11.7,1012.8,10.0,4.1
2023-06-07T14:00,19.4,11.1,1012.7,60.0,3.1
2023-06-07T15:00,21.1,9.4,1012.6,30.0,4.1
2023-06-07T16:00,21.1,10.0,1012.5,30.0,4.1
2023-06-07T17:00,22.2,8.9,1012.3,40.0,4.1
2023-06-07T18:00,23.3,7.2,1012.1,40.0,5.7
2023-06-07T19:00,23.3,6.7,1011.7,60.0,5.1
2023-06-07T20:00,23.3,8.3,1011.4,40.0,5.1
2023-06-07T21:00,22.8,8.3,1011.2,40.0,5.7
2023-06-07T22:00,21.7,5.0,1011.0,40.0,8.8
2023-06-07T23:00,20.6,3.3,1011.1,30.0,8.8
2023-06-08T00:00,18.3,4.4,1011.5,40.0,7.2
2023-06-08T01:00,17.2,2.2,1011.6,10.0,6.2
2023-06-08T02:00,16.7,1.7,1011.6,20.0,6.7
2023-06-08T03:00,15.6,1.1,1011.9,360.0,4.6
2023-06-08T04:00,13.9,1.7,1011.8,350.0,4.1
2023-06-08T05:00,13.3,3.9,1011.7,360.0,3.1
2023-06-08T06:00,13.3,5.0,1011.6,340.0,3.1
2023-06-08T07:00,12.8,5.6,1011.3,340.0,2.6
2023-06-08T08:00,12.8,6.1,1011.3,330.0,3.1
2023-06-08T09:00,11.1,6.7,1011.6,360.0,3.6
2023-06-08T10:00,11.7,7.2,1012.1,360.0,3.6
2023-06-08T11:00,12.2,7.8,1012.6,10.0,3.1
2023-06-08T12:00,13.9,8.9,1013.0,20.0,3.1
2023-06-08T13:00,16.1,9.4,1013.0,20.0,3.6
2023-06-08T14:00,17.8,8.9,1013.3,20.0,3.6
2023-06-08T15:00,20.0,6.7,1013.4,50.0,2.6
2023-06-08T16:00,21.1,6.1,1013.3,20.0,3.6
2023-06-08T17:00,22.2,5.0,1013.2,,3.1
2023-06-08T18:00,22.2,3.9,1013.0,40.0,6.2
2023-06-08T19:00,23.3,3.3,1012.8,70.0,4.1
2023-06-08T20:00,23.3,2.8,1012.6,20.0,4.6
2023-06-08T21:00,23.3,3.3,1012.4,40.0,5.7
2023-06-08T22:00,22.8,1.7,1012.3,30.0,5.1
2023-06-08T23:00,22.2,1.7,1012.3,40.0,6.2
2023-06-09T00:00,20.6,2.8,1012.4,40.0,5.7
2023-06-09T01:00,19.4,2.2,1012.6,50.0,4.6
2023-06-09T02:00,17.8,2.8,1012.7,30.0,3.1
2023-06-09T03:00,16.7,3.3,1012.7,340.0,2.1
2023-06-09T04:00,16.1,3.9,1012.7,280.0,1.5
2023-06-09T05:00,15.6,4.4,1012.6,310.0,3.1
2023-06-09T06:00,15.0,3.3,1012.6,330.0,1.5
2023-06-09T07:00,13.9,3.9,1012.7,280.0,2.6
2023-06-09T08:00,13.9,3.9,1012.7,310.0,2.6
2023-06-09T09:00,13.9,3.3,1012.9,330.0,3.1
2023-06-09T10:00,12.8,3.9,1013.2,350.0,3.1
2023-06-09T11:00,12.8,4.4,1013.7,350.0,3.1
2023-06-09T12:00,15.0,5.6,1014.1,350.0,2.6
2023-06-09T13:00,17.8,7.2,1014.1,20.0,3.1
2023-06-09T14:00,20.0,7.8,1014.4,,1.5
2023-06-09T15:00,22.2,8.3,1014.1,0.0,0.0
2023-06-09T16:00,23.3,6.7,1013.9,0.0,0.0
2023-06-09T17:00,24.4,5.6,1013.7,,2.6
2023-06-09T18:00,26.1,5.6,1013.1,0.0,0.0
2023-06-09T19:00,26.1,5.0,1012.4,0.0,0.0
2023-06-09T20:00,27.2,4.4,1011.8,10.0,2.6
2023-06-09T21:00,27.8,5.6,1011.2,20.0,4.1
2023-06-09T22:00,26.7,5.6,1011.1,100.0,6.2
2023-06-09T23:00,25.6,5.6,1010.7,140.0,4.6
2023-06-10T00:00,24.4,4.4,1010.4,130.0,4.6
2023-06-10T01:00,23.3,3.9,1009.9,130.0,4.1
2023-06-10T02:00,21.7,2.2,1009.8,140.0,3.1
2023-06-10T03:00,21.1,3.3,1010.5,160.0,2.6
2023-06-10T04:00,20.6,3.9,1010.5,190.0,2.6
2023-06-10T05:00,20.6,4.4,1010.3,200.0,2.6
2023-06-10T06:00,20.0,4.4,1010.1,200.0,3.1
2023-06-10T07:00,18.9,4.4,1009.9,220.0,3.1
2023-06-10T08:00,18.3,3.9,1009.6,210.0,3.1
2023-06-10T09:00,17.8,4.4,1009.3,220.0,2.6
2023-06-10T10:00,17.2,5.6,1009.5,230.0,3.1
2023-06-10T11:00,16.7,6.1,1009.5,230.0,1.5
2023-06-10T12:00,17.8,7.2,1009.6,220.0,1.5
2023-06-10T13:00,20.6,7.8,1009.7,220.0,2.1
2023-06-10T14:00,22.8,8.3,1009.8,230.0,3.1
2023-06-10T15:00,25.0,7.8,1009.7,240.0,3.1
2023-06-10T16:00,26.7,7.2,1009.4,240.0,5.1
2023-06-10T17:00,28.3,6.7,1009.0,230.0,6.2
2023-06-10T18:00,28.9,6.1,1008.7,230.0,3.6
2023-06-10T19:00,28.9,5.0,1008.5,,3.1
2023-06-10T20:00,29.4,6.1,1007.8,220.0,5.7
2023-06-10T21:00,29.4,5.6,1006.8,220.0,5.1
2023-06-10T22:00,29.4,6.1,1006.6,260.0,4.1
2023-06-10T23:00,28.3,5.6,1006.4,260.0,3.6
2023-06-11T00:00,27.8,5.0,1006.6,260.0,2.6
2023-06-11T01:00,26.1,6.7,1006.6,100.0,4.1
2023-06-11T02:00,25.6,6.7,1006.8,100.0,3.1
2023-06-11T03:00,24.4,6.7,1007.1,100.0,2.6
2023-06-11T04:00,24.4,6.1,1006.9,80.0,1.5
2023-06-11T05:00,21.1,9.4,1007.4,30.0,7.7
2023-06-11T06:00,17.8,11.1,1007.9,30.0,9.3
2023-06-11T07:00,16.7,11.7,1007.8,20.0,8.8
2023-06-11T08:00,15.6,11.7,1008.1,20.0,7.2
2023-06-11T09:00,15.6,11.7,1008.3,30.0,7.2
2023-06-11T10:00,15.0,11.7,1008.1,30.0,7.7
2023-06-11T11:00,14.4,11.7,1008.3,20.0,8.8
2023-06-11T12:00,13.9,12.2,1008.9,20.0,6.7
2023-06-11T13:00,13.9,12.2,1009.3,20.0,7.2
2023-06-11T14:00,13.9,12.8,1009.3,30.0,5.7
2023-06-11T15:00,13.9,12.2,1009.0,20.0,8.8
2023-06-11T16:00,13.3,12.2,1008.8,20.0,8.8
2023-06-11T17:00,13.3,12.2,1008.8,20.0,8.2
2023-06-11T18:00,13.3,11.7,1009.1,10.0,9.3
2023-06-11T19:00,13.3,11.1,1009.3,360.0,10.8
2023-06-11T20:00,12.2,10.6,1009.6,350.0,7.7
2023-06-11T21:00,12.8,10.0,1009.7,20.0,8.8
2023-06-11T22:00,11.7,10.0,1010.1,360.0,10.3
2023-06-11T23:00,11.7,9.4,1010.3,360.0,9.3
2023-06-12T00:00,11.7,9.4,1010.9,360.0,9.8
2023-06-12T01:00,12.2,7.8,1011.1,360.0,11.3
2023-06-12T02:00,12.2,7.2,1011.1,360.0,7.7
2023-06-12T03:00,12.8,6.7,1011.8,10.0,7.7
2023-06-12T04:00,12.8,6.1,1011.7,360.0,8.8
2023-06-12T05:00,12.2,6.7,1011.3,10.0,7.7
2023-06-12T06:00,12.2,7.2,1011.2,350.0,6.2
2023-06-12T07:00,11.7,6.7,1011.1,350.0,5.1
2023-06-12T08:00,11.7,7.2,1011.0,340.0,5.1
2023-06-12T09:00,11.1,7.2,1011.0,330.0,3.6
2023-06-12T10:00,9.4,6.1,1011.6,330.0,4.6
2023-06-12T11:00,9.4,5.6,1012.1,320.0,3.1
2023-06-12T12:00,11.1,5.6,1011.9,320.0,2.6
2023-06-12T13:00,12.2,6.1,1012.1,320.0,5.7
2023-06-12T14:00,13.3,5.0,1012.4,340.0,6.7
2023-06-12T15:00,14.4,5.0,1011.8,320.0,6.7
2023-06-12T16:00,16.1,5.0,1011.2,290.0,4.6
2023-06-12T17:00,16.7,4.4,1010.8,360.0,4.6
2023-06-12T18:00,17.2,4.4,1010.3,310.0,3.6
2023-06-12T19:00,18.3,4.4,1010.1,,2.6
2023-06-12T20:00,18.9,4.4,1009.5,290.0,4.1
2023-06-12T21:00,19.4,4.4,1009.2,330.0,3.1
2023-06-12T22:00,20.0,3.9,1008.8,250.0,5.1
2023-06-12T23:00,20.6,3.9,1008.2,240.0,3.6
2023-06-13T00:00,20.6,4.4,1007.5,260.0,2.6
2023-06-13T01:00,19.4,6.1,1007.3,250.0,2.1
2023-06-13T02:00,16.7,8.3,1007.4,300.0,6.7
2023-06-13T03:00,16.7,8.3,1006.6,220.0,2.1
2023-06-13T04:00,16.7,7.8,1006.1,280.0,3.6
2023-06-13T05:00,15.6,7.8,1005.8,280.0,5.1
2023-06-13T06:00,15.0,7.8,1005.5,260.0,3.6
2023-06-13T07:00,15.0,8.9,1005.1,260.0,3.1
2023-06-13T08:00,13.9,10.0,1005.1,280.0,3.1
2023-06-13T09:00,13.9,10.6,1004.8,240.0,2.6
2023-06-13T10:00,13.3,11.1,1004.8,250.0,2.6
2023-06-13T11:00,13.9,11.1,1004.6,260.0,3.1
2023-06-13T12:00,13.9,10.6,1004.4,280.0,5.1
2023-06-13T13:00,15.6,11.1,1004.1,280.0,3.6
2023-06-13T14:00,16.1,10.6,1003.7,290.0,4.6
2023-06-13T15:00,18.3,10.6,1003.3,290.0,6.7
2023-06-13T16:00,17.2,10.6,1003.6,280.0,5.7
2023-06-13T17:00,17.2,11.7,1003.4,290.0,4.6
2023-06-13T18:00,16.1,13.3,1003.4,270.0,4.1
2023-06-13T19:00,16.1,14.4,1002.7,260.0,5.1
2023-06-13T20:00,16.7,14.4,1002.7,270.0,5.7
2023-06-13T21:00,16.7,14.4,1001.9,250.0,3.6
2023-06-13T22:00,17.2,15.0,1001.3,230.0,1.5
2023-06-13T23:00,17.2,15.6,1001.3,260.0,3.1
2023-06-14T00:00,17.2,15.6,1001.2,330.0,5.1
2023-06-14T01:00,16.7,13.9,1001.6,310.0,9.3
2023-06-14T02:00,16.7,13.9,1001.6,290.0,7.7
2023-06-14T03:00,16.7,13.9,1002.1,300.0,3.6
2023-06-14T04:00,16.7,13.9,1002.3,310.0,4.1
2023-06-14T05:00,16.7,13.9,1002.2,320.0,3.1
2023-06-14T06:00,16.7,14.4,1002.4,350.0,1.5
2023-06-14T07:00,16.7,13.9,1002.6,10.0,3.1
2023-06-14T08:00,16.1,13.9,1002.4,40.0,2.6
2023-06-14T09:00,15.6,13.3,1003.0,20.0,2.6
2023-06-14T10:00,15.0,12.8,1003.0,30.0,2.6
2023-06-14T11:00,15.0,12.8,1003.7,20.0,2.6
2023-06-14T12:00,15.6,13.3,1004.1,50.0,1.5
2023-06-14T13:00,16.1,13.3,1004.7,0.0,0.0
2023-06-14T14:00,17.2,13.3,1005.1,0.0,0.0
2023-06-14T15:00,17.8,13.9,1005.4,0.0,0.0
2023-06-14T16:00,20.0,14.4,1005.5,0.0,0.0
2023-06-14T17:00,21.1,14.4,1005.5,40.0,2.6
2023-06-14T18:00,22.2,14.4,1005.3,,1.5
2023-06-14T19:00,23.3,15.0,1004.8,100.0,2.1
2023-06-14T20:00,23.9,15.0,1004.7,,2.1
2023-06-14T21:00,23.3,15.0,1004.7,90.0,3.6
2023-06-14T22:00,23.3,15.0,1004.6,80.0,4.6
2023-06-14T23:00,22.8,15.0,1004.8,90.0,3.6
2023-06-15T00:00,22.0,14.0,1004.8,80.0,3.6
2023-06-15T01:00,21.1,14.4,1004.8,100.0,2.6
2023-06-15T02:00,20.0,13.9,1004.9,100.0,3.1
2023-06-15T03:00,18.9,13.9,1005.4,130.0,1.5
2023-06-15T04:00,18.3,13.9,1005.4,110.0,1.5
2023-06-15T05:00,17.2,13.9,1005.4,110.0,2.1
2023-06-15T06:00,16.7,13.9,1005.4,100.0,1.5
2023-06-15T07:00,16.7,13.9,1005.1,150.0,1.5
2023-06-15T08:00,16.7,13.9,1004.7,160.0,2.1
2023-06-15T09:00,17.2,14.4,1004.5,180.0,2.6
2023-06-15T10:00,16.7,14.4,1004.5,190.0,2.6
2023-06-15T11:00,17.2,14.4,1004.7,210.0,2.6
2023-06-15T12:00,18.3,15.0,1004.8,220.0,3.6
2023-06-15T13:00,20.0,15.0,1004.7,230.0,4.6
2023-06-15T14:00,22.2,15.0,1005.1,260.0,4.1
2023-06-15T15:00,24.4,14.4,1004.5,270.0,3.1
2023-06-15T16:00,26.7,15.0,1004.4,310.0,5.1
2023-06-15T17:00,24.4,15.6,1005.2,50.0,7.7
2023-06-15T18:00,21.1,14.4,1006.2,60.0,4.6
2023-06-15T19:00,19.4,13.3,1006.7,60.0,5.1
2023-06-15T20:00,18.9,12.2,1007.1,40.0,6.2
2023-06-15T21:00,18.3,11.7,1007.4,40.0,7.7
2023-06-15T22:00,16.7,11.1,1007.7,50.0,6.2
2023-06-15T23:00,16.1,10.6,1007.9,40.0,6.7
2023-06-16T00:00,15.0,9.0,1008.5,30.0,8.8
2023-06-16T01:00,14.4,8.3,1009.2,20.0,8.2
2023-06-16T02:00,13.3,8.3,1009.8,30.0,7.7
2023-06-16T03:00,12.8,7.8,1010.7,30.0,7.2
2023-06-16T04:00,12.2,8.3,1011.2,20.0,6.2
2023-06-16T05:00,12.2,8.3,1011.3,20.0,4.6
2023-06-16T06:00,12.0,8.0,1011.1,10.0,3.6
2023-06-16T07:00,12.2,8.9,1011.2,10.0,5.1
2023-06-16T08:00,12.2,8.9,1011.4,350.0,3.6
2023-06-16T09:00,12.2,8.9,1011.8,350.0,4.1
2023-06-16T10:00,12.8,9.4,1012.0,10.0,4.6
2023-06-16T11:00,12.8,10.0,1012.3,10.0,5.1
2023-06-16T12:00,12.8,10.6,1013.0,20.0,5.7
2023-06-16T13:00,13.3,10.6,1014.0,20.0,7.2
2023-06-16T14:00,14.4,11.1,1014.5,10.0,4.6
2023-06-16T15:00,13.9,11.1,1015.1,20.0,6.7
2023-06-16T16:00,14.4,11.7,1015.5,20.0,4.6
2023-06-16T17:00,16.1,11.7,1015.5,30.0,3.6
2023-06-16T18:00,17.8,11.7,1015.2,20.0,6.7
2023-06-16T19:00,18.3,11.7,1015.0,40.0,5.7
2023-06-16T20:00,18.9,11.1,1015.1,30.0,4.6
2023-06-16T21:00,18.9,11.7,1014.8,30.0,4.6
2023-06-16T22:00,19.4,11.7,1014.5,50.0,4.6
2023-06-16T23:00,19.4,11.7,1014.6,20.0,4.1
2023-06-17T00:00,18.3,11.7,1014.8,50.0,3.1
2023-06-17T01:00,16.7,10.6,1014.9,30.0,4.6
2023-06-17T02:00,15.6,10.6,1015.2,30.0,2.6
2023-06-17T03:00,15.6,10.6,1015.6,30.0,4.1
2023-06-17T04:00,15.0,10.6,1015.7,30.0,3.1
2023-06-17T05:00,14.4,10.6,1015.7,30.0,2.6
2023-06-17T06:00,13.9,10.6,1015.5,360.0,1.5
2023-06-17T07:00,13.3,10.6,1015.3,340.0,1.5
2023-06-17T08:00,13.3,10.6,1015.1,0.0,0.0
2023-06-17T09:00,12.8,10.6,1014.9,350.0,1.5
2023-06-17T10:00,12.2,10.0,1015.0,0.0,0.0
2023-06-17T11:00,12.2,10.0,1015.7,0.0,0.0
2023-06-17T12:00,14.4,10.6,1016.1,310.0,1.5
2023-06-17T13:00,16.7,11.7,1016.5,0.0,0.0
2023-06-17T14:00,18.9,11.7,1016.7,0.0,0.0
2023-06-17T15:00,21.1,11.7,1016.5,120.0,2.1
2023-06-17T16:00,23.9,12.8,1016.1,0.0,0.0
2023-06-17T17:00,23.9,11.7,1015.2,0.0,0.0
2023-06-17T18:00,26.7,11.1,1014.6,,1.5
2023-06-17T19:00,26.7,11.1,1014.1,,2.1
2023-06-17T20:00,26.7,13.3,1013.8,80.0,5.1
2023-06-17T21:00,26.1,12.8,1013.3,80.0,4.6
2023-06-17T22:00,26.1,11.1,1013.0,80.0,4.6
2023-06-17T23:00,25.6,10.6,1012.5,90.0,4.6
2023-06-18T00:00,23.9,8.3,1012.3,90.0,5.1
2023-06-18T01:00,22.2,7.8,1012.4,80.0,4.1
2023-06-18T02:00,20.6,8.3,1012.5,90.0,3.1
2023-06-18T03:00,19.4,8.9,1012.8,100.0,2.6
2023-06-18T04:00,18.9,9.4,1012.5,90.0,2.1
2023-06-18T05:00,17.8,10.0,1012.6,80.0,1.5
2023-06-18T06:00,17.2,10.0,1012.6,0.0,0.0
2023-06-18T07:00,17.2,10.6,1012.1,130.0,1.5
2023-06-18T08:00,16.7,11.7,1011.6,130.0,1.5
2023-06-18T09:00,16.7,12.2,1011.2,120.0,1.5
2023-06-18T10:00,16.1,12.2,1010.8,0.0,0.0
2023-06-18T11:00,16.1,12.2,1010.3,140.0,1.5
2023-06-18T12:00,18.3,12.8,1011.2,170.0,3.6
2023-06-18T13:00,20.6,12.8,1011.3,170.0,3.1
2023-06-18T14:00,22.8,13.3,1011.0,160.0,2.1
2023-06-18T15:00,25.0,13.3,1010.3,170.0,2.6
2023-06-18T16:00,26.7,12.2,1009.9,160.0,5.7
2023-06-18T17:00,27.8,12.2,1009.7,130.0,5.7
2023-06-18T18:00,29.4,11.7,1009.4,120.0,5.1
2023-06-18T19:00,29.4,11.1,1009.0,170.0,4.1
2023-06-18T20:00,29.4,10.6,1008.6,170.0,4.6
2023-06-18T21:00,30.0,11.1,1007.8,100.0,7.2
2023-06-18T22:00,29.4,11.1,1007.4,90.0,7.7
2023-06-18T23:00,27.8,11.1,1007.3,100.0,7.2
2023-06-19T00:00,26.1,11.7,1007.8,90.0,5.7
2023-06-19T01:00,24.4,11.1,1008.2,100.0,4.6
2023-06-19T02:00,23.3,11.7,1008.5,100.0,3.1
2023-06-19T03:00,21.7,11.7,1008.8,110.0,2.1
2023-06-19T04:00,21.7,12.2,1009.2,100.0,2.1
2023-06-19T05:00,21.1,12.2,1009.3,90.0,2.1
2023-06-19T06:00,20.6,12.2,1009.3,60.0,2.1
2023-06-19T07:00,20.0,12.2,1009.2,60.0,2.1
2023-06-19T08:00,20.0,12.2,1008.9,60.0,1.5
2023-06-19T09:00,18.9,12.8,1009.2,350.0,1.5
2023-06-19T10:00,16.7,12.8,1009.7,350.0,2.6
2023-06-19T11:00,16.7,12.8,1010.2,350.0,2.1
2023-06-19T12:00,19.4,13.9,1010.5,20.0,1.5
2023-06-19T13:00,22.8,14.4,1010.8,0.0,0.0
2023-06-19T14:00,25.0,13.9,1011.3,80.0,1.5
2023-06-19T15:00,27.8,13.3,1011.4,100.0,3.1
2023-06-19T16:00,28.9,11.7,1011.8,90.0,4.1
2023-06-19T17:00,28.9,11.7,1012.1,70.0,4.6
2023-06-19T18:00,29.4,11.7,1012.3,70.0,6.2
2023-06-19T19:00,29.4,12.2,1012.4,80.0,5.1
2023-06-19T20:00,29.4,12.2,1012.5,60.0,6.2
2023-06-19T21:00,29.4,10.6,1012.5,70.0,6.7
2023-06-19T22:00,28.9,9.4,1012.3,50.0,6.7
2023-06-19T23:00,28.3,11.1,1012.6,30.0,6.2
2023-06-20T00:00,27.2,10.6,1012.9,30.0,6.2
2023-06-20T01:00,24.4,11.1,1013.4,40.0,5.1
2023-06-20T02:00,22.2,11.1,1013.6,20.0,5.1
2023-06-20T03:00,20.6,11.1,1014.6,10.0,4.6
2023-06-20T04:00,19.4,11.7,1014.9,10.0,3.6
2023-06-20T05:00,17.8,11.7,1015.1,360.0,2.1
2023-06-20T06:00,18.9,11.7,1015.1,20.0,3.6
2023-06-20T07:00,18.3,11.7,1015.1,20.0,2.6
2023-06-20T08:00,16.7,11.7,1015.2,360.0,3.1
2023-06-20T09:00,16.7,11.7,1015.4,360.0,3.1
2023-06-20T10:00,16.1,11.7,1015.4,340.0,2.6
2023-06-20T11:00,17.2,12.2,1016.3,360.0,3.1
2023-06-20T12:00,18.9,12.8,1016.9,20.0,3.1
2023-06-20T13:00,21.7,13.3,1017.1,20.0,3.6
2023-06-20T14:00,24.4,13.3,1017.1,40.0,3.6
2023-06-20T15:00,25.6,13.9,1017.3,30.0,5.7
2023-06-20T16:00,26.7,13.3,1017.2,30.0,5.1
2023-06-20T17:00,27.8,12.8,1017.1,20.0,7.2
2023-06-20T18:00,28.3,12.2,1017.1,40.0,7.2
2023-06-20T19:00,27.2,12.8,1017.1,30.0,7.2
2023-06-20T20:00,27.8,12.8,1016.9,50.0,7.2
2023-06-20T21:00,27.8,13.3,1016.8,20.0,6.2
2023-06-20T22:00,27.8,13.3,1016.6,40.0,6.7
2023-06-20T23:00,27.2,13.3,1016.4,30.0,7.2
2023-06-21T00:00,25.0,11.7,1016.8,30.0,7.7
2023-06-21T01:00,23.3,11.7,1016.9,20.0,7.2
2023-06-21T02:00,22.2,11.7,1017.0,30.0,6.2
2023-06-21T03:00,21.1,11.7,1017.8,40.0,3.6
2023-06-21T04:00,21.1,12.2,1017.6,60.0,4.6
2023-06-21T05:00,20.0,12.2,1017.7,30.0,2.1
2023-06-21T06:00,19.4,12.8,1017.9,70.0,1.5
2023-06-21T07:00,18.9,13.3,1017.9,40.0,2.1
2023-06-21T08:00,17.2,12.8,1018.1,360.0,2.1
2023-06-21T09:00,16.7,13.3,1018.5,340.0,2.6
2023-06-21T10:00,16.7,13.3,1018.7,360.0,3.1
2023-06-21T11:00,17.8,14.4,1019.2,20.0,2.6
2023-06-21T12:00,19.4,15.0,1019.7,20.0,3.1
2023-06-21T13:00,22.8,16.1,1019.8,60.0,3.1
2023-06-21T14:00,25.0,16.7,1019.8,60.0,4.1
2023-06-21T15:00,26.7,16.7,1019.6,60.0,5.1
2023-06-21T16:00,27.8,16.7,1019.2,60.0,4.6
2023-06-21T17:00,28.9,16.1,1018.7,80.0,6.2
2023-06-21T18:00,30.0,16.1,1018.2,70.0,5.7
2023-06-21T19:00,30.6,16.1,1017.9,90.0,6.7
2023-06-21T20:00,30.6,16.1,1017.9,60.0,5.1
2023-06-21T21:00,30.0,16.7,1017.8,50.0,6.2
2023-06-21T22:00,30.0,16.1,1017.8,40.0,6.7
2023-06-21T23:00,28.9,16.1,1017.5,40.0,5.7
2023-06-22T00:00,27.8,15.6,1017.5,40.0,6.7
2023-06-22T01:00,24.4,15.6,1017.8,30.0,7.7
2023-06-22T02:00,23.3,15.6,1017.5,20.0,6.2
2023-06-22T03:00,22.2,15.6,1017.4,20.0,4.6
2023-06-22T04:00,22.2,15.6,1017.5,40.0,4.1
2023-06-22T05:00,22.2,14.4,1016.9,30.0,3.6
2023-06-22T06:00,21.7,14.4,1016.6,30.0,2.6
2023-06-22T07:00,20.6,14.4,1016.3,20.0,3.1
2023-06-22T08:00,20.0,14.4,1016.6,30.0,2.6
2023-06-22T09:00,19.4,14.4,1016.5,40.0,2.6
2023-06-22T10:00,20.0,14.4,1016.9,0.0,0.0
2023-06-22T11:00,18.9,14.4,1017.8,350.0,3.1
2023-06-22T12:00,20.6,14.4,1017.9,20.0,3.1
2023-06-22T13:00,23.3,14.4,1018.1,50.0,4.1
2023-06-22T14:00,25.0,15.0,1017.5,60.0,2.6
2023-06-22T15:00,25.6,15.0,1017.3,50.0,4.6
2023-06-22T16:00,27.2,15.0,1016.9,20.0,4.6
2023-06-22T17:00,28.9,15.0,1016.5,20.0,6.2
2023-06-22T18:00,29.4,13.3,1016.0,60.0,6.2
2023-06-22T19:00,29.4,13.9,1015.7,50.0,6.2
2023-06-22T20:00,29.4,13.9,1015.0,30.0,6.7
2023-06-22T21:00,29.4,13.3,1015.0,30.0,7.7
2023-06-22T22:00,27.8,12.8,1014.6,40.0,8.2
2023-06-22T23:00,27.2,12.2,1014.4,30.0,6.7
2023-06-23T00:00,26.1,12.2,1014.2,30.0,7.7
2023-06-23T01:00,23.9,12.8,1014.3,60.0,5.1
2023-06-23T02:00,22.8,12.2,1014.2,40.0,4.6
2023-06-23T03:00,20.6,12.2,1014.2,340.0,2.6
2023-06-23T04:00,20.0,11.7,1014.5,340.0,3.1
2023-06-23T05:00,20.0,11.1,1014.3,350.0,3.1
2023-06-23T06:00,20.0,11.1,1013.9,340.0,2.1
2023-06-23T07:00,19.4,11.1,1013.9,0.0,0.0
2023-06-23T08:00,19.4,11.1,1013.5,340.0,2.1
2023-06-23T09:00,20.0,11.1,1013.2,350.0,1.5
2023-06-23T10:00,18.9,11.1,1013.3,340.0,1.5
2023-06-23T11:00,18.9,11.1,1013.3,330.0,2.1
2023-06-23T12:00,20.0,11.7,1013.4,350.0,2.6
2023-06-23T13:00,22.2,12.2,1014.0,340.0,2.1
2023-06-23T14:00,24.4,12.8,1014.2,350.0,2.1
2023-06-23T15:00,26.1,13.3,1014.0,340.0,2.1
2023-06-23T16:00,28.9,13.9,1013.9,20.0,5.7
2023-06-23T17:00,29.4,12.8,1013.7,10.0,6.2
2023-06-23T18:00,29.4,12.8,1013.6,40.0,6.2
2023-06-23T19:00,29.4,12.8,1013.3,20.0,5.7
2023-06-23T20:00,28.9,12.8,1013.1,50.0,6.7
2023-06-23T21:00,28.9,13.3,1012.8,30.0,5.1
2023-06-23T22:00,28.3,12.8,1012.3,70.0,5.1
2023-06-23T23:00,28.3,12.8,1011.9,20.0,3.6
2023-06-24T00:00,28.3,12.8,1012.2,20.0,3.1
2023-06-24T01:00,26.7,12.8,1012.3,360.0,1.5
2023-06-24T02:00,24.4,12.8,1012.6,90.0,4.6
2023-06-24T03:00,23.3,12.2,1012.8,100.0,3.1
2023-06-24T04:00,22.8,12.2,1012.6,80.0,2.6
2023-06-24T05:00,22.2,12.8,1012.3,90.0,1.5
2023-06-24T06:00,21.7,12.8,1012.2,0.0,0.0
2023-06-24T07:00,20.6,13.3,1012.2,0.0,0.0
2023-06-24T08:00,19.4,13.3,1012.4,0.0,0.0
2023-06-24T09:00,19.4,13.3,1012.5,220.0,1.5
2023-06-24T10:00,18.9,13.3,1013.2,0.0,0.0
2023-06-24T11:00,18.9,13.3,1013.6,0.0,0.0
2023-06-24T12:00,21.7,13.9,1013.9,0.0,0.0
2023-06-24T13:00,23.9,13.9,1013.8,220.0,1.5
2023-06-24T14:00,26.1,13.9,1013.6,210.0,2.6
2023-06-24T15:00,27.8,14.4,1012.8,,2.6
2023-06-24T16:00,29.4,14.4,1012.5,,1.5
2023-06-24T17:00,30.6,12.2,1012.5,0.0,0.0
2023-06-24T18:00,31.7,11.7,1012.6,210.0,3.6
2023-06-24T19:00,32.8,10.6,1011.5,90.0,2.1
2023-06-24T20:00,32.8,11.1,1010.6,,2.1
2023-06-24T21:00,32.8,15.0,1009.9,100.0,5.1
2023-06-24T22:00,32.2,15.0,1009.2,70.0,6.7
2023-06-24T23:00,31.1,15.6,1008.7,100.0,6.7
2023-06-25T00:00,29.4,15.6,1008.8,110.0,4.6
2023-06-25T01:00,28.3,16.1,1008.8,110.0,5.1
2023-06-25T02:00,27.2,16.1,1008.6,110.0,4.6
2023-06-25T03:00,26.1,16.1,1008.4,130.0,3.6
2023-06-25T04:00,26.1,16.1,1007.8,130.0,3.1
2023-06-25T05:00,27.2,15.0,1007.0,120.0,4.6
2023-06-25T06:00,25.0,16.7,1008.4,300.0,8.2
2023-06-25T07:00,20.6,19.4,,0.0,0.0
2023-06-25T08:00,20.6,19.4,1007.1,100.0,5.7
2023-06-25T09:00,20.6,19.4,,80.0,2.6
2023-06-25T10:00,20.6,19.4,1005.0,140.0,3.6
2023-06-25T11:00,20.0,18.9,1004.4,160.0,4.1
2023-06-25T12:00,20.6,18.9,1004.7,160.0,4.6
2023-06-25T13:00,22.2,18.9,1003.7,170.0,5.7
2023-06-25T14:00,25.0,20.0,1002.9,190.0,6.7
2023-06-25T15:00,27.2,21.1,1001.9,190.0,5.7
2023-06-25T16:00,28.3,21.1,1001.8,220.0,7.7
2023-06-25T17:00,29.4,20.6,1000.9,230.0,5.1
2023-06-25T18:00,29.4,16.1,1001.0,250.0,11.3
2023-06-25T19:00,28.3,16.1,1001.5,240.0,9.3
2023-06-25T20:00,27.2,14.4,1001.6,250.0,10.8
2023-06-25T21:00,25.0,14.4,1001.3,270.0,8.2
2023-06-25T22:00,24.4,14.4,1001.2,250.0,7.2
2023-06-25T23:00,23.3,15.6,1001.5,250.0,7.2
2023-06-26T00:00,21.7,16.7,1001.5,250.0,6.7
2023-06-26T01:00,21.7,16.7,1001.2,260.0,6.2
2023-06-26T02:00,21.7,17.2,1001.1,250.0,5.7
2023-06-26T03:00,21.7,17.2,1001.4,240.0,3.6
2023-06-26T04:00,20.6,17.8,1000.9,250.0,4.1
2023-06-26T05:00,20.6,17.8,1000.4,250.0,3.6
2023-06-26T06:00,20.6,17.8,1000.1,240.0,5.1
2023-06-26T07:00,20.6,17.8,1000.1,260.0,4.6
2023-06-26T08:00,20.6,17.8,1000.3,260.0,5.1
2023-06-26T09:00,20.6,17.8,1000.5,270.0,4.6
2023-06-26T10:00,20.0,17.8,1000.8,280.0,3.6
2023-06-26T11:00,20.0,17.8,1001.0,280.0,5.1
2023-06-26T12:00,20.6,17.8,1001.4,260.0,4.6
2023-06-26T13:00,21.7,17.2,1001.6,290.0,5.7
2023-06-26T14:00,21.7,16.7,1001.9,290.0,5.7
2023-06-26T15:00,21.7,17.2,1002.2,280.0,5.7
2023-06-26T16:00,21.1,16.7,1002.6,290.0,5.7
2023-06-26T17:00,21.1,16.1,1003.3,300.0,6.2
2023-06-26T18:00,22.8,16.7,1003.2,280.0,5.1
2023-06-26T19:00,23.3,16.7,1003.7,300.0,7.7
2023-06-26T20:00,22.8,16.7,1004.2,300.0,7.7
2023-06-26T21:00,22.2,16.1,1004.9,310.0,9.3
2023-06-26T22:00,22.2,16.1,1005.4,320.0,8.2
2023-06-26T23:00,23.3,15.6,1005.8,320.0,5.7
2023-06-27T00:00,23.3,16.1,1006.0,300.0,5.1
2023-06-27T01:00,23.3,16.1,1006.2,300.0,4.1
2023-06-27T02:00,22.8,16.1,1006.5,280.0,4.1
2023-06-27T03:00,22.8,15.6,1007.0,310.0,5.1
2023-06-27T04:00,21.7,15.6,1007.4,300.0,3.6
2023-06-27T05:00,21.7,15.0,1007.5,320.0,4.6
2023-06-27T06:00,20.6,15.0,1007.7,310.0,3.6
2023-06-27T07:00,19.4,14.4,1007.8,330.0,3.6
2023-06-27T08:00,20.0,13.9,1008.0,330.0,5.1
2023-06-27T09:00,19.4,13.3,1008.4,340.0,5.7
2023-06-27T10:00,18.3,13.3,1008.8,330.0,4.1
2023-06-27T11:00,18.3,13.3,1009.5,320.0,3.6
2023-06-27T12:00,18.3,13.3,1010.0,340.0,6.2
2023-06-27T13:00,18.3,13.3,1010.7,330.0,6.2
2023-06-27T14:00,19.4,13.3,1011.0,360.0,4.1
2023-06-27T15:00,20.0,13.3,1011.7,10.0,5.7
2023-06-27T16:00,21.7,13.3,1012.5,360.0,4.6
2023-06-27T17:00,22.2,13.3,1012.2,20.0,4.6
2023-06-27T18:00,23.0,12.0,1012.2,30.0,4.6
2023-06-27T19:00,23.9,12.2,1012.3,50.0,3.1
2023-06-27T20:00,25.0,13.3,1012.4,40.0,4.6
2023-06-27T21:00,23.9,13.3,1012.6,30.0,4.1
2023-06-27T22:00,23.9,12.8,1013.1,60.0,2.1
2023-06-27T23:00,22.2,12.8,1013.5,60.0,3.6
2023-06-28T00:00,21.0,12.0,1013.5,50.0,5.1
2023-06-28T01:00,20.0,11.1,1013.6,50.0,4.6
2023-06-28T02:00,19.4,10.6,1014.0,30.0,1.5
2023-06-28T03:00,19.4,10.0,1014.2,60.0,1.5
2023-06-28T04:00,18.3,10.0,1014.3,40.0,1.5
2023-06-28T05:00,18.3,10.0,1014.3,100.0,1.5
2023-06-28T06:00,18.3,10.6,1014.6,60.0,2.6
2023-06-28T07:00,16.7,11.1,1015.0,0.0,0.0
2023-06-28T08:00,15.6,11.1,1015.0,0.0,0.0
2023-06-28T09:00,14.4,11.1,1014.9,0.0,0.0
2023-06-28T10:00,15.0,11.1,1015.2,0.0,0.0
2023-06-28T11:00,16.1,11.1,1015.6,0.0,0.0
2023-06-28T12:00,17.2,12.2,1016.2,0.0,0.0
2023-06-28T13:00,18.3,12.8,1016.4,0.0,0.0
2023-06-28T14:00,20.6,13.3,1017.2,170.0,1.5
2023-06-28T15:00,21.7,12.8,1015.9,190.0,3.1
2023-06-28T16:00,24.4,12.2,1015.0,170.0,2.6
2023-06-28T17:00,27.2,11.1,1014.7,140.0,3.6
2023-06-28T18:00,28.9,10.6,1014.5,100.0,3.6
2023-06-28T19:00,28.9,11.7,1014.0,150.0,5.7
2023-06-28T20:00,29.4,11.1,1013.9,100.0,6.2
2023-06-28T21:00,29.4,13.3,1013.5,110.0,4.1
2023-06-28T22:00,28.3,12.8,1012.7,90.0,7.7
2023-06-28T23:00,27.8,12.8,1012.6,110.0,6.2
2023-06-29T00:00,27.0,14.0,1012.8,130.0,4.1
2023-06-29T01:00,25.6,14.4,1013.1,120.0,4.1
2023-06-29T02:00,23.9,15.0,1013.2,110.0,2.6
2023-06-29T03:00,23.3,15.0,1013.0,140.0,3.1
2023-06-29T04:00,22.8,14.4,1012.7,130.0,3.1
2023-06-29T05:00,23.3,14.4,1012.3,150.0,3.6
2023-06-29T06:00,23.3,15.0,1011.6,150.0,4.6
2023-06-29T07:00,23.3,14.4,1011.3,160.0,3.6
2023-06-29T08:00,22.8,15.0,1011.3,180.0,4.1
2023-06-29T09:00,22.2,15.6,1011.1,180.0,3.6
2023-06-29T10:00,22.8,16.1,1010.6,160.0,3.6
2023-06-29T11:00,22.8,16.1,1010.8,170.0,4.6
2023-06-29T12:00,23.3,16.7,1011.0,150.0,4.1
2023-06-29T13:00,24.4,17.2,1011.6,180.0,2.6
2023-06-29T14:00,26.1,18.9,1011.1,190.0,3.6
2023-06-29T15:00,27.8,19.4,1011.0,180.0,4.6
2023-06-29T16:00,30.0,20.6,1011.1,200.0,4.6
2023-06-29T17:00,31.1,21.1,1010.2,200.0,4.6
2023-06-29T18:00,30.6,21.1,1009.1,150.0,4.6
2023-06-29T19:00,30.0,21.1,1008.7,170.0,3.1
2023-06-29T20:00,28.9,21.7,1008.6,170.0,4.1
2023-06-29T21:00,27.8,22.8,1008.8,170.0,3.6
2023-06-29T22:00,26.1,23.9,1008.5,190.0,2.1
2023-06-29T23:00,26.7,23.3,1008.7,250.0,3.1
2023-06-30T00:00,26.7,23.3,1009.1,280.0,4.1
2023-06-30T01:00,27.2,23.3,1009.7,290.0,2.1
2023-06-30T02:00,26.7,23.3,1009.7,240.0,3.1
2023-06-30T03:00,24.4,22.2,1010.4,210.0,3.1
2023-06-30T04:00,23.9,22.2,1011.3,210.0,3.6
2023-06-30T05:00,23.3,22.2,1011.6,210.0,3.6
2023-06-30T06:00,23.3,21.7,1012.1,230.0,4.1
2023-06-30T07:00,22.8,21.1,1012.4,240.0,4.6
2023-06-30T08:00,22.2,20.6,1012.2,220.0,3.6
2023-06-30T09:00,22.2,21.1,1011.8,240.0,2.6
2023-06-30T10:00,22.2,20.6,1011.8,250.0,2.1
2023-06-30T11:00,22.2,21.1,1012.2,260.0,1.5
2023-06-30T12:00,22.8,21.1,1012.7,300.0,1.5
2023-06-30T13:00,25.0,21.1,1012.7,310.0,1.5
2023-06-30T14:00,26.7,21.1,1013.2,0.0,0.0
2023-06-30T15:00,30.0,19.4,1013.0,,1.5
2023-06-30T16:00,30.0,20.0,1013.1,240.0,2.6
2023-06-30T17:00,31.1,17.8,1013.4,270.0,2.6
2023-06-30T18:00,31.7,18.3,1013.8,260.0,4.6
2023-06-30T19:00,30.6,20.0,,240.0,7.2
2023-06-30T20:00,30.0,20.6,1011.5,190.0,3.1
2023-06-30T21:00,30.0,18.9,1009.7,120.0,4.6
2023-06-30T22:00,28.9,21.7,1011.7,300.0,3.1
2023-06-30T23:00,29.4,20.6,1012.0,290.0,3.1
2023-07-01T00:00,29.4,20.0,1012.0,270.0,2.6
2023-07-01T01:00,28.9,20.6,1011.9,250.0,2.6
2023-07-01T02:00,27.8,20.6,1011.7,260.0,1.5
2023-07-01T03:00,26.7,20.6,1012.1,0.0,0.0
2023-07-01T04:00,26.1,20.6,1012.1,260.0,2.1
2023-07-01T05:00,24.4,20.0,1011.5,0.0,0.0
2023-07-01T06:00,24.4,20.6,1011.4,280.0,2.1
2023-07-01T07:00,23.9,20.0,1011.3,0.0,0.0
2023-07-01T08:00,23.3,20.0,1010.2,0.0,0.0
2023-07-01T09:00,22.8,20.0,1011.1,0.0,0.0
2023-07-01T10:00,22.8,20.0,1010.6,210.0,2.1
2023-07-01T11:00,22.8,20.0,1011.0,240.0,2.1
2023-07-01T12:00,22.8,20.0,1011.1,0.0,0.0
2023-07-01T13:00,23.3,20.0,1011.3,0.0,0.0
2023-07-01T14:00,24.4,20.0,1010.7,0.0,0.0
2023-07-01T15:00,24.4,21.1,1010.7,160.0,2.6
2023-07-01T16:00,25.6,21.1,1010.9,,2.6
2023-07-01T17:00,26.7,21.1,1011.3,250.0,2.6
2023-07-01T18:00,27.8,21.1,1010.8,310.0,2.6
2023-07-01T19:00,27.8,21.1,1010.2,300.0,2.1
2023-07-01T20:00,28.9,20.6,1009.0,0.0,0.0
2023-07-01T21:00,28.3,21.1,1008.4,350.0,2.6
2023-07-01T22:00,23.3,21.1,,170.0,5.1
2023-07-01T23:00,22.8,21.1,,170.0,2.6
2023-07-02T00:00,23.3,20.6,1008.7,310.0,2.6
2023-07-02T01:00,23.3,21.7,1008.7,0.0,0.0
2023-07-02T02:00,23.3,21.7,1008.8,270.0,1.5
2023-07-02T03:00,23.3,21.1,1008.9,0.0,0.0
2023-07-02T04:00,23.3,21.1,1008.1,10.0,2.6
2023-07-02T05:00,22.8,21.1,1007.5,0.0,0.0
2023-07-02T06:00,22.8,21.1,1006.8,110.0,2.1
2023-07-02T07:00,22.8,21.1,1006.7,120.0,1.5
2023-07-02T08:00,22.8,21.7,1006.1,80.0,1.5
2023-07-02T09:00,22.8,21.1,1005.8,50.0,3.1
2023-07-02T10:00,22.2,21.1,1006.0,20.0,2.6
2023-07-02T11:00,21.7,20.6,1006.4,30.0,2.6
2023-07-02T12:00,21.7,20.6,1006.8,60.0,2.6
2023-07-02T13:00,21.1,20.6,,50.0,3.6
2023-07-02T14:00,21.1,20.6,,20.0,5.1
2023-07-02T15:00,21.1,20.0,1006.8,10.0,5.1
2023-07-02T16:00,21.1,20.0,1006.9,10.0,5.7
2023-07-02T17:00,20.0,18.9,1007.1,350.0,5.7
2023-07-02T18:00,19.4,18.3,1007.3,10.0,7.2
2023-07-02T19:00,19.4,18.3,1007.4,350.0,5.1
2023-07-02T20:00,19.4,18.9,,330.0,2.6
2023-07-02T21:00,19.4,18.9,1007.5,320.0,4.6
2023-07-02T22:00,20.0,19.4,1007.6,350.0,3.6
2023-07-02T23:00,21.1,20.0,1007.5,20.0,4.1
2023-07-03T00:00,21.1,18.9,1008.0,10.0,6.2
2023-07-03T01:00,20.6,16.7,1008.5,360.0,6.2
2023-07-03T02:00,20.0,14.4,1008.7,350.0,4.6
2023-07-03T03:00,19.4,13.9,1009.2,340.0,3.1
2023-07-03T04:00,19.4,13.3,1009.5,330.0,2.6
2023-07-03T05:00,18.9,13.3,1009.9,340.0,2.6
2023-07-03T06:00,19.4,13.3,1010.0,330.0,2.6
2023-07-03T07:00,18.9,13.9,1010.0,310.0,2.6
2023-07-03T08:00,18.3,14.4,1009.9,290.0,3.1
2023-07-03T09:00,18.3,13.9,1009.9,300.0,3.6
2023-07-03T10:00,17.8,13.9,1010.6,300.0,3.6
2023-07-03T11:00,18.3,14.4,1011.2,300.0,3.6
2023-07-03T12:00,20.6,15.0,1011.8,320.0,3.1
2023-07-03T13:00,22.8,15.6,1012.1,330.0,3.6
2023-07-03T14:00,25.0,16.1,1012.6,10.0,3.1
2023-07-03T15:00,26.1,16.1,1012.7,360.0,3.1
2023-07-03T16:00,27.2,16.1,1013.0,10.0,2.1
2023-07-03T17:00,28.3,15.6,1013.0,50.0,3.6
2023-07-03T18:00,29.0,17.0,1012.9,20.0,4.1
2023-07-03T19:00,29.4,16.7,1013.1,360.0,3.1
2023-07-03T20:00,30.6,17.2,1012.8,20.0,2.6
2023-07-03T21:00,30.0,17.2,1012.5,70.0,4.1
2023-07-03T22:00,29.4,16.7,1012.4,70.0,3.6
2023-07-03T23:00,28.3,16.1,1012.2,90.0,3.1
2023-07-04T00:00,27.8,15.0,1012.0,100.0,3.1
2023-07-04T01:00,26.7,15.0,1012.3,90.0,3.6
2023-07-04T02:00,25.0,15.0,1013.0,130.0,2.6
2023-07-04T03:00,24.4,15.0,1013.9,150.0,2.1
2023-07-04T04:00,23.9,15.0,1013.9,180.0,1.5
2023-07-04T05:00,23.9,14.4,1013.5,190.0,2.1
2023-07-04T06:00,23.0,16.0,1013.8,200.0,2.6
2023-07-04T07:00,22.8,15.6,1013.7,200.0,2.1
2023-07-04T08:00,22.2,15.6,1013.8,0.0,0.0
2023-07-04T09:00,21.7,16.7,1013.9,210.0,3.1
2023-07-04T10:00,21.7,17.2,1013.7,220.0,3.1
2023-07-04T11:00,21.7,17.8,1014.1,230.0,3.1
2023-07-04T12:00,23.3,18.9,1014.3,260.0,2.6
2023-07-04T13:00,24.4,19.4,1015.2,250.0,4.1
2023-07-04T14:00,26.7,18.9,1015.4,250.0,3.6
2023-07-04T15:00,28.9,19.4,1015.2,240.0,2.1
2023-07-04T16:00,30.6,20.0,1015.0,260.0,3.6
2023-07-04T17:00,30.6,18.3,1014.7,,3.1
2023-07-04T18:00,31.7,17.2,1014.3,210.0,3.6
2023-07-04T19:00,32.8,17.8,1014.0,210.0,4.1
2023-07-04T20:00,32.8,18.3,1013.7,260.0,5.1
2023-07-04T21:00,32.2,17.8,1013.6,240.0,4.6
2023-07-04T22:00,32.2,17.2,1013.6,240.0,3.1
2023-07-04T23:00,30.0,20.0,1013.7,270.0,4.1
2023-07-05T00:00,30.6,19.4,1013.5,300.0,1.5
2023-07-05T01:00,30.0,20.0,1013.5,290.0,2.1
2023-07-05T02:00,28.9,19.4,1012.9,190.0,1.5
2023-07-05T03:00,28.3,19.4,1013.6,160.0,2.1
2023-07-05T04:00,26.7,20.0,1014.5,240.0,1.5
2023-07-05T05:00,26.7,19.4,1014.6,210.0,2.1
2023-07-05T06:00,26.0,20.0,1014.5,210.0,3.1
2023-07-05T07:00,25.6,20.0,1014.1,210.0,2.1
2023-07-05T08:00,25.0,20.0,1014.3,220.0,1.5
2023-07-05T09:00,24.4,20.0,1014.0,200.0,2.1
2023-07-05T10:00,23.9,20.0,1014.1,210.0,2.1
2023-07-05T11:00,24.4,20.6,1014.3,210.0,3.1
2023-07-05T12:00,25.6,21.1,1013.6,190.0,1.5
2023-07-05T13:00,27.2,21.7,1013.7,200.0,3.6
2023-07-05T14:00,28.3,21.7,1013.7,220.0,3.1
2023-07-05T15:00,30.0,21.7,1013.2,210.0,3.6
2023-07-05T16:00,31.1,21.7,1012.8,190.0,2.6
2023-07-05T17:00,31.7,21.7,1012.6,200.0,2.1
2023-07-05T18:00,31.7,21.1,1012.7,,3.1
2023-07-05T19:00,27.8,21.7,1012.3,340.0,3.6
2023-07-05T20:00,30.6,21.1,1011.5,110.0,2.1
2023-07-05T21:00,28.3,20.0,1011.4,130.0,3.1
2023-07-05T22:00,27.2,22.2,1011.2,40.0,2.1
2023-07-05T23:00,26.1,22.2,,290.0,5.7
2023-07-06T00:00,22.2,20.6,1012.5,310.0,2.1
2023-07-06T01:00,22.2,20.6,1013.6,170.0,3.6
2023-07-06T02:00,22.2,20.6,1013.3,130.0,3.1
2023-07-06T03:00,22.2,20.6,1013.1,0.0,0.0
2023-07-06T04:00,22.2,20.6,1012.6,320.0,4.6
2023-07-06T05:00,22.2,20.6,1012.8,210.0,2.6
2023-07-06T06:00,22.2,21.1,1012.9,240.0,2.1
2023-07-06T07:00,21.7,20.6,1012.7,250.0,3.6
2023-07-06T08:00,22.2,20.6,1012.8,250.0,2.1
2023-07-06T09:00,21.7,19.4,1012.7,30.0,6.2
2023-07-06T10:00,21.1,18.9,1012.7,20.0,3.6
2023-07-06T11:00,21.1,19.4,1013.0,360.0,2.6
2023-07-06T12:00,21.7,19.4,1013.6,10.0,4.1
2023-07-06T13:00,21.7,18.9,1014.0,10.0,5.7
2023-07-06T14:00,22.8,19.4,1014.4,20.0,3.1
2023-07-06T15:00,23.9,19.4,1013.9,20.0,3.1
2023-07-06T16:00,26.1,19.4,1014.0,360.0,5.1
2023-07-06T17:00,26.1,17.2,1014.3,320.0,4.1
2023-07-06T18:00,26.1,17.8,1014.1,40.0,5.1
2023-07-06T19:00,26.7,17.2,1014.0,40.0,5.1
2023-07-06T20:00,26.7,17.2,1014.1,20.0,3.6
2023-07-06T21:00,26.1,16.7,1013.7,50.0,3.1
2023-07-06T22:00,25.0,16.1,1014.0,70.0,4.1
2023-07-06T23:00,25.0,15.6,1013.7,60.0,4.1
2023-07-07T00:00,23.9,14.4,1013.6,80.0,3.6
2023-07-07T01:00,22.8,13.3,1014.1,80.0,3.6
2023-07-07T02:00,21.7,13.9,1014.5,90.0,3.6
2023-07-07T03:00,21.1,13.3,1014.9,100.0,2.6
2023-07-07T04:00,20.6,13.3,1014.9,120.0,2.1
2023-07-07T05:00,20.6,12.8,1014.8,60.0,2.1
2023-07-07T06:00,19.4,13.9,1014.7,0.0,0.0
2023-07-07T07:00,18.3,14.4,1014.9,340.0,2.6
2023-07-07T08:00,18.9,15.0,1015.1,350.0,1.5
2023-07-07T09:00,18.3,14.4,1015.1,330.0,2.1
2023-07-07T10:00,18.3,13.9,1015.2,330.0,2.1
2023-07-07T11:00,18.9,13.9,1015.1,350.0,1.5
2023-07-07T12:00,20.0,13.9,1015.2,0.0,0.0
2023-07-07T13:00,21.1,15.0,1015.3,360.0,2.6
2023-07-07T14:00,22.8,13.9,1015.6,70.0,3.1
2023-07-07T15:00,23.9,13.9,1015.6,100.0,1.5
2023-07-07T16:00,24.4,14.4,1015.0,90.0,4.1
2023-07-07T17:00,25.0,13.9,1015.1,80.0,3.1
2023-07-07T18:00,26.7,13.9,1014.4,80.0,3.1
2023-07-07T19:00,26.1,13.9,1013.7,,3.1
2023-07-07T20:00,26.1,15.0,1013.1,60.0,3.1
2023-07-07T21:00,27.2,16.1,1012.6,60.0,4.6
2023-07-07T22:00,26.1,15.6,1012.7,60.0,4.1
2023-07-07T23:00,25.0,16.1,1012.4,80.0,3.1
2023-07-08T00:00,23.9,15.6,1012.4,100.0,3.6
2023-07-08T01:00,22.2,16.1,1012.1,80.0,2.6
2023-07-08T02:00,21.7,15.0,1012.3,40.0,4.1
2023-07-08T03:00,21.7,13.3,1012.5,100.0,3.1
2023-07-08T04:00,21.7,14.4,1011.9,80.0,2.1
2023-07-08T05:00,21.1,15.0,1012.2,20.0,3.1
2023-07-08T06:00,21.1,15.6,1012.0,20.0,2.1
2023-07-08T07:00,20.6,15.6,1011.7,360.0,3.1
2023-07-08T08:00,20.0,17.2,1011.6,0.0,0.0
2023-07-08T09:00,19.4,17.2,1011.3,250.0,1.5
2023-07-08T10:00,19.4,17.2,1011.5,240.0,2.1
2023-07-08T11:00,18.9,16.7,1011.1,0.0,0.0
2023-07-08T12:00,18.9,17.2,1011.5,280.0,2.1
2023-07-08T13:00,18.9,17.2,1011.5,260.0,3.1
2023-07-08T14:00,19.4,16.7,1011.4,350.0,4.6
2023-07-08T15:00,17.8,16.7,,340.0,4.6
2023-07-08T16:00,17.8,16.1,1012.1,350.0,5.7
2023-07-08T17:00,18.3,15.6,1012.3,360.0,2.1
2023-07-08T18:00,20.6,15.6,1012.0,360.0,3.6
2023-07-08T19:00,22.2,15.6,1011.4,10.0,4.1
2023-07-08T20:00,21.1,15.6,1011.6,30.0,6.2
2023-07-08T21:00,22.8,13.3,1011.5,30.0,3.6
2023-07-08T22:00,23.9,12.2,1011.2,10.0,4.1
2023-07-08T23:00,24.4,12.2,1010.3,20.0,3.6
2023-07-09T00:00,24.4,11.7,1010.1,360.0,2.6
2023-07-09T01:00,23.3,11.1,1010.6,0.0,0.0
2023-07-09T02:00,21.1,11.7,1011.2,140.0,3.1
2023-07-09T03:00,20.6,12.2,1011.8,170.0,2.1
2023-07-09T04:00,19.4,12.2,1012.0,170.0,2.1
2023-07-09T05:00,18.9,12.2,1012.2,200.0,2.1
2023-07-09T06:00,18.3,12.2,1012.1,200.0,1.5
2023-07-09T07:00,17.2,12.2,1011.6,230.0,2.1
2023-07-09T08:00,17.8,12.8,1011.3,220.0,1.5
2023-07-09T09:00,17.2,12.8,1011.2,0.0,0.0
2023-07-09T10:00,16.7,13.3,1011.1,280.0,2.1
2023-07-09T11:00,17.2,13.3,1011.2,270.0,2.1
2023-07-09T12:00,19.4,13.9,1011.4,0.0,0.0
2023-07-09T13:00,21.7,13.9,1012.1,350.0,1.5
2023-07-09T14:00,23.3,14.4,1012.5,70.0,1.5
2023-07-09T15:00,25.0,13.9,1012.4,0.0,0.0
2023-07-09T16:00,26.7,13.9,1012.5,320.0,2.1
2023-07-09T17:00,26.1,13.3,1012.4,280.0,2.6
2023-07-09T18:00,26.7,12.8,1012.2,260.0,4.6
2023-07-09T19:00,27.8,12.2,1011.7,290.0,4.6
2023-07-09T20:00,28.3,12.2,1011.4,300.0,3.6
2023-07-09T21:00,28.3,12.2,1011.2,,2.1
2023-07-09T22:00,27.8,12.8,1011.1,280.0,3.6
2023-07-09T23:00,28.3,12.8,1010.8,280.0,3.6
2023-07-10T00:00,28.3,12.2,1010.9,,2.6
2023-07-10T01:00,26.7,11.7,1011.0,260.0,3.1
2023-07-10T02:00,25.6,12.2,1011.1,260.0,3.1
2023-07-10T03:00,23.9,12.2,1011.6,250.0,3.1
2023-07-10T04:00,22.8,12.2,1011.9,260.0,2.6
2023-07-10T05:00,22.2,12.2,1012.2,240.0,2.6
2023-07-10T06:00,21.1,12.8,1012.0,240.0,3.1
2023-07-10T07:00,20.0,13.3,1011.8,230.0,2.6
2023-07-10T08:00,20.0,13.3,1011.8,240.0,2.6
2023-07-10T09:00,20.0,12.8,1011.9,260.0,3.6
2023-07-10T10:00,18.9,12.8,1012.4,250.0,2.6
2023-07-10T11:00,18.9,12.8,1012.6,240.0,2.1
2023-07-10T12:00,20.0,13.3,1012.8,250.0,2.6
2023-07-10T13:00,22.2,14.4,1013.2,230.0,3.1
2023-07-10T14:00,24.4,14.4,1013.2,230.0,3.6
2023-07-10T15:00,26.1,14.4,1013.1,,2.6
2023-07-10T16:00,27.8,13.9,1013.1,240.0,3.6
2023-07-10T17:00,28.3,14.4,1012.7,210.0,5.1
2023-07-10T18:00,29.4,14.4,1012.5,210.0,5.7
2023-07-10T19:00,29.4,15.0,1012.0,240.0,5.1
2023-07-10T20:00,29.4,15.0,1011.6,240.0,6.2
2023-07-10T21:00,30.0,15.0,1011.3,250.0,4.1
2023-07-10T22:00,29.4,15.6,1011.3,230.0,6.2
2023-07-10T23:00,29.4,15.6,1011.1,210.0,5.7
2023-07-11T00:00,28.3,15.6,1011.0,210.0,4.1
2023-07-11T01:00,27.8,15.6,1010.8,210.0,5.1
2023-07-11T02:00,26.7,15.6,1011.0,210.0,4.1
2023-07-11T03:00,25.6,16.1,1011.0,200.0,4.1
2023-07-11T04:00,25.0,16.7,1010.8,210.0,4.6
2023-07-11T05:00,23.9,16.7,1011.2,220.0,3.6
2023-07-11T06:00,22.8,16.7,1011.4,210.0,2.6
2023-07-11T07:00,22.8,16.1,1011.2,220.0,3.6
2023-07-11T08:00,22.2,16.1,1011.0,220.0,4.6
2023-07-11T09:00,22.8,15.6,1010.6,220.0,5.7
2023-07-11T10:00,22.2,16.1,1010.5,210.0,4.6
2023-07-11T11:00,21.7,16.1,1010.7,210.0,4.1
2023-07-11T12:00,22.2,16.1,1010.6,220.0,4.1
2023-07-11T13:00,23.9,16.7,1010.7,230.0,3.6
2023-07-11T14:00,26.1,17.2,1011.1,250.0,4.1
2023-07-11T15:00,27.8,17.2,1011.3,220.0,4.6
2023-07-11T16:00,28.3,18.3,1011.3,250.0,3.1
2023-07-11T17:00,30.0,19.4,1011.8,300.0,5.1
2023-07-11T18:00,25.6,18.9,1012.0,50.0,8.2
2023-07-11T19:00,21.1,18.9,,30.0,7.7
2023-07-11T20:00,21.7,19.4,1012.8,50.0,6.7
2023-07-11T21:00,22.2,18.3,1012.7,40.0,5.1
2023-07-11T22:00,21.7,17.2,1013.8,60.0,5.7
2023-07-11T23:00,21.7,16.1,1013.1,70.0,3.1
2023-07-12T00:00,22.2,15.0,1013.1,70.0,3.1
2023-07-12T01:00,21.7,13.9,1013.1,70.0,3.1
2023-07-12T02:00,20.6,13.9,1013.4,100.0,3.1
2023-07-12T03:00,20.6,13.3,1013.6,70.0,3.6
2023-07-12T04:00,20.6,13.3,1014.1,50.0,3.6
2023-07-12T05:00,20.6,12.8,1014.0,80.0,2.6
2023-07-12T06:00,20.6,12.2,1014.1,80.0,3.6
2023-07-12T07:00,20.6,12.8,1013.9,60.0,3.1
2023-07-12T08:00,19.4,14.4,1014.0,100.0,3.1
2023-07-12T09:00,18.3,15.0,1013.8,40.0,3.1
2023-07-12T10:00,18.3,15.6,1014.0,100.0,2.1
2023-07-12T11:00,18.9,16.7,1014.5,230.0,3.6
2023-07-12T12:00,17.8,15.6,1013.4,90.0,3.6
2023-07-12T13:00,18.3,15.0,1013.3,110.0,4.6
2023-07-12T14:00,18.3,15.0,1013.8,160.0,3.1
2023-07-12T15:00,18.9,16.7,1011.9,130.0,5.1
2023-07-12T16:00,19.4,17.8,1012.1,170.0,4.1
2023-07-12T17:00,20.6,18.3,1010.6,140.0,2.1
2023-07-12T18:00,20.6,18.9,1011.9,260.0,1.5
2023-07-12T19:00,20.6,19.4,1010.2,170.0,5.1
2023-07-12T20:00,21.7,19.4,1007.9,140.0,4.6
2023-07-12T21:00,21.7,19.4,1007.2,140.0,4.1
2023-07-12T22:00,22.8,20.0,1005.6,160.0,5.1
2023-07-12T23:00,23.9,21.1,1004.3,150.0,3.1
2023-07-13T00:00,23.9,22.2,1004.0,120.0,2.6
2023-07-13T01:00,23.3,19.4,1005.3,270.0,6.2
2023-07-13T02:00,20.6,18.3,1007.0,320.0,7.2
2023-07-13T03:00,18.3,16.7,1008.6,350.0,5.7
2023-07-13T04:00,18.3,16.7,1009.1,340.0,5.7
2023-07-13T05:00,18.3,16.1,1009.7,340.0,3.6
2023-07-13T06:00,17.8,16.1,1009.7,340.0,4.1
2023-07-13T07:00,18.3,16.1,1009.7,310.0,2.6
2023-07-13T08:00,18.3,15.6,1009.8,20.0,2.6
2023-07-13T09:00,18.3,15.6,,0.0,0.0
2023-07-13T10:00,17.8,15.6,1010.4,320.0,2.1
2023-07-13T11:00,17.8,15.6,1010.5,300.0,3.6
2023-07-13T12:00,17.8,15.6,1010.9,300.0,3.6
2023-07-13T13:00,17.8,15.6,1011.4,300.0,4.1
2023-07-13T14:00,17.8,15.6,1011.4,320.0,3.1
2023-07-13T15:00,18.3,15.6,1011.2,300.0,1.5
2023-07-13T16:00,19.4,16.1,1011.3,280.0,1.5
2023-07-13T17:00,20.0,16.1,1011.3,0.0,0.0
2023-07-13T18:00,22.2,16.7,1011.1,0.0,0.0
2023-07-13T19:00,23.3,16.7,1010.8,0.0,0.0
2023-07-13T20:00,24.4,16.7,1010.7,,2.1
2023-07-13T21:00,25.6,16.1,1010.5,,1.5
2023-07-13T22:00,25.6,16.1,1010.2,160.0,2.1
2023-07-13T23:00,25.6,16.1,1009.8,170.0,2.6
2023-07-14T00:00,25.0,15.6,1009.5,210.0,3.1
2023-07-14T01:00,24.4,16.7,1009.8,170.0,2.6
2023-07-14T02:00,23.9,16.7,1009.9,210.0,4.6
2023-07-14T03:00,23.3,17.2,1010.1,220.0,3.1
2023-07-14T04:00,22.2,17.8,1010.2,200.0,2.6
2023-07-14T05:00,21.7,17.8,1010.1,170.0,2.6
2023-07-14T06:00,21.1,17.8,1010.3,180.0,2.6
2023-07-14T07:00,22.2,18.3,1010.1,210.0,4.1
2023-07-14T08:00,21.7,18.9,1009.6,220.0,4.6
2023-07-14T09:00,21.7,18.9,1009.4,220.0,3.6
2023-07-14T10:00,21.1,18.9,1009.3,220.0,4.1
2023-07-14T11:00,21.1,19.4,1008.9,210.0,3.6
2023-07-14T12:00,21.1,19.4,1009.6,230.0,5.1
2023-07-14T13:00,21.7,19.4,1009.5,210.0,4.1
2023-07-14T14:00,23.9,19.4,1010.3,230.0,4.6
2023-07-14T15:00,24.4,18.9,1010.2,210.0,5.7
2023-07-14T16:00,26.7,19.4,1010.2,200.0,5.1
2023-07-14T17:00,28.9,21.1,1010.2,210.0,4.6
2023-07-14T18:00,30.6,19.4,1010.1,250.0,5.7
2023-07-14T19:00,31.1,18.9,1009.6,250.0,7.2
2023-07-14T20:00,31.7,19.4,1008.9,260.0,5.1
2023-07-14T21:00,32.2,18.3,1008.3,220.0,5.7
2023-07-14T22:00,31.7,18.3,1007.9,250.0,3.6
2023-07-14T23:00,30.6,20.0,1008.1,250.0,3.6
2023-07-15T00:00,30.0,21.1,1008.7,220.0,3.6
2023-07-15T01:00,29.4,21.1,1008.4,240.0,2.1
2023-07-15T02:00,28.9,21.7,1008.5,230.0,1.5
2023-07-15T03:00,21.1,18.3,,250.0,6.2
2023-07-15T04:00,22.2,18.3,1008.8,190.0,3.1
2023-07-15T05:00,21.1,18.9,1007.7,230.0,2.1
2023-07-15T06:00,21.1,19.4,1007.6,170.0,3.6
2023-07-15T07:00,22.8,18.3,1007.1,180.0,4.6
2023-07-15T08:00,22.2,18.3,1009.2,320.0,2.6
2023-07-15T09:00,22.2,18.9,1009.3,220.0,2.1
2023-07-15T10:00,21.7,19.4,1008.9,200.0,4.1
2023-07-15T11:00,21.7,20.0,1008.9,200.0,4.1
2023-07-15T12:00,21.7,20.6,1008.6,230.0,2.6
2023-07-15T13:00,21.7,20.6,1008.5,250.0,2.6
2023-07-15T14:00,23.9,20.6,1008.6,240.0,4.1
2023-07-15T15:00,25.6,20.6,1008.8,230.0,4.6
2023-07-15T16:00,26.7,20.6,1008.9,240.0,4.6
2023-07-15T17:00,27.8,20.0,1008.9,260.0,5.1
2023-07-15T18:00,28.9,20.6,1008.6,260.0,5.7
2023-07-15T19:00,28.9,20.0,1008.3,250.0,3.1
2023-07-15T20:00,29.4,19.4,1008.0,240.0,4.1
2023-07-15T21:00,29.4,18.9,1008.2,280.0,4.1
2023-07-15T22:00,29.4,18.9,1008.1,280.0,5.7
2023-07-15T23:00,28.9,18.3,1008.1,280.0,5.1
2023-07-16T00:00,27.8,17.8,1008.4,290.0,5.1
2023-07-16T01:00,26.7,17.8,1008.9,260.0,4.1
2023-07-16T02:00,25.6,17.2,1009.2,260.0,2.6
2023-07-16T03:00,25.0,16.7,1009.7,280.0,3.6
2023-07-16T04:00,23.9,16.1,1010.1,290.0,3.6
2023-07-16T05:00,23.3,16.1,1010.2,260.0,2.6
2023-07-16T06:00,22.2,16.1,1010.0,250.0,2.6
2023-07-16T07:00,21.7,16.1,1010.0,260.0,3.1
2023-07-16T08:00,21.1,16.7,1010.2,270.0,3.1
2023-07-16T09:00,20.6,16.7,1010.0,240.0,2.6
2023-07-16T10:00,20.0,16.7,1010.2,250.0,3.6
2023-07-16T11:00,20.0,15.6,1010.5,240.0,3.1
2023-07-16T12:00,19.0,16.0,1011.0,250.0,3.1
2023-07-16T13:00,20.6,15.6,1011.0,260.0,3.6
2023-07-16T14:00,21.7,15.0,1011.3,270.0,3.6
2023-07-16T15:00,22.8,15.0,1011.6,270.0,4.1
2023-07-16T16:00,25.0,13.3,1011.4,300.0,5.7
2023-07-16T17:00,25.6,12.2,1011.6,270.0,5.7
2023-07-16T18:00,26.7,13.3,1011.2,290.0,4.1
2023-07-16T19:00,26.1,13.3,1011.3,270.0,5.7
2023-07-16T20:00,26.1,13.9,1011.1,270.0,4.1
2023-07-16T21:00,26.7,13.3,1010.8,250.0,7.2
2023-07-16T22:00,26.7,13.9,1009.9,260.0,6.2
2023-07-16T23:00,26.7,13.9,1009.7,260.0,4.6
2023-07-17T00:00,26.1,14.4,1009.4,240.0,4.1
2023-07-17T01:00,25.6,15.0,1009.7,230.0,5.1
2023-07-17T02:00,24.4,15.0,1009.7,220.0,3.1
2023-07-17T03:00,23.3,15.6,1010.2,230.0,3.6
2023-07-17T04:00,23.3,16.1,1010.7,230.0,4.1
2023-07-17T05:00,23.3,16.1,1010.9,230.0,5.1
2023-07-17T06:00,22.8,16.1,1011.0,250.0,5.1
2023-07-17T07:00,22.2,16.1,1011.0,260.0,4.1
2023-07-17T08:00,21.1,16.1,1010.7,250.0,3.1
2023-07-17T09:00,20.0,16.1,1010.4,260.0,2.1
2023-07-17T10:00,19.4,16.1,1011.3,260.0,2.1
2023-07-17T11:00,18.9,15.6,1011.8,280.0,2.1
2023-07-17T12:00,19.4,15.0,1012.3,280.0,2.6
2023-07-17T13:00,20.6,12.8,1012.7,320.0,3.1
2023-07-17T14:00,21.7,12.2,1013.0,310.0,3.1
2023-07-17T15:00,22.8,11.7,1013.4,280.0,4.1
2023-07-17T16:00,23.9,11.1,1013.2,250.0,5.7
2023-07-17T17:00,24.4,10.6,1013.1,260.0,6.7
2023-07-17T18:00,25.0,11.1,1013.1,280.0,6.7
2023-07-17T19:00,25.6,11.1,1012.8,290.0,3.6
2023-07-17T20:00,25.6,11.1,1012.7,250.0,4.1
2023-07-17T21:00,26.1,11.1,1012.2,270.0,4.1
2023-07-17T22:00,26.1,11.1,1011.8,280.0,4.6
2023-07-17T23:00,25.6,11.1,1011.8,280.0,3.6
2023-07-18T00:00,25.0,11.1,1012.1,310.0,4.6
2023-07-18T01:00,24.4,10.6,1012.1,270.0,3.6
2023-07-18T02:00,23.3,11.1,1012.8,250.0,2.1
2023-07-18T03:00,22.2,11.7,1013.6,260.0,2.6
2023-07-18T04:00,21.1,12.2,1014.1,250.0,2.6
2023-07-18T05:00,20.6,12.2,1014.2,290.0,2.6
2023-07-18T06:00,20.0,12.8,1014.2,310.0,2.6
2023-07-18T07:00,18.9,12.8,1013.9,300.0,2.6
2023-07-18T08:00,18.3,12.8,1013.5,320.0,2.1
2023-07-18T09:00,17.2,12.2,1013.6,360.0,3.1
2023-07-18T10:00,17.2,12.2,1014.4,340.0,2.6
2023-07-18T11:00,17.2,12.2,1015.0,290.0,1.5
2023-07-18T12:00,18.9,13.3,1015.6,300.0,1.5
2023-07-18T13:00,21.1,13.3,1015.7,350.0,2.1
2023-07-18T14:00,22.2,12.8,1015.6,20.0,3.1
2023-07-18T15:00,23.3,12.8,1015.0,20.0,2.1
2023-07-18T16:00,24.4,12.2,1015.3,0.0,0.0
2023-07-18T17:00,24.4,12.2,1015.4,250.0,3.1
2023-07-18T18:00,26.1,11.7,1014.9,,1.5
2023-07-18T19:00,26.1,12.2,1014.9,240.0,2.1
2023-07-18T20:00,25.6,13.9,1014.7,120.0,3.6
2023-07-18T21:00,25.0,13.9,1014.5,80.0,3.6
2023-07-18T22:00,26.1,14.4,1014.3,60.0,2.1
2023-07-18T23:00,26.1,13.9,1014.1,50.0,3.6
2023-07-19T00:00,24.4,12.8,1014.2,80.0,4.1
2023-07-19T01:00,23.3,12.8,1014.3,100.0,3.6
2023-07-19T02:00,21.7,12.2,1014.8,100.0,3.1
2023-07-19T03:00,21.7,11.1,1015.8,110.0,2.1
2023-07-19T04:00,20.6,11.1,1016.3,120.0,2.1
2023-07-19T05:00,20.6,11.7,1016.8,0.0,0.0
2023-07-19T06:00,19.4,12.2,1016.6,0.0,0.0
2023-07-19T07:00,18.3,12.8,1016.5,280.0,1.5
2023-07-19T08:00,17.8,12.8,1016.2,280.0,1.5
2023-07-19T09:00,17.8,12.8,1016.3,0.0,0.0
2023-07-19T10:00,17.8,12.8,1016.2,0.0,0.0
2023-07-19T11:00,18.3,12.8,1016.8,0.0,0.0
2023-07-19T12:00,20.0,13.9,1017.1,0.0,0.0
2023-07-19T13:00,21.7,12.8,1017.6,100.0,2.6
2023-07-19T14:00,23.9,12.2,1017.4,90.0,2.1
2023-07-19T15:00,25.0,12.8,1017.6,140.0,3.6
2023-07-19T16:00,26.1,12.2,1017.4,0.0,0.0
2023-07-19T17:00,27.2,13.9,1017.3,60.0,2.6
2023-07-19T18:00,28.3,15.0,1016.9,120.0,2.1
2023-07-19T19:00,28.3,14.4,1016.7,230.0,2.6
2023-07-19T20:00,28.9,15.0,1016.2,190.0,3.1
2023-07-19T21:00,28.9,13.9,1015.7,260.0,2.6
2023-07-19T22:00,29.4,11.7,1015.3,220.0,2.1
2023-07-19T23:00,29.4,12.8,1015.0,230.0,3.1
2023-07-20T00:00,28.3,12.2,1015.1,240.0,3.6
2023-07-20T01:00,26.7,13.9,1014.9,260.0,3.1
2023-07-20T02:00,26.1,14.4,1014.7,250.0,2.1
2023-07-20T03:00,25.0,14.4,1015.0,200.0,1.5
2023-07-20T04:00,23.9,14.4,1014.8,220.0,1.5
2023-07-20T05:00,23.3,15.0,1014.2,200.0,1.5
2023-07-20T06:00,22.2,15.0,1014.4,220.0,2.1
2023-07-20T07:00,22.2,15.6,1014.0,220.0,3.1
2023-07-20T08:00,22.2,15.6,1013.7,220.0,2.1
2023-07-20T09:00,22.2,16.1,1013.5,220.0,1.5
2023-07-20T10:00,22.2,16.1,1013.4,220.0,2.6
2023-07-20T11:00,22.2,16.7,1013.2,220.0,2.6
2023-07-20T12:00,22.8,18.3,1012.8,220.0,3.1
2023-07-20T13:00,24.4,20.0,1012.3,220.0,3.6
2023-07-20T14:00,26.1,20.6,1011.7,230.0,5.7
2023-07-20T15:00,27.8,20.6,1010.9,230.0,7.2
2023-07-20T16:00,28.3,21.1,1011.3,240.0,8.2
2023-07-20T17:00,29.4,20.6,1010.7,260.0,6.2
2023-07-20T18:00,30.6,16.7,1010.6,290.0,6.7
2023-07-20T19:00,30.0,15.0,1010.2,280.0,7.7
2023-07-20T20:00,30.0,15.6,1010.2,300.0,7.7
2023-07-20T21:00,30.0,15.0,1010.2,300.0,6.7
2023-07-20T22:00,29.4,14.4,1010.1,320.0,8.2
2023-07-20T23:00,28.3,13.9,1010.4,320.0,7.7
2023-07-21T00:00,27.8,14.4,1010.9,330.0,5.7
2023-07-21T01:00,25.6,13.3,1011.7,320.0,5.7
2023-07-21T02:00,24.4,13.3,1012.7,310.0,5.1
2023-07-21T03:00,23.3,13.9,1013.3,320.0,4.1
2023-07-21T04:00,22.8,14.4,1013.8,280.0,2.6
2023-07-21T05:00,21.1,14.4,1013.9,350.0,4.1
2023-07-21T06:00,20.0,14.4,1014.1,350.0,2.6
2023-07-21T07:00,20.0,15.0,1014.1,360.0,2.6
2023-07-21T08:00,20.0,15.6,1014.4,320.0,1.5
2023-07-21T09:00,19.4,15.0,1014.2,340.0,3.1
2023-07-21T10:00,18.9,15.0,1014.6,330.0,3.1
2023-07-21T11:00,17.8,15.0,1014.8,350.0,3.6
2023-07-21T12:00,19.4,15.6,1015.3,350.0,3.6
2023-07-21T13:00,20.6,16.1,1016.1,360.0,4.6
2023-07-21T14:00,21.1,16.1,1016.3,10.0,4.1
2023-07-21T15:00,22.2,15.6,1016.7,40.0,3.1
2023-07-21T16:00,22.8,15.6,1016.7,10.0,2.6
2023-07-21T17:00,23.9,15.6,1016.4,340.0,2.1
2023-07-21T18:00,25.6,14.4,1016.0,0.0,0.0
2023-07-21T19:00,26.1,13.9,1016.0,30.0,2.6
2023-07-21T20:00,27.2,13.9,1016.0,360.0,3.1
2023-07-21T21:00,27.2,12.8,1015.2,20.0,4.6
2023-07-21T22:00,27.2,12.2,1015.1,40.0,4.6
2023-07-21T23:00,26.7,11.1,1014.7,50.0,5.1
2023-07-22T00:00,26.1,11.1,1014.1,100.0,3.1
2023-07-22T01:00,23.9,11.7,1014.2,100.0,3.6
2023-07-22T02:00,22.8,11.7,1014.2,100.0,2.6
2023-07-22T03:00,22.8,11.7,1014.3,130.0,1.5
2023-07-22T04:00,21.7,12.8,1014.5,230.0,1.5
2023-07-22T05:00,21.7,12.2,1014.5,0.0,0.0
2023-07-22T06:00,20.6,12.8,1014.2,240.0,2.1
2023-07-22T07:00,19.4,12.8,1013.9,230.0,1.5
2023-07-22T08:00,19.4,12.8,1013.5,210.0,1.5
2023-07-22T09:00,18.9,12.8,1013.3,0.0,0.0
2023-07-22T10:00,18.3,13.3,1013.5,210.0,1.5
2023-07-22T11:00,18.3,13.9,1013.9,0.0,0.0
2023-07-22T12:00,19.4,14.4,1013.9,250.0,1.5
2023-07-22T13:00,21.7,15.0,1014.0,250.0,2.6
2023-07-22T14:00,23.9,15.0,1014.1,270.0,2.6
2023-07-22T15:00,26.1,14.4,1013.6,270.0,4.1
2023-07-22T16:00,27.2,15.0,1013.4,270.0,3.6
2023-07-22T17:00,27.2,14.4,1013.1,220.0,4.1
2023-07-22T18:00,28.9,13.9,1012.5,230.0,4.1
2023-07-22T19:00,28.9,12.8,1012.2,250.0,3.6
2023-07-22T20:00,28.9,12.8,1011.7,270.0,5.1
2023-07-22T21:00,29.4,13.9,1011.3,250.0,6.2
2023-07-22T22:00,26.1,14.4,1011.5,290.0,5.7
2023-07-22T23:00,24.4,13.3,1011.8,280.0,4.6
2023-07-23T00:00,22.8,13.3,1012.8,300.0,4.6
2023-07-23T01:00,20.0,15.0,,220.0,5.7
2023-07-23T02:00,20.0,14.4,1011.4,210.0,4.1
2023-07-23T03:00,21.1,14.4,1011.2,210.0,4.1
2023-07-23T04:00,21.1,15.0,1011.4,220.0,3.1
2023-07-23T05:00,21.1,16.1,1011.5,,1.5
2023-07-23T06:00,18.9,15.6,1013.0,310.0,7.2
2023-07-23T07:00,17.8,16.1,1011.5,170.0,2.6
2023-07-23T08:00,17.8,16.1,1010.8,180.0,3.1
2023-07-23T09:00,18.3,16.7,1011.1,260.0,2.1
2023-07-23T10:00,18.3,17.2,1011.4,250.0,1.5
2023-07-23T11:00,17.8,16.7,1012.3,260.0,1.5
2023-07-23T12:00,17.8,16.7,1012.7,0.0,0.0
2023-07-23T13:00,18.9,17.2,1013.1,270.0,2.1
2023-07-23T14:00,20.6,17.2,1013.4,310.0,2.6
2023-07-23T15:00,23.3,17.2,1013.4,300.0,3.1
2023-07-23T16:00,24.4,16.7,1013.4,240.0,3.1
2023-07-23T17:00,25.6,16.7,1013.3,270.0,2.6
2023-07-23T18:00,26.7,16.7,1012.9,240.0,3.6
2023-07-23T19:00,27.8,16.1,1012.8,290.0,3.1
2023-07-23T20:00,28.3,15.0,1012.7,300.0,3.6
2023-07-23T21:00,27.2,16.1,1012.4,310.0,3.6
2023-07-23T22:00,27.8,16.1,1012.4,270.0,4.1
2023-07-23T23:00,28.3,15.6,1012.4,280.0,3.1
2023-07-24T00:00,27.8,15.6,1012.7,280.0,2.6
2023-07-24T01:00,26.7,15.6,1013.2,290.0,1.5
2023-07-24T02:00,25.6,16.7,1013.5,260.0,1.5
2023-07-24T03:00,24.4,16.7,1014.4,260.0,2.1
2023-07-24T04:00,23.9,16.7,1014.5,0.0,0.0
2023-07-24T05:00,23.3,16.7,1014.7,0.0,0.0
2023-07-24T06:00,22.2,16.7,1014.8,230.0,2.1
2023-07-24T07:00,21.7,16.7,1014.5,250.0,1.5
2023-07-24T08:00,21.7,16.7,1014.3,0.0,0.0
2023-07-24T09:00,21.1,16.7,1014.5,0.0,0.0
2023-07-24T10:00,20.6,17.2,1014.9,260.0,1.5
2023-07-24T11:00,20.6,17.2,1015.4,260.0,1.5
2023-07-24T12:00,21.7,17.2,1015.7,0.0,0.0
2023-07-24T13:00,23.9,17.8,1016.0,0.0,0.0
2023-07-24T14:00,26.1,18.3,1016.4,0.0,0.0
2023-07-24T15:00,27.8,17.2,1016.6,0.0,0.0
2023-07-24T16:00,28.3,16.7,1016.6,320.0,2.1
2023-07-24T17:00,28.9,16.1,1016.9,310.0,2.1
2023-07-24T18:00,28.9,15.6,1016.6,310.0,2.6
2023-07-24T19:00,30.6,15.6,1016.4,330.0,2.6
2023-07-24T20:00,30.6,14.4,1016.3,260.0,2.6
2023-07-24T21:00,30.6,16.1,1016.0,310.0,2.1
2023-07-24T22:00,29.4,17.2,1016.0,60.0,4.1
2023-07-24T23:00,28.3,16.7,1016.3,100.0,4.1
2023-07-25T00:00,27.8,15.6,1016.3,110.0,3.6
2023-07-25T01:00,26.7,15.6,1016.5,90.0,2.6
2023-07-25T02:00,25.0,15.6,1016.8,110.0,2.6
2023-07-25T03:00,23.9,15.6,1017.5,130.0,2.6
2023-07-25T04:00,23.9,16.1,1017.4,150.0,2.1
2023-07-25T05:00,23.9,16.7,1017.8,0.0,0.0
2023-07-25T06:00,22.8,16.7,1017.9,0.0,0.0
2023-07-25T07:00,22.2,16.7,1017.9,0.0,0.0
2023-07-25T08:00,21.7,16.7,1017.8,210.0,1.5
2023-07-25T09:00,21.7,16.7,1017.6,0.0,0.0
2023-07-25T10:00,21.1,16.7,1017.9,0.0,0.0
2023-07-25T11:00,21.1,16.7,1018.1,180.0,2.1
2023-07-25T12:00,21.7,16.7,1018.2,220.0,2.1
2023-07-25T13:00,23.9,17.8,1018.6,200.0,2.1
2023-07-25T14:00,26.1,17.2,1018.4,210.0,3.1
2023-07-25T15:00,27.8,17.8,1018.5,230.0,3.6
2023-07-25T16:00,28.9,18.3,1018.4,190.0,3.1
2023-07-25T17:00,30.0,17.8,1018.0,230.0,3.1
2023-07-25T18:00,31.1,17.2,1017.1,200.0,3.6
2023-07-25T19:00,31.7,17.2,1016.8,170.0,3.1
2023-07-25T20:00,32.2,17.8,1016.4,210.0,3.1
2023-07-25T21:00,32.2,16.7,1015.8,210.0,3.6
2023-07-25T22:00,31.7,17.8,1015.5,190.0,3.6
2023-07-25T23:00,31.1,18.9,1015.0,180.0,6.2
2023-07-26T00:00,30.6,18.9,1015.0,210.0,5.1
2023-07-26T01:00,29.4,18.9,1015.4,210.0,4.6
2023-07-26T02:00,28.3,18.9,1015.5,170.0,3.1
2023-07-26T03:00,27.2,18.9,1015.2,150.0,3.1
2023-07-26T04:00,26.7,18.9,1014.4,150.0,3.6
2023-07-26T05:00,26.1,19.4,1013.9,140.0,3.6
2023-07-26T06:00,26.1,19.4,1013.3,150.0,4.6
2023-07-26T07:00,26.7,19.4,1013.2,180.0,3.1
2023-07-26T08:00,25.6,20.0,1012.6,170.0,3.6
2023-07-26T09:00,25.6,20.0,1011.8,160.0,3.6
2023-07-26T10:00,25.0,20.0,1011.2,170.0,5.1
2023-07-26T11:00,24.4,20.6,1010.6,170.0,4.1
2023-07-26T12:00,25.0,21.7,1010.3,170.0,5.7
2023-07-26T13:00,26.1,21.7,1009.5,170.0,5.1
2023-07-26T14:00,26.7,22.2,1010.3,210.0,4.1
2023-07-26T15:00,22.2,19.4,,320.0,3.6
2023-07-26T16:00,22.2,20.6,1007.9,120.0,5.1
2023-07-26T17:00,26.1,23.9,1008.8,,1.5
2023-07-26T18:00,28.3,24.4,1008.9,0.0,0.0
2023-07-26T19:00,30.6,24.4,1007.5,190.0,4.6
2023-07-26T20:00,30.6,23.9,1007.0,230.0,4.1
2023-07-26T21:00,31.1,23.9,1006.4,210.0,3.6
2023-07-26T22:00,31.1,23.9,1006.7,270.0,4.6
2023-07-26T23:00,31.7,23.9,1006.7,250.0,3.6
2023-07-27T00:00,31.1,23.9,1006.9,280.0,3.6
2023-07-27T01:00,29.4,25.0,1007.7,340.0,4.1
2023-07-27T02:00,28.9,23.3,1008.5,320.0,3.1
2023-07-27T03:00,26.7,21.7,1009.5,350.0,3.6
2023-07-27T04:00,26.1,21.1,1010.3,350.0,2.1
2023-07-27T05:00,25.6,21.1,1010.7,220.0,1.5
2023-07-27T06:00,25.0,21.1,1011.1,0.0,0.0
2023-07-27T07:00,24.4,21.1,1011.1,0.0,0.0
2023-07-27T08:00,23.9,21.1,1011.2,230.0,1.5
2023-07-27T09:00,23.3,20.6,1011.3,0.0,0.0
2023-07-27T10:00,23.3,20.6,1011.7,0.0,0.0
2023-07-27T11:00,22.2,20.6,1012.4,350.0,2.1
2023-07-27T12:00,24.4,21.1,1013.0,0.0,0.0
2023-07-27T13:00,26.7,21.7,1013.6,0.0,0.0
2023-07-27T14:00,28.3,21.7,1013.7,0.0,0.0
2023-07-27T15:00,29.4,22.2,1014.0,,1.5
2023-07-27T16:00,30.6,21.7,1014.3,0.0,0.0
2023-07-27T17:00,32.2,22.2,1014.3,0.0,0.0
2023-07-27T18:00,31.7,22.8,1014.2,70.0,3.6
2023-07-27T19:00,31.7,22.2,1014.1,100.0,4.6
2023-07-27T20:00,32.2,22.2,1013.9,100.0,3.1
2023-07-27T21:00,32.8,22.2,1013.8,120.0,3.6
2023-07-27T22:00,32.8,22.2,1013.4,140.0,3.6
2023-07-27T23:00,33.3,22.2,1012.4,160.0,3.6
2023-07-28T00:00,32.2,21.7,1012.2,150.0,4.6
2023-07-28T01:00,32.2,20.6,1012.5,190.0,2.1
2023-07-28T02:00,31.1,21.1,1013.0,180.0,1.5
2023-07-28T03:00,29.4,21.7,1013.3,130.0,2.6
2023-07-28T04:00,28.3,20.6,1013.0,150.0,2.1
2023-07-28T05:00,27.8,20.6,1013.6,0.0,0.0
2023-07-28T06:00,28.3,20.6,1013.1,170.0,2.1
2023-07-28T07:00,28.9,22.2,1012.5,190.0,2.6
2023-07-28T08:00,27.8,23.3,1011.5,120.0,2.6
2023-07-28T09:00,25.6,20.6,1014.9,10.0,6.7
2023-07-28T10:00,23.3,20.6,1015.0,20.0,4.6
2023-07-28T11:00,22.8,21.1,1016.9,280.0,3.1
2023-07-28T12:00,22.8,21.1,1012.3,90.0,6.2
2023-07-28T13:00,22.8,21.7,1013.6,150.0,3.6
2023-07-28T14:00,25.0,22.8,1013.2,160.0,4.6
2023-07-28T15:00,27.2,22.2,1013.5,170.0,4.1
2023-07-28T16:00,28.3,21.7,1014.1,200.0,5.1
2023-07-28T17:00,30.0,22.8,1013.8,200.0,4.1
2023-07-28T18:00,31.7,22.8,1013.2,230.0,5.7
2023-07-28T19:00,32.2,23.3,1012.6,230.0,4.1
2023-07-28T20:00,32.8,23.9,1012.2,230.0,4.1
2023-07-28T21:00,33.3,24.4,1012.0,210.0,3.6
2023-07-28T22:00,33.3,25.0,1012.0,250.0,2.1
2023-07-28T23:00,31.1,23.9,1012.4,30.0,6.2
2023-07-29T00:00,30.6,23.9,1012.3,40.0,5.1
2023-07-29T01:00,28.3,22.8,1011.1,60.0,3.6
2023-07-29T02:00,26.7,23.9,1010.5,220.0,2.1
2023-07-29T03:00,24.4,21.7,1010.7,10.0,2.1
2023-07-29T04:00,21.7,20.0,1013.3,310.0,12.9
2023-07-29T05:00,22.2,20.6,1015.6,300.0,6.7
2023-07-29T06:00,21.7,19.4,1012.3,330.0,4.1
2023-07-29T07:00,21.7,20.0,1012.5,360.0,7.2
2023-07-29T08:00,21.1,19.4,1013.4,320.0,3.6
2023-07-29T09:00,21.1,19.4,1013.7,280.0,1.5
2023-07-29T10:00,20.6,19.4,1014.5,260.0,2.1
2023-07-29T11:00,21.1,19.4,1014.6,300.0,3.6
2023-07-29T12:00,21.7,20.0,1015.1,340.0,4.6
2023-07-29T13:00,22.2,20.0,1015.5,350.0,4.6
2023-07-29T14:00,23.3,19.4,1016.3,340.0,3.6
2023-07-29T15:00,24.4,19.4,1016.8,360.0,5.1
2023-07-29T16:00,25.0,19.4,1017.2,50.0,4.1
2023-07-29T17:00,26.1,20.0,1017.3,350.0,2.1
2023-07-29T18:00,26.7,19.4,1017.3,360.0,3.6
2023-07-29T19:00,27.2,16.7,1017.6,70.0,5.1
2023-07-29T20:00,27.8,15.6,1018.1,30.0,4.1
2023-07-29T21:00,27.8,15.0,1017.6,30.0,4.1
2023-07-29T22:00,27.8,14.4,1017.4,50.0,4.6
2023-07-29T23:00,27.2,13.3,1017.2,30.0,4.6
2023-07-30T00:00,26.1,12.8,1017.1,50.0,4.6
2023-07-30T01:00,25.0,13.3,1016.6,60.0,3.1
2023-07-30T02:00,21.7,12.8,1017.0,90.0,2.1
2023-07-30T03:00,22.2,12.2,1017.5,100.0,2.6
2023-07-30T04:00,21.7,13.9,1017.5,0.0,0.0
2023-07-30T05:00,21.1,15.0,1017.7,280.0,1.5
2023-07-30T06:00,20.6,14.4,1017.6,240.0,2.1
2023-07-30T07:00,20.6,14.4,1017.5,0.0,0.0
2023-07-30T08:00,20.6,14.4,1017.5,270.0,2.1
2023-07-30T09:00,20.6,15.0,1017.3,260.0,2.6
2023-07-30T10:00,20.6,15.6,1017.3,240.0,1.5
2023-07-30T11:00,20.6,15.6,1017.5,0.0,0.0
2023-07-30T12:00,21.1,16.1,1017.8,330.0,1.5
2023-07-30T13:00,22.8,17.2,1018.3,340.0,2.6
2023-07-30T14:00,23.9,18.3,1018.7,10.0,3.6
2023-07-30T15:00,24.4,18.9,1018.6,20.0,4.1
2023-07-30T16:00,25.6,18.3,1018.9,20.0,6.7
2023-07-30T17:00,25.6,17.8,1018.9,30.0,5.7
2023-07-30T18:00,25.6,17.2,1018.7,60.0,6.7
2023-07-30T19:00,25.6,16.1,1018.8,30.0,4.6
2023-07-30T20:00,26.1,16.1,1018.8,50.0,5.1
2023-07-30T21:00,25.6,15.0,1018.5,60.0,3.1
2023-07-30T22:00,25.6,14.4,1018.5,20.0,5.1
2023-07-30T23:00,25.0,13.3,1018.6,30.0,5.7
2023-07-31T00:00,24.4,12.8,1018.3,50.0,3.6
2023-07-31T01:00,23.3,12.2,1018.3,110.0,2.6
2023-07-31T02:00,22.2,11.7,1018.6,120.0,2.6
2023-07-31T03:00,21.7,11.1,1018.5,120.0,2.1
2023-07-31T04:00,21.7,11.7,1018.4,140.0,1.5
2023-07-31T05:00,20.6,12.8,1018.6,220.0,1.5
2023-07-31T06:00,19.4,12.8,1018.9,250.0,2.1
2023-07-31T07:00,19.4,12.8,1018.6,260.0,1.5
2023-07-31T08:00,18.9,13.3,1018.8,0.0,0.0
2023-07-31T09:00,17.8,13.3,1019.3,0.0,0.0
2023-07-31T10:00,18.9,13.9,1019.7,0.0,0.0
2023-07-31T11:00,18.3,13.9,1019.6,0.0,0.0
2023-07-31T12:00,19.4,15.6,1020.1,310.0,1.5
2023-07-31T13:00,21.7,14.4,1020.7,280.0,2.6
2023-07-31T14:00,23.3,13.9,1021.2,260.0,3.1
2023-07-31T15:00,25.0,13.9,1021.3,290.0,2.6
2023-07-31T16:00,25.6,13.3,1020.7,,2.1
2023-07-31T17:00,26.1,13.9,1021.0,300.0,1.5
2023-07-31T18:00,26.7,13.9,1020.7,330.0,3.1
2023-07-31T19:00,26.7,14.4,1020.2,360.0,3.1
2023-07-31T20:00,27.2,15.6,1019.9,110.0,3.1
2023-07-31T21:00,26.1,14.4,1019.9,70.0,2.6
2023-07-31T22:00,26.7,14.4,1019.5,90.0,2.6
2023-07-31T23:00,26.7,13.9,1019.3,70.0,4.1
2023-08-01T00:00,25.6,13.9,1019.1,80.0,4.1
2023-08-01T01:00,24.4,13.3,1019.7,90.0,3.1
2023-08-01T02:00,23.3,13.3,1020.3,100.0,3.1
2023-08-01T03:00,23.3,13.3,1020.9,120.0,2.1
2023-08-01T04:00,22.8,13.9,1020.9,140.0,2.6
2023-08-01T05:00,22.2,13.9,1020.8,130.0,2.1
2023-08-01T06:00,21.7,14.4,1020.7,0.0,0.0
2023-08-01T07:00,21.7,14.4,1020.7,0.0,0.0
2023-08-01T08:00,21.7,13.9,1021.0,130.0,2.1
2023-08-01T09:00,21.1,13.9,1021.0,160.0,2.1
2023-08-01T10:00,21.1,14.4,1021.3,170.0,1.5
2023-08-01T11:00,20.6,15.0,1021.4,150.0,1.5
2023-08-01T12:00,21.1,15.6,1021.5,180.0,1.5
2023-08-01T13:00,22.2,15.6,1022.1,210.0,2.6
2023-08-01T14:00,24.4,16.1,1022.2,210.0,3.1
2023-08-01T15:00,25.6,15.0,1022.4,230.0,4.1
2023-08-01T16:00,26.1,15.6,1022.4,210.0,4.1
2023-08-01T17:00,26.1,15.6,1022.1,220.0,4.6
2023-08-01T18:00,27.2,16.7,1021.7,210.0,3.1
2023-08-01T19:00,28.9,17.2,1020.7,220.0,5.7
2023-08-01T20:00,29.4,17.2,1020.3,240.0,4.6
2023-08-01T21:00,28.9,17.2,1019.8,190.0,3.1
2023-08-01T22:00,29.4,16.7,1019.3,210.0,3.6
2023-08-01T23:00,28.9,17.2,1019.1,220.0,4.1
2023-08-02T00:00,27.8,17.2,1019.3,220.0,5.1
2023-08-02T01:00,27.2,16.7,1019.3,220.0,2.6
2023-08-02T02:00,26.1,16.7,1019.6,220.0,2.1
2023-08-02T03:00,25.6,16.7,1020.3,200.0,3.6
2023-08-02T04:00,24.4,16.7,1020.5,190.0,3.1
2023-08-02T05:00,23.9,16.1,1020.0,190.0,3.6
2023-08-02T06:00,23.3,15.0,1019.8,190.0,3.1
2023-08-02T07:00,22.8,15.0,1019.8,200.0,3.1
2023-08-02T08:00,22.2,15.0,1019.3,190.0,2.6
2023-08-02T09:00,21.1,15.0,1018.6,150.0,1.5
2023-08-02T10:00,20.6,15.0,1018.8,180.0,3.6
2023-08-02T11:00,20.6,15.0,1019.5,170.0,2.1
2023-08-02T12:00,21.7,15.6,1019.2,190.0,3.1
2023-08-02T13:00,23.3,16.1,1019.0,190.0,3.6
2023-08-02T14:00,25.0,16.1,1019.1,190.0,5.1
2023-08-02T15:00,26.1,16.1,1019.5,200.0,5.7
2023-08-02T16:00,27.2,15.6,1019.3,200.0,5.1
2023-08-02T17:00,27.8,15.6,1018.7,220.0,5.1
2023-08-02T18:00,27.2,16.1,1018.0,240.0,4.1
2023-08-02T19:00,27.8,16.7,1017.1,200.0,5.7
2023-08-02T20:00,28.9,16.7,1016.6,150.0,2.6
2023-08-02T21:00,28.9,16.7,1016.2,220.0,3.1
2023-08-02T22:00,28.3,16.7,1016.0,170.0,3.6
2023-08-02T23:00,28.3,16.7,1016.1,190.0,4.1
2023-08-03T00:00,27.8,17.2,1016.0,190.0,4.1
2023-08-03T01:00,26.7,17.2,1015.9,200.0,4.6
2023-08-03T02:00,26.1,16.7,1016.2,200.0,3.6
2023-08-03T03:00,25.0,17.2,1016.5,230.0,2.6
2023-08-03T04:00,23.9,17.8,1015.9,220.0,1.5
2023-08-03T05:00,23.3,17.8,1015.8,0.0,0.0
2023-08-03T06:00,22.8,17.8,1015.8,0.0,0.0
2023-08-03T07:00,21.7,17.8,1015.5,220.0,1.5
2023-08-03T08:00,21.1,18.3,1015.1,0.0,0.0
2023-08-03T09:00,21.1,18.3,1014.8,0.0,0.0
2023-08-03T10:00,20.0,17.8,1015.2,0.0,0.0
2023-08-03T11:00,20.0,17.8,1014.6,220.0,2.6
2023-08-03T12:00,20.6,18.9,1015.2,240.0,1.5
2023-08-03T13:00,22.2,19.4,1015.6,0.0,0.0
2023-08-03T14:00,23.9,18.9,1015.4,0.0,0.0
2023-08-03T15:00,26.1,18.9,1015.4,110.0,1.5
2023-08-03T16:00,26.7,18.3,1015.4,290.0,1.5
2023-08-03T17:00,28.3,17.8,1015.3,,1.5
2023-08-03T18:00,28.9,18.3,1014.6,180.0,2.6
2023-08-03T19:00,31.1,17.2,1014.2,30.0,1.5
2023-08-03T20:00,30.0,17.8,1013.8,240.0,3.1
2023-08-03T21:00,31.1,17.8,1012.9,,2.1
2023-08-03T22:00,31.1,17.8,1012.8,,2.1
2023-08-03T23:00,30.6,19.4,1012.6,260.0,4.6
2023-08-04T00:00,29.4,19.4,1012.3,250.0,3.6
2023-08-04T01:00,27.8,20.0,1012.9,260.0,3.6
2023-08-04T02:00,26.7,20.0,1014.1,270.0,2.6
2023-08-04T03:00,26.1,20.0,1013.8,250.0,2.1
2023-08-04T04:00,25.0,20.0,1014.1,0.0,0.0
2023-08-04T05:00,25.0,19.4,1014.1,330.0,1.5
2023-08-04T06:00,23.9,19.4,1013.7,270.0,2.6
2023-08-04T07:00,23.9,19.4,1013.5,280.0,2.6
2023-08-04T08:00,23.3,19.4,1013.2,260.0,2.1
2023-08-04T09:00,22.8,19.4,1013.1,0.0,0.0
2023-08-04T10:00,22.8,20.0,1013.2,20.0,3.1
2023-08-04T11:00,22.8,20.0,1013.4,20.0,2.6
2023-08-04T12:00,23.3,20.6,1013.6,30.0,2.1
2023-08-04T13:00,25.0,20.6,1014.5,80.0,3.6
2023-08-04T14:00,26.1,20.6,1015.1,90.0,2.6
2023-08-04T15:00,27.2,20.6,1015.2,80.0,3.6
2023-08-04T16:00,28.3,17.2,1016.0,70.0,3.1
2023-08-04T17:00,28.9,17.8,1016.2,60.0,4.1
2023-08-04T18:00,29.4,17.2,1015.8,60.0,5.7
2023-08-04T19:00,29.4,15.6,1015.7,80.0,5.1
2023-08-04T20:00,28.9,15.6,1015.4,40.0,7.2
2023-08-04T21:00,28.3,15.0,1015.4,40.0,6.2
2023-08-04T22:00,28.3,14.4,1015.8,30.0,5.1
2023-08-04T23:00,27.2,14.4,1015.2,50.0,6.2
2023-08-05T00:00,25.6,14.4,1015.0,40.0,7.2
2023-08-05T01:00,24.4,16.1,1015.6,20.0,5.7
2023-08-05T02:00,23.3,17.8,1015.8,20.0,5.7
2023-08-05T03:00,23.3,18.3,1016.1,30.0,4.6
2023-08-05T04:00,22.8,18.3,1016.2,50.0,3.6
2023-08-05T05:00,22.8,18.9,1016.3,60.0,3.1
2023-08-05T06:00,22.2,18.9,1015.9,50.0,4.6
2023-08-05T07:00,21.7,18.3,1015.8,60.0,4.1
2023-08-05T08:00,22.2,17.8,1015.6,50.0,3.6
2023-08-05T09:00,22.8,17.8,1015.2,50.0,3.6
2023-08-05T10:00,22.8,18.9,1015.0,60.0,3.1
2023-08-05T11:00,22.2,19.4,1014.7,60.0,3.1
2023-08-05T12:00,23.3,20.6,1014.7,50.0,3.6
2023-08-05T13:00,23.9,20.6,1015.1,70.0,3.1
2023-08-05T14:00,24.4,19.4,1014.8,80.0,2.6
2023-08-05T15:00,23.9,19.4,1014.9,70.0,3.1
2023-08-05T16:00,23.9,19.4,1014.8,110.0,5.7
2023-08-05T17:00,23.3,19.4,1014.6,90.0,4.1
2023-08-05T18:00,23.3,19.4,1014.3,90.0,5.1
2023-08-05T19:00,22.8,20.0,1014.2,70.0,5.1
2023-08-05T20:00,22.8,20.0,1014.0,70.0,4.6
2023-08-05T21:00,23.9,20.0,1013.4,70.0,6.2
2023-08-05T22:00,22.8,19.4,1013.2,80.0,5.7
2023-08-05T23:00,22.2,19.4,1013.3,70.0,4.1
2023-08-06T00:00,23.3,19.4,1012.7,80.0,4.1
2023-08-06T01:00,22.8,17.8,1012.8,70.0,4.1
2023-08-06T02:00,22.8,17.2,1012.6,90.0,5.1
2023-08-06T03:00,22.8,17.2,1013.3,80.0,5.1
2023-08-06T04:00,21.7,17.2,1013.0,70.0,3.1
2023-08-06T05:00,21.1,17.2,1012.5,90.0,3.1
2023-08-06T06:00,20.6,18.3,1012.7,70.0,5.1
2023-08-06T07:00,19.4,17.8,1012.4,80.0,4.6
2023-08-06T08:00,19.4,18.3,,50.0,4.6
2023-08-06T09:00,19.4,18.3,1011.1,60.0,5.7
2023-08-06T10:00,18.9,17.2,1011.0,70.0,6.2
2023-08-06T11:00,19.4,17.2,1010.8,20.0,5.7
2023-08-06T12:00,20.6,16.7,1010.4,30.0,7.7
2023-08-06T13:00,20.6,17.8,1009.7,60.0,6.2
2023-08-06T14:00,20.6,17.8,1010.6,10.0,6.2
2023-08-06T15:00,20.6,17.8,1011.0,350.0,4.6
2023-08-06T16:00,20.0,17.8,1010.8,350.0,6.2
2023-08-06T17:00,21.1,17.8,1010.6,360.0,7.2
2023-08-06T18:00,21.7,17.2,1010.5,10.0,6.7
2023-08-06T19:00,21.1,17.2,1010.8,10.0,6.2
2023-08-06T20:00,21.1,17.8,1010.9,360.0,4.1
2023-08-06T21:00,21.7,17.8,1010.2,40.0,4.6
2023-08-06T22:00,22.2,17.2,,30.0,4.1
2023-08-06T23:00,21.7,17.2,,30.0,4.6
2023-08-07T00:00,21.1,16.7,1009.6,10.0,5.7
2023-08-07T01:00,20.0,17.2,1009.6,350.0,3.6
2023-08-07T02:00,20.6,17.2,1009.4,30.0,4.6
2023-08-07T03:00,20.0,17.8,1009.2,20.0,3.6
2023-08-07T04:00,20.6,17.2,1009.2,360.0,2.6
2023-08-07T05:00,20.0,17.8,1008.6,350.0,3.6
2023-08-07T06:00,20.6,17.2,1008.3,360.0,4.1
2023-08-07T07:00,20.0,17.8,1007.8,360.0,2.6
2023-08-07T08:00,20.6,17.2,1007.5,40.0,4.6
2023-08-07T09:00,20.6,17.2,1007.2,30.0,4.6
2023-08-07T10:00,20.6,17.2,1007.3,20.0,4.1
2023-08-07T11:00,20.6,17.2,1007.7,30.0,4.6
2023-08-07T12:00,21.1,17.2,1008.2,10.0,4.1
2023-08-07T13:00,21.1,17.2,1008.6,10.0,4.6
2023-08-07T14:00,22.8,16.1,1009.0,20.0,6.2
2023-08-07T15:00,22.2,16.1,1009.3,30.0,7.7
2023-08-07T16:00,23.9,15.0,1009.4,10.0,7.2
2023-08-07T17:00,23.3,15.0,1009.8,10.0,6.7
2023-08-07T18:00,23.9,15.6,1010.4,40.0,6.7
2023-08-07T19:00,24.4,14.4,1010.6,20.0,5.1
2023-08-07T20:00,25.0,14.4,1011.0,340.0,3.6
2023-08-07T21:00,26.7,16.1,1010.6,320.0,3.1
2023-08-07T22:00,26.7,15.0,1010.5,330.0,4.6
2023-08-07T23:00,26.7,15.6,1010.3,310.0,3.6
2023-08-08T00:00,25.0,16.1,1010.8,20.0,3.1
2023-08-08T01:00,23.9,16.7,1011.1,100.0,2.6
2023-08-08T02:00,22.8,16.1,1011.5,100.0,1.5
2023-08-08T03:00,22.2,16.7,1012.0,110.0,2.6
2023-08-08T04:00,21.7,16.7,1012.1,180.0,2.1
2023-08-08T05:00,20.0,16.1,1012.3,220.0,1.5
2023-08-08T06:00,19.4,15.6,1012.5,220.0,2.1
2023-08-08T07:00,18.9,15.6,1012.3,260.0,2.6
2023-08-08T08:00,18.9,15.0,1012.5,260.0,3.6
2023-08-08T09:00,18.9,14.4,1012.4,250.0,2.6
2023-08-08T10:00,18.3,14.4,1012.2,260.0,1.5
2023-08-08T11:00,17.8,14.4,1012.0,0.0,0.0
2023-08-08T12:00,18.3,15.0,1012.3,240.0,1.5
2023-08-08T13:00,20.6,16.1,1012.0,260.0,2.1
2023-08-08T14:00,23.3,17.2,1012.7,240.0,3.1
2023-08-08T15:00,26.1,17.8,1013.0,250.0,3.6
2023-08-08T16:00,27.2,15.6,1013.4,260.0,5.7
2023-08-08T17:00,27.8,15.0,1012.9,260.0,3.6
2023-08-08T18:00,28.3,15.0,1012.1,280.0,4.6
2023-08-08T19:00,28.9,13.9,1011.5,260.0,5.1
2023-08-08T20:00,27.8,15.6,1011.8,310.0,6.7
2023-08-08T21:00,26.7,16.1,1011.7,300.0,5.1
2023-08-08T22:00,26.1,17.2,1011.7,250.0,4.6
2023-08-08T23:00,26.1,16.7,1010.9,260.0,3.6
2023-08-09T00:00,26.1,15.0,1010.6,260.0,3.1
2023-08-09T01:00,25.0,15.0,1010.5,250.0,2.6
2023-08-09T02:00,23.9,16.1,1010.7,240.0,2.6
2023-08-09T03:00,22.8,16.7,1011.0,250.0,3.1
2023-08-09T04:00,22.2,17.2,1011.0,250.0,2.6
2023-08-09T05:00,21.7,17.8,1011.5,240.0,2.6
2023-08-09T06:00,21.1,17.8,1011.3,230.0,3.6
2023-08-09T07:00,20.6,17.8,1011.0,250.0,3.6
2023-08-09T08:00,20.0,17.8,1011.0,260.0,3.1
2023-08-09T09:00,19.4,17.2,1010.6,220.0,1.5
2023-08-09T10:00,18.9,17.2,1010.4,230.0,2.1
2023-08-09T11:00,18.9,17.2,1010.6,210.0,2.6
2023-08-09T12:00,18.9,17.2,1010.6,230.0,2.1
2023-08-09T13:00,20.0,17.8,1010.1,260.0,2.1
2023-08-09T14:00,22.2,18.3,1010.2,230.0,2.6
2023-08-09T15:00,24.4,18.9,1010.9,210.0,3.6
2023-08-09T16:00,23.9,18.3,1010.4,230.0,3.1
2023-08-09T17:00,24.4,18.9,1010.3,210.0,4.1
2023-08-09T18:00,25.0,18.3,1009.3,220.0,2.6
2023-08-09T19:00,25.6,17.8,1009.0,260.0,3.1
2023-08-09T20:00,25.6,17.2,1008.8,250.0,2.1
2023-08-09T21:00,25.6,18.3,1008.2,210.0,3.1
2023-08-09T22:00,25.0,18.3,1007.9,240.0,2.1
2023-08-09T23:00,25.0,18.3,1007.5,220.0,2.1
2023-08-10T00:00,25.0,18.3,1007.3,250.0,2.6
2023-08-10T01:00,23.9,18.3,1007.2,240.0,1.5
2023-08-10T02:00,23.3,18.3,1007.2,0.0,0.0
2023-08-10T03:00,22.8,18.3,1007.3,200.0,3.1
2023-08-10T04:00,21.7,17.8,1007.2,240.0,2.6
2023-08-10T05:00,21.1,17.2,1007.1,240.0,2.6
2023-08-10T06:00,20.0,17.8,1006.9,220.0,2.1
2023-08-10T07:00,18.9,17.8,1006.5,220.0,2.6
2023-08-10T08:00,18.9,17.8,1006.1,250.0,2.6
2023-08-10T09:00,18.9,18.3,1005.7,270.0,3.1
2023-08-10T10:00,18.9,18.3,1006.1,280.0,3.1
2023-08-10T11:00,18.9,17.8,1006.6,230.0,1.5
2023-08-10T12:00,18.3,17.2,1006.7,250.0,2.6
2023-08-10T13:00,20.0,17.8,1007.0,250.0,2.1
2023-08-10T14:00,21.7,17.8,1007.4,250.0,4.1
2023-08-10T15:00,23.3,18.3,1007.7,250.0,3.6
2023-08-10T16:00,25.6,18.9,1008.0,230.0,4.6
2023-08-10T17:00,27.2,17.8,1008.0,250.0,4.1
2023-08-10T18:00,27.8,17.8,1007.5,250.0,5.7
2023-08-10T19:00,28.3,17.8,1007.3,260.0,4.6
2023-08-10T20:00,29.4,18.3,1007.1,300.0,4.1
2023-08-10T21:00,28.9,17.2,1006.9,270.0,5.1
2023-08-10T22:00,29.4,17.2,1006.8,250.0,5.7
2023-08-10T23:00,28.3,16.7,1007.1,290.0,4.1
2023-08-11T00:00,28.3,17.8,1007.1,260.0,3.1
2023-08-11T01:00,26.7,20.0,1007.4,240.0,3.1
2023-08-11T02:00,25.0,19.4,1008.0,250.0,3.1
2023-08-11T03:00,23.9,19.4,1008.2,230.0,3.6
2023-08-11T04:00,23.3,18.9,1008.3,220.0,3.6
2023-08-11T05:00,22.8,18.9,1008.6,240.0,4.1
2023-08-11T06:00,22.8,18.9,1008.7,250.0,3.1
2023-08-11T07:00,22.8,18.9,1008.0,200.0,1.5
2023-08-11T08:00,22.2,18.9,1007.6,210.0,1.5
2023-08-11T09:00,22.2,18.9,1007.6,230.0,1.5
2023-08-11T10:00,21.7,18.9,1007.9,230.0,2.1
2023-08-11T11:00,21.7,18.9,1007.9,210.0,2.6
2023-08-11T12:00,22.2,18.9,1008.4,220.0,3.6
2023-08-11T13:00,22.8,18.9,1008.7,240.0,4.1
2023-08-11T14:00,22.8,18.9,1008.1,200.0,4.6
2023-08-11T15:00,22.8,19.4,1006.0,100.0,1.5
2023-08-11T16:00,24.4,20.0,1006.9,240.0,3.1
2023-08-11T17:00,26.7,20.0,1007.1,210.0,5.7
2023-08-11T18:00,28.3,17.2,1006.4,210.0,6.7
2023-08-11T19:00,29.4,17.8,1006.1,250.0,7.2
2023-08-11T20:00,28.9,17.8,1006.1,240.0,6.2
2023-08-11T21:00,28.3,19.4,1005.9,250.0,6.7
2023-08-11T22:00,28.9,20.0,1006.0,240.0,6.2
2023-08-11T23:00,28.9,19.4,1006.0,260.0,4.6
2023-08-12T00:00,28.3,20.0,1006.0,250.0,5.1
2023-08-12T01:00,27.8,20.0,1006.6,240.0,3.6
2023-08-12T02:00,27.2,20.0,1006.8,240.0,3.1
2023-08-12T03:00,26.1,20.6,1007.3,230.0,2.6
2023-08-12T04:00,25.6,21.1,1007.2,230.0,2.6
2023-08-12T05:00,25.6,21.1,1007.4,250.0,2.6
2023-08-12T06:00,23.3,15.6,1009.5,10.0,11.8
2023-08-12T07:00,21.7,15.0,1008.5,0.0,0.0
2023-08-12T08:00,21.7,15.6,1008.1,190.0,3.1
2023-08-12T09:00,22.2,15.6,1007.2,180.0,1.5
2023-08-12T10:00,21.7,15.6,1007.5,0.0,0.0
2023-08-12T11:00,22.2,16.1,1008.0,0.0,0.0
2023-08-12T12:00,21.7,17.8,1007.5,210.0,1.5
2023-08-12T13:00,23.3,18.3,1008.5,330.0,4.1
2023-08-12T14:00,25.0,16.7,1008.6,330.0,5.1
2023-08-12T15:00,25.0,16.1,1008.8,320.0,6.7
2023-08-12T16:00,27.2,15.0,1009.1,330.0,5.1
2023-08-12T17:00,27.8,15.6,1009.5,300.0,4.6
2023-08-12T18:00,29.4,13.9,1009.6,300.0,5.7
2023-08-12T19:00,29.4,15.0,1009.8,320.0,4.1
2023-08-12T20:00,30.0,14.4,1010.1,300.0,7.2
2023-08-12T21:00,30.0,13.9,1009.8,280.0,3.6
2023-08-12T22:00,30.6,13.9,1010.1,270.0,6.2
2023-08-12T23:00,30.0,13.3,1010.1,300.0,6.7
2023-08-13T00:00,29.4,15.0,1010.4,260.0,4.1
2023-08-13T01:00,28.3,13.9,1010.6,260.0,4.1
2023-08-13T02:00,26.7,15.0,1010.9,220.0,2.6
2023-08-13T03:00,25.6,15.6,1011.2,240.0,3.1
2023-08-13T04:00,25.0,16.1,1011.3,250.0,4.6
2023-08-13T05:00,23.9,16.1,1011.6,270.0,3.6
2023-08-13T06:00,22.8,15.6,1012.4,280.0,3.1
2023-08-13T07:00,22.2,15.0,1012.4,290.0,3.6
2023-08-13T08:00,21.1,15.0,1012.5,300.0,3.1
2023-08-13T09:00,21.1,14.4,1012.8,290.0,3.1
2023-08-13T10:00,20.6,15.0,1013.2,290.0,2.6
2023-08-13T11:00,19.4,15.0,1013.6,260.0,2.1
2023-08-13T12:00,20.0,15.0,1013.7,280.0,2.1
2023-08-13T13:00,22.8,17.8,1014.3,360.0,2.6
2023-08-13T14:00,23.9,18.3,1015.0,10.0,1.5
2023-08-13T15:00,26.1,18.9,1015.1,60.0,1.5
2023-08-13T16:00,27.2,18.3,1015.7,0.0,0.0
2023-08-13T17:00,26.1,18.9,1015.8,70.0,4.1
2023-08-13T18:00,25.0,18.3,1016.0,70.0,5.1
2023-08-13T19:00,24.4,18.3,1016.0,70.0,4.1
2023-08-13T20:00,23.3,18.3,1016.0,80.0,4.6
2023-08-13T21:00,22.8,17.8,1016.1,80.0,3.6
2023-08-13T22:00,22.8,17.8,1015.8,80.0,4.6
2023-08-13T23:00,22.2,17.8,1016.0,90.0,5.1
2023-08-14T00:00,22.2,17.8,1015.9,70.0,4.6
2023-08-14T01:00,22.2,17.8,1015.8,70.0,3.6
2023-08-14T02:00,22.2,17.2,1016.3,80.0,3.6
2023-08-14T03:00,21.7,17.2,1016.5,80.0,3.6
2023-08-14T04:00,21.7,17.2,1015.8,80.0,3.1
2023-08-14T05:00,21.7,16.7,1015.6,70.0,3.1
2023-08-14T06:00,21.7,16.1,1014.7,60.0,3.6
2023-08-14T07:00,21.7,16.7,1013.9,50.0,3.6
2023-08-14T08:00,21.7,17.2,1013.3,60.0,2.6
2023-08-14T09:00,21.7,17.2,1013.4,80.0,3.6
2023-08-14T10:00,21.7,17.2,1013.6,80.0,3.1
2023-08-14T11:00,21.7,17.8,1012.8,100.0,4.1
2023-08-14T12:00,22.2,17.2,1012.7,100.0,2.6
2023-08-14T13:00,22.8,17.8,1012.1,110.0,3.1
2023-08-14T14:00,23.3,17.8,1011.2,110.0,4.1
2023-08-14T15:00,23.9,17.8,1011.1,140.0,2.6
2023-08-14T16:00,24.4,17.8,1010.5,150.0,2.6
2023-08-14T17:00,21.7,18.9,1010.2,130.0,2.1
2023-08-14T18:00,22.2,18.9,1009.7,60.0,1.5
2023-08-14T19:00,21.7,19.4,,350.0,1.5
2023-08-14T20:00,21.1,19.4,1009.4,20.0,2.6
2023-08-14T21:00,21.7,18.9,1008.4,10.0,3.1
2023-08-14T22:00,20.6,19.4,1008.0,360.0,5.1
2023-08-14T23:00,20.6,19.4,,10.0,6.7
2023-08-15T00:00,18.9,17.2,1008.6,10.0,5.1
2023-08-15T01:00,19.4,16.7,1008.3,10.0,6.7
2023-08-15T02:00,18.9,17.2,1009.8,310.0,4.6
2023-08-15T03:00,18.9,17.2,1010.1,320.0,5.7
2023-08-15T04:00,18.3,16.7,1010.7,330.0,4.1
2023-08-15T05:00,17.8,16.7,1010.7,300.0,4.1
2023-08-15T06:00,17.8,16.7,1010.5,280.0,2.6
2023-08-15T07:00,17.8,17.2,1010.2,290.0,3.1
2023-08-15T08:00,18.3,17.2,1010.4,340.0,3.6
2023-08-15T09:00,17.8,16.7,1011.0,320.0,4.6
2023-08-15T10:00,16.7,16.1,1011.5,310.0,6.2
2023-08-15T11:00,17.8,16.1,1012.0,320.0,5.7
2023-08-15T12:00,17.8,16.1,1012.6,330.0,4.6
2023-08-15T13:00,19.4,16.7,1013.0,340.0,6.7
2023-08-15T14:00,20.0,16.1,1013.7,330.0,7.2
2023-08-15T15:00,18.9,16.1,1014.5,340.0,5.7
2023-08-15T16:00,20.6,16.1,1015.1,330.0,6.2
2023-08-15T17:00,22.2,15.6,1015.5,360.0,8.2
2023-08-15T18:00,22.2,15.6,1015.7,40.0,6.7
2023-08-15T19:00,22.8,15.0,1015.6,10.0,3.6
2023-08-15T20:00,23.9,12.8,1015.3,20.0,7.2
2023-08-15T21:00,25.6,11.7,1015.2,20.0,6.7
2023-08-15T22:00,25.0,11.1,1015.3,20.0,4.1
2023-08-15T23:00,25.0,11.7,1015.1,20.0,4.6
2023-08-16T00:00,23.3,11.7,1015.3,30.0,2.1
2023-08-16T01:00,20.6,12.2,1015.7,50.0,2.6
2023-08-16T02:00,20.0,12.8,1016.1,0.0,0.0
2023-08-16T03:00,19.4,13.3,1016.5,0.0,0.0
2023-08-16T04:00,17.8,13.9,1016.7,230.0,1.5
2023-08-16T05:00,16.7,13.3,1016.5,230.0,2.1
2023-08-16T06:00,16.7,12.8,1016.4,220.0,2.6
2023-08-16T07:00,16.7,12.8,1016.1,230.0,2.1
2023-08-16T08:00,16.1,12.8,1016.3,240.0,2.6
2023-08-16T09:00,16.1,12.8,1016.3,240.0,2.6
2023-08-16T10:00,15.6,12.8,1016.3,240.0,2.6
2023-08-16T11:00,15.6,12.8,1016.4,240.0,2.1
2023-08-16T12:00,16.7,12.8,1017.0,270.0,3.1
2023-08-16T13:00,18.9,13.3,1017.1,260.0,2.6
2023-08-16T14:00,21.7,13.3,1016.9,260.0,4.6
2023-08-16T15:00,23.3,13.3,1016.5,250.0,3.6
2023-08-16T16:00,25.0,13.3,1016.6,240.0,5.1
2023-08-16T17:00,25.6,13.9,1015.9,250.0,3.1
2023-08-16T18:00,27.2,15.0,1015.1,190.0,4.6
2023-08-16T19:00,27.2,15.0,1014.3,270.0,3.6
2023-08-16T20:00,27.8,15.6,1013.7,230.0,3.1
2023-08-16T21:00,27.8,15.0,1012.9,230.0,4.6
2023-08-16T22:00,27.2,15.0,1012.5,210.0,6.2
2023-08-16T23:00,26.7,15.0,1011.8,210.0,7.2
2023-08-17T00:00,26.1,15.0,1011.2,210.0,6.2
2023-08-17T01:00,25.0,15.0,1011.1,210.0,5.7
2023-08-17T02:00,23.9,15.0,1010.5,190.0,4.6
2023-08-17T03:00,22.8,15.6,1010.4,190.0,4.6
2023-08-17T04:00,22.8,15.0,1009.5,190.0,5.7
2023-08-17T05:00,22.2,14.4,1008.9,200.0,5.7
2023-08-17T06:00,21.7,14.4,1008.8,210.0,5.7
2023-08-17T07:00,21.1,14.4,1007.6,210.0,5.7
2023-08-17T08:00,21.7,14.4,1007.3,210.0,6.7
2023-08-17T09:00,21.7,14.4,1005.4,210.0,7.7
2023-08-17T10:00,21.1,14.4,1004.6,210.0,9.8
2023-08-17T11:00,21.1,15.0,1004.0,220.0,7.7
2023-08-17T12:00,21.1,15.0,1003.8,210.0,7.2
2023-08-17T13:00,18.9,16.7,,220.0,6.2
2023-08-17T14:00,18.9,17.2,1004.3,230.0,4.6
2023-08-17T15:00,20.0,18.3,1004.6,240.0,5.7
2023-08-17T16:00,23.3,18.9,1004.7,240.0,4.6
2023-08-17T17:00,26.1,15.6,1004.7,280.0,5.7
2023-08-17T18:00,26.7,11.7,1005.0,290.0,7.7
2023-08-17T19:00,26.7,12.8,1005.6,270.0,5.7
2023-08-17T20:00,25.6,12.8,1006.2,310.0,7.7
2023-08-17T21:00,24.4,12.8,1007.1,310.0,8.8
2023-08-17T22:00,23.9,11.7,1007.9,310.0,5.7
2023-08-17T23:00,22.8,11.7,1008.9,330.0,6.7
2023-08-18T00:00,22.8,12.2,1009.5,310.0,5.1
2023-08-18T01:00,21.1,11.7,1010.6,330.0,5.1
2023-08-18T02:00,20.6,11.7,1011.8,320.0,5.7
2023-08-18T03:00,19.4,11.7,1012.8,320.0,2.6
2023-08-18T04:00,18.3,11.7,1012.8,320.0,3.6
2023-08-18T05:00,18.3,11.7,1013.0,310.0,3.1
2023-08-18T06:00,17.2,11.7,1013.4,280.0,2.1
2023-08-18T07:00,16.7,11.7,1013.6,270.0,1.5
2023-08-18T08:00,16.1,11.7,1013.7,270.0,1.5
2023-08-18T09:00,15.0,11.1,1014.4,260.0,2.1
2023-08-18T10:00,15.0,11.7,1014.9,280.0,2.1
2023-08-18T11:00,15.6,11.1,1015.8,270.0,2.1
2023-08-18T12:00,15.6,11.7,1016.6,290.0,3.1
2023-08-18T13:00,17.8,12.2,1017.2,300.0,3.1
2023-08-18T14:00,20.0,12.2,1017.4,310.0,3.1
2023-08-18T15:00,22.2,12.8,1017.7,10.0,3.6
2023-08-18T16:00,23.3,11.1,1017.9,20.0,4.1
2023-08-18T17:00,23.9,10.6,1017.7,350.0,2.1
2023-08-18T18:00,24.4,8.9,1017.4,320.0,2.1
2023-08-18T19:00,25.6,10.0,1017.2,0.0,0.0
2023-08-18T20:00,25.0,9.4,1016.7,,1.5
2023-08-18T21:00,25.6,11.1,1016.3,,2.1
2023-08-18T22:00,25.0,11.1,1016.1,260.0,3.1
2023-08-18T23:00,24.4,9.4,1015.9,130.0,4.1
2023-08-19T00:00,23.3,8.9,1015.6,110.0,2.6
2023-08-19T01:00,21.7,8.3,1015.8,120.0,3.1
2023-08-19T02:00,21.1,8.9,1016.2,140.0,3.1
2023-08-19T03:00,21.1,10.0,1016.8,170.0,2.1
2023-08-19T04:00,20.0,10.0,1016.5,150.0,2.6
2023-08-19T05:00,20.0,11.7,1016.3,180.0,2.6
2023-08-19T06:00,18.9,11.7,1016.3,180.0,3.1
2023-08-19T07:00,18.3,11.7,1016.3,180.0,3.1
2023-08-19T08:00,17.8,11.7,1016.5,170.0,3.1
2023-08-19T09:00,17.8,12.2,1016.9,170.0,3.1
2023-08-19T10:00,17.2,12.2,1017.0,170.0,3.1
2023-08-19T11:00,17.2,12.8,1017.2,180.0,3.1
2023-08-19T12:00,17.2,12.8,1017.6,170.0,3.1
2023-08-19T13:00,19.4,13.3,1017.3,180.0,5.1
2023-08-19T14:00,21.1,13.9,1017.2,190.0,5.1
2023-08-19T15:00,22.8,14.4,1017.0,180.0,4.6
2023-08-19T16:00,23.3,15.0,1016.7,200.0,6.2
2023-08-19T17:00,24.4,15.6,1016.2,170.0,6.7
2023-08-19T18:00,26.7,16.7,1015.2,180.0,5.1
2023-08-19T19:00,27.2,16.1,1014.4,200.0,5.1
2023-08-19T20:00,27.8,17.2,1014.0,170.0,6.2
2023-08-19T21:00,28.3,17.2,1013.0,170.0,7.7
2023-08-19T22:00,28.3,17.8,1012.3,170.0,6.7
2023-08-19T23:00,27.8,17.8,1012.4,170.0,6.7
2023-08-20T00:00,26.7,17.8,1012.3,170.0,6.2
2023-08-20T01:00,26.1,17.8,1012.5,170.0,4.6
2023-08-20T02:00,25.0,17.8,1013.3,180.0,3.6
2023-08-20T03:00,24.4,17.8,1013.8,190.0,4.1
2023-08-20T04:00,24.4,17.8,1014.0,180.0,3.6
2023-08-20T05:00,23.9,17.8,1014.3,170.0,3.1
2023-08-20T06:00,23.9,17.8,1014.2,180.0,3.1
2023-08-20T07:00,23.9,18.3,1014.0,200.0,2.6
2023-08-20T08:00,23.9,18.3,1014.1,210.0,2.6
2023-08-20T09:00,23.3,18.3,1014.6,220.0,2.6
2023-08-20T10:00,23.3,18.9,1014.8,210.0,1.5
2023-08-20T11:00,21.1,18.9,1015.1,200.0,2.1
2023-08-20T12:00,22.8,19.4,1015.3,210.0,1.5
2023-08-20T13:00,24.4,20.0,1016.0,250.0,2.6
2023-08-20T14:00,26.1,21.1,1016.0,0.0,0.0
2023-08-20T15:00,28.9,22.2,1016.6,20.0,1.5
2023-08-20T16:00,30.6,23.3,1017.1,40.0,2.1
2023-08-20T17:00,31.7,23.3,1017.1,40.0,3.1
2023-08-20T18:00,32.2,23.9,1017.2,10.0,3.6
2023-08-20T19:00,31.7,23.3,1017.3,30.0,3.6
2023-08-20T20:00,32.2,23.3,1017.2,,2.6
2023-08-20T21:00,31.7,23.3,1017.8,20.0,5.7
2023-08-20T22:00,31.7,22.8,1017.6,50.0,5.1
2023-08-20T23:00,30.0,22.2,1018.3,20.0,5.7
2023-08-21T00:00,27.8,22.2,1018.8,50.0,5.1
2023-08-21T01:00,25.0,21.7,1019.5,20.0,6.2
2023-08-21T02:00,24.4,21.1,1020.2,10.0,4.6
2023-08-21T03:00,24.4,18.3,1020.7,50.0,4.6
2023-08-21T04:00,23.9,17.8,1021.0,20.0,4.6
2023-08-21T05:00,23.3,17.8,1021.1,10.0,3.1
2023-08-21T06:00,22.8,17.8,1021.1,30.0,3.1
2023-08-21T07:00,22.8,18.3,1021.3,20.0,4.1
2023-08-21T08:00,22.2,18.3,1021.3,30.0,2.6
2023-08-21T09:00,21.7,18.3,1021.3,20.0,2.6
2023-08-21T10:00,21.7,18.9,1021.4,30.0,3.6
2023-08-21T11:00,21.1,18.9,1021.7,20.0,4.1
2023-08-21T12:00,21.7,19.4,1022.4,40.0,5.1
2023-08-21T13:00,22.8,19.4,1023.0,40.0,5.7
2023-08-21T14:00,23.3,18.9,1023.0,60.0,5.7
2023-08-21T15:00,24.4,18.9,1023.3,50.0,5.1
2023-08-21T16:00,25.0,19.4,1023.6,50.0,5.7
2023-08-21T17:00,26.1,19.4,1023.0,50.0,4.6
2023-08-21T18:00,26.7,19.4,1022.5,40.0,5.1
2023-08-21T19:00,27.2,18.9,1022.6,40.0,5.7
2023-08-21T20:00,27.2,17.2,1022.3,20.0,5.7
2023-08-21T21:00,27.2,17.2,1022.1,50.0,4.1
2023-08-21T22:00,26.1,16.1,1022.2,20.0,5.1
2023-08-21T23:00,25.0,16.1,1022.5,40.0,5.1
2023-08-22T00:00,23.3,16.1,1022.6,20.0,6.2
2023-08-22T01:00,22.2,17.2,1022.4,20.0,4.1
2023-08-22T02:00,21.7,17.8,1022.6,20.0,4.1
2023-08-22T03:00,21.7,18.3,1022.8,30.0,5.7
2023-08-22T04:00,21.1,18.3,1022.8,30.0,2.6
2023-08-22T05:00,21.1,18.3,1022.7,30.0,3.6
2023-08-22T06:00,21.1,18.9,1022.4,30.0,3.1
2023-08-22T07:00,21.1,18.9,1022.3,20.0,3.1
2023-08-22T08:00,21.1,19.4,1022.2,20.0,3.1
2023-08-22T09:00,21.1,19.4,1022.4,20.0,2.6
2023-08-22T10:00,21.7,20.0,1022.3,50.0,3.1
2023-08-22T11:00,21.7,20.0,1022.4,80.0,2.1
2023-08-22T12:00,22.2,20.0,1022.6,100.0,2.1
2023-08-22T13:00,23.3,20.6,1022.4,120.0,2.6
2023-08-22T14:00,25.0,21.1,1022.7,110.0,2.6
2023-08-22T15:00,26.7,21.1,1022.9,140.0,2.6
2023-08-22T16:00,27.8,21.7,,90.0,2.6
2023-08-22T17:00,28.9,21.7,1021.8,110.0,3.1
2023-08-22T18:00,29.4,21.7,1021.3,100.0,4.1
2023-08-22T19:00,30.6,21.7,1020.6,110.0,4.6
2023-08-22T20:00,31.1,22.2,1019.8,180.0,2.1
2023-08-22T21:00,31.1,22.2,1019.1,170.0,2.6
2023-08-22T22:00,31.7,22.2,1018.4,190.0,4.6
2023-08-22T23:00,31.7,22.8,1018.1,190.0,4.1
2023-08-23T00:00,30.6,23.3,1017.5,190.0,4.1
2023-08-23T01:00,29.4,23.3,1017.6,160.0,3.6
2023-08-23T02:00,28.9,23.3,1017.6,180.0,3.1
2023-08-23T03:00,28.3,23.9,1017.4,180.0,4.1
2023-08-23T04:00,27.2,23.9,1017.2,170.0,4.1
2023-08-23T05:00,26.7,23.9,1016.9,180.0,4.1
2023-08-23T06:00,26.7,23.3,1016.5,190.0,4.1
2023-08-23T07:00,26.1,23.3,1016.3,200.0,3.1
2023-08-23T08:00,26.1,23.9,1016.2,220.0,3.6
2023-08-23T09:00,26.1,23.9,1016.0,220.0,2.6
2023-08-23T10:00,25.0,23.9,1015.7,220.0,2.6
2023-08-23T11:00,25.0,23.9,1015.7,210.0,4.1
2023-08-23T12:00,25.6,24.4,1015.6,210.0,3.1
2023-08-23T13:00,26.1,25.0,1015.6,240.0,3.6
2023-08-23T14:00,27.2,25.6,1015.1,240.0,4.6
2023-08-23T15:00,31.1,26.1,1014.7,240.0,6.7
2023-08-23T16:00,32.2,26.7,1014.1,250.0,8.2
2023-08-23T17:00,33.9,26.7,1013.4,260.0,7.2
2023-08-23T18:00,35.6,25.6,1012.8,260.0,6.2
2023-08-23T19:00,36.1,25.0,1012.1,240.0,6.7
2023-08-23T20:00,36.1,25.6,1011.5,260.0,6.7
2023-08-23T21:00,36.7,23.9,1011.0,260.0,8.2
2023-08-23T22:00,35.6,26.1,1010.7,250.0,6.2
2023-08-23T23:00,35.0,26.7,1010.5,240.0,6.7
2023-08-24T00:00,34.4,26.7,1010.1,250.0,6.2
2023-08-24T01:00,33.3,26.1,1010.0,240.0,5.1
2023-08-24T02:00,32.8,26.1,1010.6,250.0,6.2
2023-08-24T03:00,31.7,26.7,1010.3,230.0,5.7
2023-08-24T04:00,31.1,26.7,1010.1,240.0,6.7
2023-08-24T05:00,31.1,26.1,1009.8,250.0,7.2
2023-08-24T06:00,30.0,26.1,1009.9,250.0,5.1
2023-08-24T07:00,30.0,25.6,1009.9,250.0,4.1
2023-08-24T08:00,28.9,26.1,1009.9,240.0,4.6
2023-08-24T09:00,28.3,26.1,1009.8,250.0,3.6
2023-08-24T10:00,27.8,26.1,1010.1,250.0,2.6
2023-08-24T11:00,27.8,25.6,1010.6,230.0,3.1
2023-08-24T12:00,27.8,25.6,1010.8,240.0,3.6
2023-08-24T13:00,28.3,25.6,1010.8,250.0,4.1
2023-08-24T14:00,30.0,25.6,1010.4,250.0,4.1
2023-08-24T15:00,32.2,25.6,1010.1,230.0,5.1
2023-08-24T16:00,33.3,25.6,1009.9,230.0,3.6
2023-08-24T17:00,35.6,25.6,1009.3,210.0,5.1
2023-08-24T18:00,36.7,25.0,1008.8,220.0,6.2
2023-08-24T19:00,37.2,26.1,1008.2,210.0,6.7
2023-08-24T20:00,37.8,25.6,1007.3,210.0,6.2
2023-08-24T21:00,37.2,25.6,1007.0,220.0,7.7
2023-08-24T22:00,37.2,23.9,1006.8,250.0,8.8
2023-08-24T23:00,35.6,25.6,1007.7,240.0,7.2
2023-08-25T00:00,34.4,25.6,1008.4,270.0,5.7
2023-08-25T01:00,33.9,26.1,1008.6,260.0,3.1
2023-08-25T02:00,33.3,25.0,1008.3,260.0,4.1
2023-08-25T03:00,32.8,25.0,1008.6,280.0,3.1
2023-08-25T04:00,25.6,22.2,1010.9,50.0,7.7
2023-08-25T05:00,24.4,21.7,1011.8,50.0,5.7
2023-08-25T06:00,23.9,21.1,1012.0,40.0,5.7
2023-08-25T07:00,23.3,20.6,1012.2,30.0,4.6
2023-08-25T08:00,23.3,20.0,1011.9,10.0,5.1
2023-08-25T09:00,22.8,20.0,1011.9,20.0,4.1
2023-08-25T10:00,22.2,19.4,1012.1,10.0,5.1
2023-08-25T11:00,22.2,19.4,1012.2,40.0,4.6
2023-08-25T12:00,22.2,19.4,1013.1,20.0,5.7
2023-08-25T13:00,22.2,19.4,1014.0,20.0,5.1
2023-08-25T14:00,22.8,19.4,1014.1,40.0,4.1
2023-08-25T15:00,23.3,19.4,1014.9,20.0,3.6
2023-08-25T16:00,23.9,19.4,1015.6,30.0,4.6
2023-08-25T17:00,25.6,20.0,1015.3,60.0,2.6
2023-08-25T18:00,26.7,20.0,1014.1,,3.1
2023-08-25T19:00,25.6,19.4,1014.2,80.0,3.6
2023-08-25T20:00,25.0,19.4,1013.8,80.0,3.6
2023-08-25T21:00,26.1,20.0,1013.5,,2.1
2023-08-25T22:00,27.2,20.0,1013.0,10.0,1.5
2023-08-25T23:00,27.2,20.0,1012.8,10.0,1.5
2023-08-26T00:00,26.7,20.0,1012.9,10.0,2.6
2023-08-26T01:00,25.0,20.0,1013.3,70.0,5.1
2023-08-26T02:00,22.8,19.4,1013.8,90.0,3.1
2023-08-26T03:00,22.8,19.4,1014.1,100.0,3.1
2023-08-26T04:00,22.8,19.4,1013.9,100.0,2.6
2023-08-26T05:00,22.8,18.9,1013.4,100.0,1.5
2023-08-26T06:00,22.2,19.4,1013.2,100.0,2.6
2023-08-26T07:00,22.2,20.0,1013.2,100.0,2.1
2023-08-26T08:00,22.2,20.0,1013.2,0.0,0.0
2023-08-26T09:00,22.2,20.0,1013.6,0.0,0.0
2023-08-26T10:00,22.2,20.0,1013.4,330.0,2.1
2023-08-26T11:00,22.2,20.0,1013.8,300.0,1.5
2023-08-26T12:00,22.2,20.0,1015.1,360.0,4.6
2023-08-26T13:00,22.8,20.6,1015.4,20.0,5.1
2023-08-26T14:00,22.8,18.9,1016.1,20.0,7.7
2023-08-26T15:00,22.8,18.3,1016.8,40.0,5.7
2023-08-26T16:00,23.3,18.3,1016.8,40.0,7.7
2023-08-26T17:00,23.3,17.8,1017.0,30.0,9.8
2023-08-26T18:00,23.3,17.2,1017.0,20.0,9.3
2023-08-26T19:00,24.4,16.7,1016.8,30.0,10.3
2023-08-26T20:00,24.4,16.7,1017.0,40.0,10.3
2023-08-26T21:00,23.3,15.6,1016.9,20.0,9.8
2023-08-26T22:00,23.3,15.6,1016.7,20.0,10.3
2023-08-26T23:00,23.3,15.6,1016.7,30.0,9.3
2023-08-27T00:00,21.7,16.1,1016.9,10.0,10.8
2023-08-27T01:00,20.6,15.0,,20.0,9.3
2023-08-27T02:00,20.0,15.0,1017.8,10.0,7.2
2023-08-27T03:00,20.0,14.4,1018.1,10.0,5.1
2023-08-27T04:00,18.9,14.4,1018.1,360.0,4.6
2023-08-27T05:00,18.9,14.4,1018.0,360.0,5.1
2023-08-27T06:00,17.2,14.4,1017.9,350.0,3.6
2023-08-27T07:00,16.1,14.4,1017.4,340.0,2.1
2023-08-27T08:00,17.2,14.4,1017.2,340.0,3.1
2023-08-27T09:00,19.4,16.1,1017.1,70.0,3.6
2023-08-27T10:00,20.0,16.1,1017.2,70.0,3.6
2023-08-27T11:00,18.9,12.8,1017.6,70.0,3.6
2023-08-27T12:00,18.9,12.8,1018.0,70.0,4.6
2023-08-27T13:00,20.0,11.7,1018.4,60.0,5.7
2023-08-27T14:00,20.6,11.1,1018.6,80.0,5.7
2023-08-27T15:00,21.7,12.2,1018.7,60.0,3.6
2023-08-27T16:00,22.2,12.2,1018.7,80.0,4.1
2023-08-27T17:00,22.8,11.1,1018.6,70.0,5.7
2023-08-27T18:00,23.9,10.6,1018.3,60.0,5.7
2023-08-27T19:00,23.9,10.0,1017.9,50.0,4.6
2023-08-27T20:00,23.3,7.8,1017.2,50.0,5.1
2023-08-27T21:00,23.3,8.9,1017.2,50.0,5.7
2023-08-27T22:00,23.3,11.1,1017.0,40.0,6.2
2023-08-27T23:00,22.2,11.7,1017.0,60.0,5.1
2023-08-28T00:00,21.1,12.2,1016.7,50.0,5.1
2023-08-28T01:00,20.0,12.2,1016.8,30.0,4.1
2023-08-28T02:00,19.4,12.8,1017.1,20.0,4.6
2023-08-28T03:00,17.8,12.8,1017.1,20.0,2.6
2023-08-28T04:00,18.3,13.3,1017.1,30.0,2.6
2023-08-28T05:00,19.4,13.3,1017.0,60.0,3.1
2023-08-28T06:00,18.9,13.9,1016.8,70.0,2.6
2023-08-28T07:00,18.3,13.9,1016.9,350.0,1.5
2023-08-28T08:00,16.7,13.3,1016.9,360.0,2.1
2023-08-28T09:00,16.1,13.3,1016.8,10.0,2.6
2023-08-28T10:00,16.1,13.3,1017.1,350.0,2.1
2023-08-28T11:00,16.1,13.3,1017.2,0.0,0.0
2023-08-28T12:00,16.7,13.3,1017.4,0.0,0.0
2023-08-28T13:00,18.9,15.0,1017.7,0.0,0.0
2023-08-28T14:00,21.7,14.4,1017.6,0.0,0.0
2023-08-28T15:00,23.3,12.8,1017.8,0.0,0.0
2023-08-28T16:00,24.4,11.1,1017.6,30.0,2.1
2023-08-28T17:00,25.0,11.7,1017.3,20.0,1.5
2023-08-28T18:00,26.7,11.7,1016.8,60.0,2.1
2023-08-28T19:00,27.2,12.8,1016.1,130.0,2.6
2023-08-28T20:00,27.2,12.8,1015.8,140.0,3.6
2023-08-28T21:00,26.7,12.2,1015.4,70.0,4.1
2023-08-28T22:00,26.1,12.2,1015.2,130.0,3.1
2023-08-28T23:00,25.6,12.2,1014.9,110.0,3.6
2023-08-29T00:00,23.9,11.7,1014.9,110.0,3.1
2023-08-29T01:00,22.8,11.1,1015.1,130.0,2.6
2023-08-29T02:00,21.7,11.1,1015.6,130.0,2.6
2023-08-29T03:00,21.7,11.7,1015.4,160.0,2.1
2023-08-29T04:00,21.1,11.7,1015.4,170.0,2.6
2023-08-29T05:00,20.6,11.1,1015.0,180.0,3.1
2023-08-29T06:00,20.6,11.1,1014.4,180.0,3.6
2023-08-29T07:00,20.0,12.8,1014.0,190.0,3.6
2023-08-29T08:00,19.4,13.3,1013.9,220.0,2.6
2023-08-29T09:00,18.9,13.3,1013.2,200.0,2.6
2023-08-29T10:00,18.3,13.3,1012.8,220.0,3.1
2023-08-29T11:00,18.3,13.3,1012.9,230.0,3.6
2023-08-29T12:00,18.9,13.3,1013.0,220.0,2.6
2023-08-29T13:00,20.6,13.9,1012.8,220.0,4.1
2023-08-29T14:00,22.2,14.4,1012.4,220.0,5.1
2023-08-29T15:00,25.0,15.6,1011.8,250.0,5.7
2023-08-29T16:00,25.6,16.1,1011.6,240.0,6.7
2023-08-29T17:00,25.0,17.2,1011.4,250.0,3.6
2023-08-29T18:00,27.8,18.3,1011.0,270.0,4.6
2023-08-29T19:00,28.9,16.7,1010.9,310.0,4.1
2023-08-29T20:00,29.4,15.6,1010.2,290.0,4.1
2023-08-29T21:00,30.0,14.4,1010.2,310.0,6.2
2023-08-29T22:00,25.6,18.3,1010.9,30.0,7.7
2023-08-29T23:00,23.9,17.2,1011.6,30.0,9.3
2023-08-30T00:00,22.2,16.7,1012.2,30.0,9.3
2023-08-30T01:00,21.1,16.1,1012.7,30.0,5.7
2023-08-30T02:00,21.1,16.1,1013.7,30.0,6.2
2023-08-30T03:00,20.6,15.6,1014.2,30.0,4.6
2023-08-30T04:00,20.0,15.0,1014.7,20.0,4.1
2023-08-30T05:00,20.0,15.0,1015.1,30.0,5.7
2023-08-30T06:00,19.4,14.4,1015.5,40.0,6.7
2023-08-30T07:00,18.9,13.9,1015.6,30.0,5.7
2023-08-30T08:00,18.3,13.3,1015.6,20.0,5.1
2023-08-30T09:00,16.7,12.2,1015.9,350.0,5.1
2023-08-30T10:00,15.6,11.1,1016.5,350.0,5.7
2023-08-30T11:00,13.9,10.0,1016.9,340.0,5.1
2023-08-30T12:00,13.9,9.4,1017.6,340.0,5.7
2023-08-30T13:00,15.6,10.0,1018.3,340.0,5.7
2023-08-30T14:00,17.2,11.1,1018.5,340.0,5.1
2023-08-30T15:00,18.3,11.1,1018.7,360.0,5.7
2023-08-30T16:00,20.6,11.7,1018.8,30.0,7.7
2023-08-30T17:00,20.0,11.7,1018.9,20.0,8.8
2023-08-30T18:00,20.6,10.6,1018.8,20.0,7.7
2023-08-30T19:00,21.7,10.6,1018.6,20.0,7.2
2023-08-30T20:00,21.1,10.0,1018.1,30.0,7.2
2023-08-30T21:00,21.1,10.6,1017.8,30.0,4.6
2023-08-30T22:00,20.6,10.6,1017.5,30.0,7.7
2023-08-30T23:00,20.0,11.1,1017.5,20.0,6.7
2023-08-31T00:00,18.9,11.1,1017.3,20.0,7.7
2023-08-31T01:00,17.8,11.7,1017.6,20.0,5.7
2023-08-31T02:00,17.2,11.1,1017.9,10.0,4.1
2023-08-31T03:00,15.6,10.6,1017.7,10.0,2.6
2023-08-31T04:00,15.0,10.6,1018.2,350.0,3.1
2023-08-31T05:00,13.9,10.0,1018.3,350.0,2.6
2023-08-31T06:00,12.8,9.4,1018.0,350.0,3.1
2023-08-31T07:00,12.8,9.4,1017.8,350.0,3.1
2023-08-31T08:00,13.9,10.0,1017.8,330.0,1.5
2023-08-31T09:00,13.3,10.0,1017.8,330.0,2.1
2023-08-31T10:00,13.9,10.6,1018.3,320.0,1.5
2023-08-31T11:00,13.9,10.6,1018.5,320.0,1.5
2023-08-31T12:00,13.9,11.1,1019.3,0.0,0.0
2023-08-31T13:00,17.2,12.8,1020.0,0.0,0.0
2023-08-31T14:00,18.9,12.2,1020.2,170.0,2.6
2023-08-31T15:00,20.6,11.1,1020.6,170.0,2.6
2023-08-31T16:00,22.8,10.0,1020.8,80.0,2.1
2023-08-31T17:00,23.3,9.4,1020.9,80.0,1.5
2023-08-31T18:00,25.0,9.4,1020.5,110.0,2.6
2023-08-31T19:00,26.1,8.9,1020.0,90.0,5.1
2023-08-31T20:00,25.0,7.8,1019.9,110.0,4.6
2023-08-31T21:00,25.6,6.1,1019.6,80.0,4.6
2023-08-31T22:00,25.0,6.7,1019.6,60.0,3.6
2023-08-31T23:00,23.9,6.7,1019.7,100.0,3.6
2023-09-01T00:00,22.2,10.0,1019.4,80.0,4.1
2023-09-01T01:00,20.6,11.7,1019.7,90.0,3.6
2023-09-01T02:00,20.0,12.8,1020.2,90.0,3.1
2023-09-01T03:00,18.9,13.3,1020.4,100.0,2.6
2023-09-01T04:00,18.3,13.9,1020.6,110.0,2.1
2023-09-01T05:00,18.3,13.9,1020.7,120.0,2.1
2023-09-01T06:00,17.8,13.9,1020.8,120.0,2.1
2023-09-01T07:00,17.8,13.9,1021.0,130.0,2.6
2023-09-01T08:00,17.8,11.1,1021.2,150.0,3.6
2023-09-01T09:00,16.7,11.1,1021.8,140.0,2.6
2023-09-01T10:00,16.1,10.6,1022.2,160.0,2.1
2023-09-01T11:00,14.4,10.6,1022.1,140.0,2.6
2023-09-01T12:00,16.1,10.6,1022.5,140.0,3.1
2023-09-01T13:00,17.8,11.1,1022.8,160.0,2.6
2023-09-01T14:00,20.0,12.2,1023.0,150.0,2.6
2023-09-01T15:00,22.2,13.3,1022.6,170.0,3.6
2023-09-01T16:00,23.9,13.3,1022.6,200.0,3.6
2023-09-01T17:00,25.0,13.3,1022.4,210.0,2.6
2023-09-01T18:00,27.2,13.3,1022.0,,2.6
2023-09-01T19:00,27.8,13.3,1021.3,,3.1
2023-09-01T20:00,28.3,13.3,1020.7,190.0,5.7
2023-09-01T21:00,28.9,12.8,1020.0,190.0,2.6
2023-09-01T22:00,28.9,13.3,1019.2,190.0,3.6
2023-09-01T23:00,28.3,13.3,1018.9,180.0,5.1
2023-09-02T00:00,26.7,13.9,1018.9,170.0,3.6
2023-09-02T01:00,25.6,14.4,1019.0,180.0,2.6
2023-09-02T02:00,24.4,13.9,1019.7,200.0,2.1
2023-09-02T03:00,23.3,14.4,1019.6,180.0,2.1
2023-09-02T04:00,22.2,14.4,1019.5,180.0,2.6
2023-09-02T05:00,22.2,15.0,1019.5,190.0,3.1
2023-09-02T06:00,21.7,15.0,1019.5,190.0,2.6
2023-09-02T07:00,21.1,15.0,1018.8,200.0,3.1
2023-09-02T08:00,20.0,15.0,1018.6,200.0,2.6
2023-09-02T09:00,19.4,15.0,1018.5,220.0,1.5
2023-09-02T10:00,18.3,15.0,1018.5,220.0,2.1
2023-09-02T11:00,17.8,14.4,1019.1,200.0,2.1
2023-09-02T12:00,17.8,15.0,1019.9,200.0,1.5
2023-09-02T13:00,20.0,15.0,1019.9,230.0,3.1
2023-09-02T14:00,22.2,15.6,1019.5,230.0,4.1
2023-09-02T15:00,25.0,15.6,1019.6,240.0,4.1
2023-09-02T16:00,26.1,15.6,1019.5,200.0,3.6
2023-09-02T17:00,27.8,15.6,1018.7,210.0,4.6
2023-09-02T18:00,28.9,15.6,1018.3,230.0,5.1
2023-09-02T19:00,29.4,15.0,1017.6,220.0,4.6
2023-09-02T20:00,30.0,14.4,1016.9,240.0,4.6
2023-09-02T21:00,31.1,13.9,1016.2,220.0,5.7
2023-09-02T22:00,31.1,13.9,1015.7,210.0,7.2
2023-09-02T23:00,30.6,12.8,1015.6,220.0,5.7
2023-09-03T00:00,28.9,13.9,1015.2,220.0,4.6
2023-09-03T01:00,27.2,14.4,1015.4,220.0,4.1
2023-09-03T02:00,26.1,15.0,1015.6,210.0,3.6
2023-09-03T03:00,25.6,15.6,1015.4,210.0,5.1
2023-09-03T04:00,25.0,16.1,1015.1,210.0,4.6
2023-09-03T05:00,25.0,15.6,1014.2,220.0,5.1
2023-09-03T06:00,25.6,14.4,1014.2,230.0,6.2
2023-09-03T07:00,25.0,13.9,1014.1,230.0,4.6
2023-09-03T08:00,25.0,12.2,1014.3,240.0,5.1
2023-09-03T09:00,23.9,12.8,1014.6,240.0,5.1
2023-09-03T10:00,22.8,13.3,1014.5,220.0,5.1
2023-09-03T11:00,22.2,13.3,1014.9,220.0,4.1
2023-09-03T12:00,21.1,13.3,1015.2,210.0,3.6
2023-09-03T13:00,22.2,16.1,1015.1,220.0,6.2
2023-09-03T14:00,25.0,17.8,1015.0,230.0,6.2
2023-09-03T15:00,26.7,17.8,1014.8,220.0,6.2
2023-09-03T16:00,28.9,16.7,1014.8,230.0,6.2
2023-09-03T17:00,31.7,16.7,1014.3,250.0,6.7
2023-09-03T18:00,32.8,16.1,1013.8,230.0,6.7
2023-09-03T19:00,33.3,15.6,1013.3,240.0,6.7
2023-09-03T20:00,33.9,15.6,1012.7,210.0,7.2
2023-09-03T21:00,33.9,16.1,1012.2,220.0,7.2
2023-09-03T22:00,33.3,15.6,1012.2,210.0,8.2
2023-09-03T23:00,32.8,15.0,1012.1,230.0,6.2
2023-09-04T00:00,31.1,17.2,1012.0,230.0,5.1
2023-09-04T01:00,30.0,18.3,1012.4,210.0,3.6
2023-09-04T02:00,28.9,19.4,1012.8,210.0,3.6
2023-09-04T03:00,28.3,20.0,1012.7,210.0,3.6
2023-09-04T04:00,27.2,19.4,1012.8,210.0,2.6
2023-09-04T05:00,26.7,20.0,1012.8,220.0,3.6
2023-09-04T06:00,25.6,20.6,1012.8,220.0,2.6
2023-09-04T07:00,25.0,20.6,1012.6,220.0,3.1
2023-09-04T08:00,23.9,20.6,1012.7,210.0,4.1
2023-09-04T09:00,23.3,20.6,1012.7,210.0,4.1
2023-09-04T10:00,22.8,20.6,1012.9,210.0,4.6
2023-09-04T11:00,21.7,20.6,1013.3,210.0,3.6
2023-09-04T12:00,22.8,20.6,1013.5,200.0,3.1
2023-09-04T13:00,24.4,21.1,1013.8,210.0,4.1
2023-09-04T14:00,26.1,21.7,1013.6,210.0,4.6
2023-09-04T15:00,27.8,21.7,1013.7,220.0,3.6
2023-09-04T16:00,29.4,21.7,1013.4,200.0,4.1
2023-09-04T17:00,31.1,20.6,1012.9,170.0,4.6
2023-09-04T18:00,32.8,20.0,1012.3,200.0,5.1
2023-09-04T19:00,33.3,20.0,1011.8,180.0,5.7
2023-09-04T20:00,33.9,20.0,1011.3,210.0,4.1
2023-09-04T21:00,33.3,19.4,1010.7,,3.1
2023-09-04T22:00,33.9,20.0,1010.3,200.0,4.6
2023-09-04T23:00,33.3,19.4,1010.1,200.0,4.6
2023-09-05T00:00,32.2,19.4,1010.1,210.0,3.6
2023-09-05T01:00,31.1,20.0,1010.3,170.0,2.6
2023-09-05T02:00,30.0,21.7,1010.9,180.0,4.1
2023-09-05T03:00,29.4,22.2,1011.3,190.0,4.1
2023-09-05T04:00,28.3,21.7,1011.3,170.0,4.1
2023-09-05T05:00,27.8,21.7,1011.4,180.0,4.6
2023-09-05T06:00,27.8,21.7,1011.1,180.0,3.6
2023-09-05T07:00,27.2,21.7,1011.0,180.0,4.1
2023-09-05T08:00,26.7,21.7,1011.1,170.0,3.1
2023-09-05T09:00,26.1,21.1,1011.6,190.0,4.1
2023-09-05T10:00,25.6,20.6,1011.8,200.0,3.6
2023-09-05T11:00,25.0,20.0,1011.7,200.0,3.1
2023-09-05T12:00,24.4,20.6,1011.8,180.0,2.6
2023-09-05T13:00,25.0,20.0,1012.2,180.0,4.6
2023-09-05T14:00,26.7,19.4,1012.2,190.0,5.1
2023-09-05T15:00,28.9,18.9,1012.5,180.0,6.2
2023-09-05T16:00,29.4,18.9,1012.4,200.0,7.2
2023-09-05T17:00,32.2,20.0,1011.7,160.0,7.7
2023-09-05T18:00,32.2,20.0,1011.6,180.0,6.7
2023-09-05T19:00,33.3,17.8,1010.9,200.0,7.2
2023-09-05T20:00,32.2,18.3,1010.5,180.0,7.7
2023-09-05T21:00,30.0,19.4,1009.9,170.0,6.2
2023-09-05T22:00,30.0,18.9,1009.6,180.0,6.2
2023-09-05T23:00,29.4,17.2,1009.8,170.0,7.2
2023-09-06T00:00,28.9,18.9,1009.9,180.0,5.7
2023-09-06T01:00,26.7,19.4,1009.6,180.0,5.1
2023-09-06T02:00,27.8,20.0,1009.6,180.0,6.2
2023-09-06T03:00,27.2,20.0,1009.2,180.0,7.2
2023-09-06T04:00,26.1,20.6,1009.4,200.0,6.2
2023-09-06T05:00,25.0,21.7,1009.1,190.0,7.2
2023-09-06T06:00,25.0,22.2,1008.6,190.0,6.2
2023-09-06T07:00,25.0,22.2,1008.0,200.0,5.1
2023-09-06T08:00,25.6,22.2,1007.5,210.0,4.6
2023-09-06T09:00,25.6,22.8,,220.0,4.6
2023-09-06T10:00,25.0,23.3,1006.8,170.0,4.1
2023-09-06T11:00,22.8,19.4,1007.4,200.0,4.6
2023-09-06T12:00,22.2,19.4,1007.7,220.0,5.1
2023-09-06T13:00,22.2,20.0,1008.0,200.0,5.1
2023-09-06T14:00,22.2,20.0,1007.0,200.0,4.1
2023-09-06T15:00,23.3,20.0,1007.0,190.0,3.6
2023-09-06T16:00,23.9,21.1,1007.8,230.0,3.1
2023-09-06T17:00,25.6,18.9,1008.0,230.0,6.2
2023-09-06T18:00,26.7,16.7,1007.3,230.0,6.7
2023-09-06T19:00,26.7,16.1,1007.2,240.0,7.2
2023-09-06T20:00,27.2,17.2,1007.2,240.0,5.7
2023-09-06T21:00,26.1,17.8,1007.2,240.0,8.8
2023-09-06T22:00,23.3,17.8,1007.9,250.0,7.7
2023-09-06T23:00,22.2,18.3,1008.1,240.0,4.6
2023-09-07T00:00,22.2,18.3,1008.3,230.0,5.7
2023-09-07T01:00,21.7,18.3,1008.2,240.0,4.6
2023-09-07T02:00,22.2,18.3,1008.8,240.0,4.1
2023-09-07T03:00,21.7,18.9,1008.8,250.0,4.1
2023-09-07T04:00,21.7,19.4,1008.5,260.0,4.6
2023-09-07T05:00,21.7,19.4,1008.3,290.0,5.7
2023-09-07T06:00,21.7,18.9,1008.5,290.0,4.1
2023-09-07T07:00,21.7,18.9,1008.7,290.0,4.1
2023-09-07T08:00,21.7,18.3,1009.1,290.0,3.6
2023-09-07T09:00,21.1,18.3,1009.4,290.0,5.1
2023-09-07T10:00,19.4,17.8,1010.2,20.0,6.2
2023-09-07T11:00,18.9,17.8,1010.5,20.0,5.7
2023-09-07T12:00,18.9,17.8,1011.2,10.0,5.1
2023-09-07T13:00,18.9,17.2,1011.7,20.0,4.6
2023-09-07T14:00,18.9,17.2,1012.0,360.0,5.7
2023-09-07T15:00,18.9,16.1,1012.5,20.0,5.1
2023-09-07T16:00,18.9,16.1,1013.0,350.0,4.6
2023-09-07T17:00,18.9,16.1,1013.3,330.0,3.6
2023-09-07T18:00,19.4,15.0,1013.4,10.0,3.6
2023-09-07T19:00,20.6,14.4,1013.6,340.0,2.6
2023-09-07T20:00,20.0,15.0,1013.4,290.0,2.1
2023-09-07T21:00,20.6,14.4,1013.6,340.0,3.1
2023-09-07T22:00,20.6,14.4,1013.7,350.0,4.1
2023-09-07T23:00,20.0,13.9,1013.9,340.0,3.6
2023-09-08T00:00,19.4,13.9,1014.2,340.0,3.6
2023-09-08T01:00,18.9,13.9,1014.7,340.0,3.6
2023-09-08T02:00,18.9,13.3,1015.1,10.0,4.6
2023-09-08T03:00,18.9,13.3,1015.2,350.0,4.6
2023-09-08T04:00,18.9,13.9,1015.5,10.0,4.1
2023-09-08T05:00,18.3,13.3,1015.5,10.0,5.1
2023-09-08T06:00,18.3,13.9,1015.7,350.0,3.1
2023-09-08T07:00,18.3,13.3,1015.7,360.0,3.6
2023-09-08T08:00,17.8,13.9,1016.1,330.0,3.1
2023-09-08T09:00,17.2,13.3,1016.5,320.0,4.1
2023-09-08T10:00,16.7,13.3,1016.4,350.0,4.1
2023-09-08T11:00,16.7,13.3,1016.7,350.0,4.6
2023-09-08T12:00,16.7,13.9,1017.0,350.0,4.6
2023-09-08T13:00,16.7,14.4,1017.8,340.0,4.1
2023-09-08T15:00,17.8,15.6,1018.7,340.0,6.2
2023-09-08T16:00,18.9,14.4,1018.9,10.0,7.2
2023-09-08T17:00,18.3,14.4,1019.1,10.0,6.7
2023-09-08T18:00,18.3,15.0,1019.2,20.0,6.7
2023-09-08T19:00,19.4,15.0,1018.9,20.0,6.2
2023-09-08T20:00,18.9,15.6,1018.7,20.0,6.2
2023-09-08T21:00,19.4,14.4,1018.7,30.0,4.6
2023-09-08T22:00,19.4,13.9,1018.9,40.0,4.6
2023-09-08T23:00,19.4,13.3,1019.1,30.0,5.1
2023-09-09T00:00,18.3,13.3,1019.1,20.0,5.7
2023-09-09T01:00,17.8,13.3,1019.7,30.0,3.6
2023-09-09T02:00,17.2,13.3,1020.0,20.0,3.6
2023-09-09T03:00,16.1,13.3,1020.3,350.0,3.1
2023-09-09T04:00,17.2,13.9,1020.4,350.0,3.1
2023-09-09T05:00,16.1,13.3,1020.6,340.0,3.1
2023-09-09T06:00,14.4,12.8,1020.7,340.0,3.6
2023-09-09T07:00,13.9,12.2,1020.6,340.0,3.6
2023-09-09T08:00,14.4,12.2,1020.5,340.0,3.1
2023-09-09T09:00,13.9,11.7,1020.4,350.0,3.6
2023-09-09T10:00,13.9,12.2,1020.7,340.0,3.6
2023-09-09T11:00,13.9,11.7,1020.5,340.0,3.1
2023-09-09T12:00,14.4,12.2,1021.3,330.0,3.1
2023-09-09T13:00,15.6,12.2,1021.8,340.0,3.1
2023-09-09T14:00,18.3,13.3,1021.7,360.0,3.6
2023-09-09T15:00,20.6,13.9,1022.4,20.0,4.6
2023-09-09T16:00,21.7,12.8,1022.5,30.0,4.6
2023-09-09T17:00,22.8,12.8,1022.6,20.0,4.1
2023-09-09T18:00,23.3,11.1,1021.9,10.0,4.1
2023-09-09T19:00,23.9,8.9,1021.6,30.0,5.1
2023-09-09T20:00,23.3,10.0,1021.4,50.0,5.1
2023-09-09T21:00,23.3,8.9,1021.1,30.0,4.1
2023-09-09T22:00,22.8,8.3,1021.1,20.0,5.7
2023-09-09T23:00,21.7,8.3,1021.0,60.0,4.6
2023-09-10T00:00,20.0,8.9,1021.1,60.0,3.1
2023-09-10T01:00,18.3,10.0,1021.3,50.0,3.1
2023-09-10T02:00,18.3,10.6,1021.4,70.0,2.6
2023-09-10T03:00,16.7,10.6,1021.3,0.0,0.0
2023-09-10T04:00,16.7,10.6,1021.3,0.0,0.0
2023-09-10T05:00,15.0,10.6,1021.1,0.0,0.0
2023-09-10T06:00,15.0,10.6,1021.1,290.0,2.1
2023-09-10T07:00,13.3,10.0,1020.4,290.0,2.1
2023-09-10T08:00,13.9,10.6,1020.5,280.0,2.1
2023-09-10T09:00,13.3,10.6,1020.3,0.0,0.0
2023-09-10T10:00,12.8,10.0,1020.3,0.0,0.0
2023-09-10T11:00,12.8,10.0,1020.9,280.0,2.6
2023-09-10T12:00,13.3,10.6,1021.3,0.0,0.0
2023-09-10T13:00,15.6,11.7,1021.3,0.0,0.0
2023-09-10T14:00,19.4,12.2,1021.1,0.0,0.0
2023-09-10T15:00,20.0,13.3,1021.5,,2.1
2023-09-10T16:00,22.2,13.3,1021.2,,1.5
2023-09-10T17:00,24.4,12.8,1020.8,0.0,0.0
2023-09-10T18:00,25.6,12.8,1020.1,,2.6
2023-09-10T19:00,26.1,11.7,1019.8,270.0,1.5
2023-09-10T20:00,27.2,12.2,1018.8,,1.5
2023-09-10T21:00,27.8,12.2,1018.4,280.0,1.5
2023-09-10T22:00,27.8,12.2,1017.8,230.0,2.1
2023-09-10T23:00,26.7,12.8,1018.0,120.0,3.6
2023-09-11T00:00,24.4,12.2,1018.1,100.0,5.7
2023-09-11T01:00,22.8,13.3,1018.5,120.0,2.6
2023-09-11T02:00,21.7,16.7,1018.6,110.0,4.1
2023-09-11T03:00,21.7,15.6,1018.7,160.0,2.1
2023-09-11T04:00,21.1,15.6,1018.7,0.0,0.0
2023-09-11T05:00,20.6,14.4,1018.2,140.0,2.1
2023-09-11T06:00,20.6,13.9,1017.9,130.0,2.6
2023-09-11T07:00,21.1,12.8,1017.4,150.0,2.1
2023-09-11T08:00,21.1,11.1,1017.0,170.0,2.1
2023-09-11T09:00,20.0,12.8,1017.1,260.0,2.1
2023-09-11T10:00,17.8,15.0,,220.0,5.1
2023-09-11T11:00,17.2,16.1,1017.7,170.0,2.1
2023-09-11T12:00,17.2,16.1,1017.7,200.0,2.6
2023-09-11T13:00,17.2,16.1,1017.5,190.0,2.1
2023-09-11T14:00,17.8,17.2,,220.0,3.1
2023-09-11T15:00,18.3,17.8,1018.5,250.0,2.6
2023-09-11T16:00,18.3,17.8,,270.0,2.1
2023-09-11T17:00,18.9,17.8,1017.9,330.0,2.1
2023-09-11T18:00,18.3,17.2,1018.0,340.0,3.6
2023-09-11T19:00,18.9,16.7,1017.9,20.0,2.6
2023-09-11T20:00,18.3,16.7,1017.5,350.0,2.6
2023-09-11T21:00,18.3,16.7,1017.3,20.0,3.6
2023-09-11T22:00,18.3,16.7,1017.4,340.0,2.6
2023-09-11T23:00,16.7,16.1,1017.8,340.0,3.6
2023-09-12T00:00,17.2,15.6,1017.6,350.0,3.1
2023-09-12T01:00,17.2,15.6,1017.6,340.0,4.1
2023-09-12T02:00,17.2,16.1,1017.7,330.0,2.6
2023-09-12T03:00,16.7,16.1,1017.6,340.0,2.1
2023-09-12T04:00,17.2,15.6,1017.6,330.0,2.6
2023-09-12T05:00,16.7,15.0,1017.5,330.0,4.1
2023-09-12T06:00,16.1,14.4,1017.3,330.0,3.1
2023-09-12T07:00,15.6,14.4,1017.4,300.0,2.6
2023-09-12T08:00,15.0,13.9,1017.3,310.0,3.1
2023-09-12T09:00,14.4,13.3,1017.4,310.0,3.6
2023-09-12T10:00,13.9,12.8,1017.6,320.0,3.1
2023-09-12T11:00,13.9,12.2,1018.1,330.0,3.1
2023-09-12T12:00,13.9,12.2,1018.7,320.0,4.1
2023-09-12T13:00,15.0,12.8,1019.0,320.0,3.6
2023-09-12T14:00,15.6,12.8,1019.1,320.0,5.7
2023-09-12T15:00,16.7,12.2,1019.2,350.0,5.1
2023-09-12T16:00,18.3,11.7,1019.2,360.0,5.7
2023-09-12T17:00,18.9,11.7,1019.2,330.0,3.6
2023-09-12T18:00,20.6,12.2,1018.8,320.0,3.1
2023-09-12T19:00,22.2,10.0,1018.4,350.0,4.1
2023-09-12T20:00,21.7,9.4,1018.1,340.0,4.1
2023-09-12T21:00,20.6,12.2,1018.0,50.0,5.1
2023-09-12T22:00,21.1,12.2,1017.8,60.0,3.6
2023-09-12T23:00,20.0,11.1,1017.9,50.0,3.6
2023-09-13T00:00,18.3,8.9,1018.2,70.0,3.6
2023-09-13T01:00,17.2,9.4,1018.4,100.0,2.6
2023-09-13T02:00,17.2,10.6,1018.5,110.0,2.6
2023-09-13T03:00,16.7,10.6,1018.3,120.0,1.5
2023-09-13T04:00,15.6,11.1,1018.5,0.0,0.0
2023-09-13T05:00,15.0,11.1,1018.7,230.0,1.5
2023-09-13T06:00,15.0,11.1,1018.5,260.0,1.5
2023-09-13T07:00,14.4,10.6,1018.5,270.0,1.5
2023-09-13T08:00,13.9,11.1,1018.5,240.0,1.5
2023-09-13T09:00,13.3,11.1,1018.2,0.0,0.0
2023-09-13T10:00,12.8,10.6,1018.4,0.0,0.0
2023-09-13T11:00,13.3,11.1,1018.5,180.0,1.5
2023-09-13T12:00,13.3,11.1,1019.0,290.0,1.5
2023-09-13T13:00,15.0,12.2,1019.3,0.0,0.0
2023-09-13T14:00,16.7,12.2,1019.3,0.0,0.0
2023-09-13T15:00,18.3,12.2,1019.5,10.0,2.1
2023-09-13T16:00,19.4,12.8,1019.5,330.0,2.6
2023-09-13T17:00,20.0,12.2,1019.6,360.0,5.7
2023-09-13T18:00,20.6,10.0,1019.4,360.0,4.6
2023-09-13T19:00,19.4,10.6,1018.8,20.0,6.7
2023-09-13T20:00,21.1,10.6,1018.7,50.0,6.2
2023-09-13T21:00,20.0,10.6,1018.7,20.0,4.6
2023-09-13T22:00,19.4,10.6,1018.9,30.0,5.7
2023-09-13T23:00,18.3,10.6,1019.1,40.0,5.7
2023-09-14T00:00,17.8,10.6,1019.2,60.0,4.1
2023-09-14T01:00,17.2,10.0,1019.6,60.0,3.6
2023-09-14T02:00,16.1,10.6,1020.0,40.0,3.1
2023-09-14T03:00,16.1,10.6,1020.2,70.0,2.1
2023-09-14T04:00,14.4,10.6,1020.2,350.0,2.1
2023-09-14T05:00,13.9,10.0,1020.3,360.0,2.6
2023-09-14T06:00,13.9,10.6,1020.4,0.0,0.0
2023-09-14T07:00,13.3,10.0,1020.6,0.0,0.0
2023-09-14T08:00,12.8,10.0,1020.4,330.0,2.1
2023-09-14T09:00,12.2,9.4,1020.8,0.0,0.0
2023-09-14T10:00,12.8,9.4,1021.1,350.0,1.5
2023-09-14T11:00,12.2,9.4,1021.6,0.0,0.0
2023-09-14T12:00,12.2,9.4,1022.0,0.0,0.0
2023-09-14T13:00,15.0,11.7,1022.5,350.0,2.1
2023-09-14T14:00,17.2,11.7,1022.4,360.0,2.6
2023-09-14T15:00,19.4,12.2,1022.8,360.0,1.5
2023-09-14T16:00,21.1,11.7,1022.7,350.0,2.1
2023-09-14T17:00,20.6,10.0,1022.5,360.0,2.1
2023-09-14T18:00,22.8,10.0,1022.0,,2.6
2023-09-14T19:00,22.8,11.7,1021.6,130.0,2.1
2023-09-14T20:00,22.8,11.1,1021.2,90.0,4.6
2023-09-14T21:00,22.2,10.6,1021.0,90.0,3.6
2023-09-14T22:00,21.7,10.6,1020.8,80.0,3.6
2023-09-14T23:00,21.1,9.4,1020.7,90.0,4.1
2023-09-15T00:00,19.4,8.9,1020.7,100.0,4.1
2023-09-15T01:00,17.8,9.4,1021.0,110.0,2.1
2023-09-15T02:00,17.2,10.6,1021.1,120.0,2.1
2023-09-15T03:00,17.2,10.6,1021.4,0.0,0.0
2023-09-15T04:00,16.1,11.1,1021.3,0.0,0.0
2023-09-15T05:00,15.0,10.6,1021.5,0.0,0.0
2023-09-15T06:00,14.4,10.6,1021.7,0.0,0.0
2023-09-15T07:00,13.3,10.6,1021.2,0.0,0.0
2023-09-15T08:00,13.3,10.0,1020.8,0.0,0.0
2023-09-15T09:00,12.8,10.0,1020.8,0.0,0.0
2023-09-15T10:00,13.3,11.1,1020.8,170.0,2.1
2023-09-15T11:00,13.3,10.6,1020.8,170.0,2.6
2023-09-15T12:00,13.3,10.0,1021.4,160.0,2.6
2023-09-15T13:00,15.6,10.0,1021.6,190.0,2.1
2023-09-15T14:00,18.3,10.6,1021.4,190.0,2.6
2023-09-15T15:00,21.1,10.6,1021.2,160.0,3.6
2023-09-15T16:00,21.7,8.9,1021.1,200.0,2.6
2023-09-15T17:00,23.3,8.9,1020.7,180.0,4.1
2023-09-15T18:00,23.9,8.9,1020.2,200.0,2.1
2023-09-15T19:00,24.4,8.3,1019.5,140.0,2.1
2023-09-15T20:00,24.4,7.8,1019.0,160.0,1.5
2023-09-15T21:00,25.6,6.1,1018.4,,2.1
2023-09-15T22:00,26.1,6.7,1018.0,,1.5
2023-09-15T23:00,24.4,6.1,1017.7,,1.5
2023-09-16T00:00,22.8,6.7,1017.8,180.0,2.1
2023-09-16T01:00,20.6,10.6,1017.9,140.0,3.1
2023-09-16T02:00,20.0,12.8,1018.0,150.0,2.1
2023-09-16T03:00,19.4,13.3,1017.9,160.0,2.6
2023-09-16T04:00,18.3,13.3,1018.2,170.0,1.5
2023-09-16T05:00,18.3,12.8,1018.0,160.0,2.1
2023-09-16T06:00,17.8,12.2,1017.8,190.0,3.1
2023-09-16T07:00,17.8,11.1,1017.4,190.0,2.6
2023-09-16T08:00,17.2,10.6,1017.3,170.0,2.1
2023-09-16T09:00,16.7,10.6,1016.9,160.0,3.1
2023-09-16T10:00,16.7,10.6,1016.6,200.0,2.1
2023-09-16T11:00,16.7,11.1,1016.9,0.0,0.0
2023-09-16T12:00,16.1,11.1,1016.9,0.0,0.0
2023-09-16T13:00,16.7,11.7,1017.5,240.0,1.5
2023-09-16T14:00,17.8,11.7,1017.6,220.0,2.1
2023-09-16T15:00,19.4,12.2,1017.6,200.0,2.1
2023-09-16T16:00,20.6,12.2,1017.5,240.0,2.1
2023-09-16T17:00,20.0,12.2,1017.3,0.0,0.0
2023-09-16T18:00,19.4,13.9,1017.1,0.0,0.0
2023-09-16T19:00,20.0,15.0,1016.6,210.0,2.1
2023-09-16T20:00,20.6,15.0,1016.2,210.0,3.6
2023-09-16T21:00,20.6,13.9,1015.8,190.0,4.1
2023-09-16T22:00,20.6,12.8,1015.1,170.0,2.6
2023-09-16T23:00,20.0,13.3,1014.6,170.0,1.5
2023-09-17T00:00,19.4,13.3,1014.6,130.0,1.5
2023-09-17T01:00,18.9,12.8,1014.4,0.0,0.0
2023-09-17T02:00,17.2,13.3,1014.5,0.0,0.0
2023-09-17T03:00,17.2,13.9,1014.5,250.0,2.1
2023-09-17T04:00,17.2,14.4,1014.1,0.0,0.0
2023-09-17T05:00,17.2,15.0,1013.8,0.0,0.0
2023-09-17T06:00,17.8,14.4,1013.6,0.0,0.0
2023-09-17T07:00,17.2,13.9,1013.0,360.0,2.6
2023-09-17T08:00,16.7,14.4,1012.8,310.0,1.5
2023-09-17T09:00,16.1,14.4,1013.1,310.0,4.1
2023-09-17T10:00,15.0,13.9,1012.9,330.0,3.6
2023-09-17T11:00,15.0,14.4,1013.5,350.0,3.6
2023-09-17T12:00,15.0,14.4,1013.5,310.0,4.1
2023-09-17T13:00,15.0,14.4,1014.4,10.0,3.1
2023-09-17T14:00,15.0,14.4,1014.4,340.0,3.6
2023-09-17T15:00,15.6,14.4,1014.4,10.0,7.2
2023-09-17T16:00,16.1,15.0,1014.5,10.0,7.7
2023-09-17T17:00,16.1,15.0,1015.0,30.0,7.2
2023-09-17T18:00,16.7,15.6,1015.2,20.0,5.1
2023-09-17T19:00,17.8,15.6,1015.0,350.0,7.2
2023-09-17T20:00,16.7,15.0,1015.2,20.0,6.2
2023-09-17T21:00,16.7,13.9,1015.3,20.0,8.2
2023-09-17T22:00,15.6,12.8,1015.5,20.0,7.2
2023-09-17T23:00,15.0,11.1,1015.8,20.0,6.7
2023-09-18T00:00,15.0,12.2,1015.9,20.0,5.7
2023-09-18T01:00,14.4,12.2,1016.1,10.0,4.6
2023-09-18T02:00,13.9,12.2,1016.4,350.0,3.1
2023-09-18T03:00,13.9,12.2,1016.5,350.0,3.1
2023-09-18T04:00,15.0,12.2,1016.7,340.0,2.6
2023-09-18T05:00,15.0,12.2,1016.8,330.0,2.6
2023-09-18T06:00,13.9,11.7,1016.8,0.0,0.0
2023-09-18T07:00,13.3,11.7,1016.8,0.0,0.0
2023-09-18T08:00,12.8,11.1,1016.8,0.0,0.0
2023-09-18T09:00,12.8,11.1,1016.8,280.0,3.1
2023-09-18T10:00,12.2,11.1,1017.0,290.0,2.6
2023-09-18T11:00,12.2,11.1,1017.4,60.0,1.5
2023-09-18T12:00,12.2,10.6,1017.9,0.0,0.0
2023-09-18T13:00,14.4,12.2,1018.1,340.0,2.1
2023-09-18T14:00,16.7,12.2,1018.2,10.0,2.1
2023-09-18T15:00,18.3,12.8,1018.5,360.0,2.1
2023-09-18T16:00,20.0,12.8,1018.5,330.0,2.6
2023-09-18T17:00,20.0,11.7,1018.2,340.0,3.1
2023-09-18T18:00,21.1,11.7,1017.7,360.0,4.1
2023-09-18T19:00,22.2,10.6,1017.3,0.0,0.0
2023-09-18T20:00,21.7,10.0,1016.6,340.0,2.1
2023-09-18T21:00,20.6,12.8,1016.2,110.0,3.6
2023-09-18T22:00,20.6,12.2,1016.0,90.0,4.6
2023-09-18T23:00,20.0,12.2,1016.1,90.0,4.1
2023-09-19T00:00,18.3,11.7,1016.2,100.0,3.6
2023-09-19T01:00,17.2,11.7,1016.4,100.0,3.1
2023-09-19T02:00,16.1,11.7,1016.5,120.0,2.1
2023-09-19T03:00,16.1,11.7,1016.6,130.0,1.5
2023-09-19T04:00,16.1,11.7,1016.5,140.0,2.1
2023-09-19T05:00,15.6,12.2,1016.7,140.0,2.1
2023-09-19T06:00,15.0,11.7,1016.3,140.0,2.1
2023-09-19T07:00,15.0,11.1,1016.9,0.0,0.0
2023-09-19T08:00,15.0,11.1,1016.6,150.0,2.1
2023-09-19T09:00,14.4,11.1,1016.6,150.0,2.6
2023-09-19T10:00,15.0,11.1,1016.1,160.0,3.6
2023-09-19T11:00,15.6,11.1,1016.1,190.0,4.6
2023-09-19T12:00,15.6,11.7,1016.5,160.0,2.6
2023-09-19T13:00,15.6,11.7,1017.4,220.0,3.1
2023-09-19T14:00,15.0,12.2,1017.6,200.0,2.1
2023-09-19T15:00,15.0,12.8,1017.7,190.0,2.6
2023-09-19T16:00,15.6,12.8,1017.4,190.0,2.6
2023-09-19T17:00,16.1,13.3,1017.6,0.0,0.0
2023-09-19T18:00,16.1,13.3,1017.0,180.0,2.6
2023-09-19T19:00,16.1,13.3,1016.3,170.0,3.6
2023-09-19T20:00,16.1,13.9,1015.3,140.0,4.6
2023-09-19T21:00,16.7,14.4,1014.8,140.0,4.1
2023-09-19T22:00,17.2,14.4,1014.2,120.0,3.6
2023-09-19T23:00,17.2,15.0,1014.1,130.0,4.6
2023-09-20T00:00,18.9,13.9,1015.0,140.0,2.6
2023-09-20T01:00,18.9,13.9,1014.2,160.0,6.2
2023-09-20T02:00,20.0,13.9,1014.6,170.0,7.2
2023-09-20T03:00,18.9,14.4,1014.8,170.0,6.2
2023-09-20T04:00,18.3,13.9,1015.1,160.0,3.6
2023-09-20T05:00,18.3,12.2,1014.9,170.0,5.1
2023-09-20T06:00,18.3,11.7,1015.1,180.0,4.1
2023-09-20T07:00,18.3,11.1,1015.3,180.0,3.1
2023-09-20T08:00,18.3,11.1,1015.2,180.0,4.6
2023-09-20T09:00,19.4,11.1,1015.3,200.0,4.6
2023-09-20T10:00,18.3,11.1,1015.7,200.0,5.1
2023-09-20T11:00,17.8,12.2,1016.3,210.0,4.6
2023-09-20T12:00,17.8,13.3,1017.2,250.0,2.6
2023-09-20T13:00,18.9,13.3,1017.6,250.0,1.5
2023-09-20T14:00,20.0,14.4,1017.9,190.0,2.1
2023-09-20T15:00,21.1,13.3,1018.4,200.0,3.1
2023-09-20T16:00,22.2,14.4,1018.0,200.0,3.1
2023-09-20T17:00,24.4,13.9,1017.5,200.0,5.1
2023-09-20T18:00,24.4,14.4,1017.5,170.0,5.1
2023-09-20T19:00,25.6,15.6,1017.2,210.0,4.1
2023-09-20T20:00,26.1,15.6,1017.0,200.0,4.1
2023-09-20T21:00,26.1,15.6,1016.8,170.0,3.6
2023-09-20T22:00,25.6,15.0,1016.9,170.0,3.1
2023-09-20T23:00,25.6,15.0,1017.2,190.0,2.6
2023-09-21T00:00,24.4,14.4,1017.5,150.0,1.5
2023-09-21T01:00,23.3,14.4,1018.0,120.0,2.1
2023-09-21T02:00,21.7,15.0,1018.3,110.0,2.6
2023-09-21T03:00,21.7,15.0,1018.6,0.0,0.0
2023-09-21T04:00,20.6,15.0,1019.1,0.0,0.0
2023-09-21T05:00,20.0,15.6,1019.2,0.0,0.0
2023-09-21T06:00,20.0,15.6,1019.3,0.0,0.0
2023-09-21T07:00,20.0,15.6,1019.3,0.0,0.0
2023-09-21T08:00,19.4,15.6,1019.4,80.0,1.5
2023-09-21T09:00,20.0,15.0,1019.8,40.0,1.5
2023-09-21T10:00,19.4,15.6,1020.4,0.0,0.0
2023-09-21T11:00,19.4,15.0,1020.4,0.0,0.0
2023-09-21T12:00,19.4,15.0,1021.3,0.0,0.0
2023-09-21T13:00,20.0,15.0,1021.9,0.0,0.0
2023-09-21T14:00,21.1,15.0,1022.3,0.0,0.0
2023-09-21T15:00,21.7,15.6,1022.4,10.0,2.6
2023-09-21T16:00,23.3,16.1,1022.4,250.0,1.5
2023-09-21T17:00,25.0,15.6,1022.1,,2.6
2023-09-21T18:00,26.1,15.0,1021.9,120.0,5.1
2023-09-21T19:00,23.3,17.2,1022.1,200.0,2.6
2023-09-21T20:00,22.8,17.2,1021.7,90.0,2.6
2023-09-21T21:00,22.8,16.1,1021.1,80.0,2.6
2023-09-21T22:00,22.2,17.2,1021.3,80.0,2.6
2023-09-21T23:00,21.1,17.2,1021.3,70.0,3.1
2023-09-22T00:00,21.7,16.7,1020.9,80.0,3.6
2023-09-22T01:00,21.7,17.2,1020.7,80.0,3.1
2023-09-22T02:00,21.7,17.8,1021.0,60.0,3.1
2023-09-22T03:00,20.6,18.3,1020.8,140.0,1.5
2023-09-22T04:00,21.1,17.8,1020.9,0.0,0.0
2023-09-22T05:00,21.1,17.8,1020.7,80.0,2.6
2023-09-22T06:00,20.0,17.8,1021.0,270.0,1.5
2023-09-22T07:00,20.0,18.3,1021.2,0.0,0.0
2023-09-22T08:00,19.4,18.3,1021.3,230.0,2.6
2023-09-22T09:00,18.9,17.8,1021.0,0.0,0.0
2023-09-22T10:00,18.9,17.8,1021.1,190.0,1.5
2023-09-22T11:00,19.4,17.8,1021.1,140.0,1.5
2023-09-22T12:00,19.4,17.8,1021.6,0.0,0.0
2023-09-22T13:00,20.6,17.8,1021.5,100.0,3.1
2023-09-22T14:00,20.6,15.6,1021.6,150.0,3.6
2023-09-22T15:00,21.1,15.6,1021.6,150.0,3.1
2023-09-22T16:00,21.7,16.1,1021.3,170.0,3.1
2023-09-22T17:00,22.8,16.7,1020.7,160.0,3.1
2023-09-22T18:00,23.9,16.7,1020.7,150.0,2.1
2023-09-22T19:00,25.6,16.1,1020.1,140.0,2.6
2023-09-22T20:00,26.1,15.6,1019.7,160.0,3.1
2023-09-22T21:00,25.6,16.1,1019.7,120.0,4.1
2023-09-22T22:00,25.0,16.1,1019.3,110.0,4.1
2023-09-22T23:00,25.0,15.6,1018.9,110.0,3.6
2023-09-23T00:00,23.9,16.1,1018.6,90.0,3.1
2023-09-23T01:00,23.3,16.7,1018.6,90.0,2.1
2023-09-23T02:00,22.8,16.7,1018.9,80.0,2.1
2023-09-23T03:00,22.2,16.7,1018.5,90.0,3.1
2023-09-23T04:00,22.2,16.1,1018.8,110.0,1.5
2023-09-23T05:00,22.2,15.6,1018.6,110.0,2.6
2023-09-23T06:00,22.8,14.4,1018.6,130.0,5.1
2023-09-23T07:00,21.7,13.3,1018.8,130.0,4.1
2023-09-23T08:00,21.1,12.8,1018.5,140.0,6.2
2023-09-23T09:00,21.1,11.7,1018.6,140.0,4.1
2023-09-23T10:00,20.0,11.7,1018.8,140.0,4.1
2023-09-23T11:00,18.9,11.7,1018.9,120.0,3.1
2023-09-23T12:00,18.9,11.1,1019.0,130.0,2.6
2023-09-23T13:00,18.9,12.2,1019.0,120.0,4.1
2023-09-23T14:00,20.6,13.3,1018.9,150.0,3.6
2023-09-23T15:00,22.2,13.3,1018.9,150.0,2.6
2023-09-23T16:00,25.0,13.3,1018.3,,2.1
2023-09-23T17:00,26.1,10.0,1018.2,110.0,4.6
2023-09-23T18:00,25.6,11.7,1017.8,90.0,5.1
2023-09-23T19:00,25.6,13.9,1016.7,80.0,5.7
2023-09-23T20:00,25.6,13.9,1016.1,80.0,5.1
2023-09-23T21:00,25.0,13.3,1016.2,70.0,5.7
2023-09-23T22:00,24.4,12.2,1016.4,80.0,4.6
2023-09-23T23:00,23.3,12.2,1016.1,70.0,4.6
2023-09-24T00:00,22.2,12.8,1016.1,90.0,3.6
2023-09-24T01:00,21.1,12.2,1016.1,80.0,3.6
2023-09-24T02:00,21.1,12.8,1016.4,90.0,3.1
2023-09-24T03:00,19.4,12.8,1016.7,110.0,2.1
2023-09-24T04:00,20.6,11.1,1016.2,110.0,6.7
2023-09-24T05:00,18.9,11.7,1015.9,120.0,5.7
2023-09-24T06:00,18.9,11.1,1015.8,140.0,3.1
2023-09-24T07:00,18.3,9.4,1015.8,130.0,4.6
2023-09-24T08:00,17.2,10.0,1015.6,120.0,3.6
2023-09-24T09:00,16.1,10.6,1015.9,120.0,3.6
2023-09-24T10:00,15.6,11.1,1016.4,140.0,1.5
2023-09-24T11:00,15.6,11.1,1016.3,90.0,2.1
2023-09-24T12:00,15.6,11.7,1016.2,100.0,3.6
2023-09-24T13:00,16.7,11.7,1016.4,130.0,3.1
2023-09-24T14:00,18.3,11.7,1016.5,150.0,4.1
2023-09-24T15:00,19.4,12.8,1016.6,180.0,2.6
2023-09-24T16:00,21.7,13.3,1016.5,,2.1
2023-09-24T17:00,23.9,13.9,1016.0,130.0,3.1
2023-09-24T18:00,23.9,12.2,1016.1,160.0,3.6
2023-09-24T19:00,25.0,12.8,1015.6,140.0,4.6
2023-09-24T20:00,25.0,12.2,1015.1,130.0,5.7
2023-09-24T21:00,24.4,13.9,1015.1,110.0,6.2
2023-09-24T22:00,23.9,14.4,1015.2,100.0,6.2
2023-09-24T23:00,23.3,15.0,1015.8,100.0,3.1
2023-09-25T00:00,22.8,14.4,1016.1,90.0,4.1
2023-09-25T01:00,21.1,15.6,1016.3,90.0,2.6
2023-09-25T02:00,21.1,15.6,1016.3,80.0,2.6
2023-09-25T03:00,20.6,15.0,1016.5,100.0,1.5
2023-09-25T04:00,20.6,15.6,1016.3,100.0,2.6
2023-09-25T05:00,21.1,15.0,1016.5,110.0,2.6
2023-09-25T06:00,21.1,13.9,1015.8,120.0,4.1
2023-09-25T07:00,20.6,13.9,1016.4,130.0,2.1
2023-09-25T08:00,20.6,13.9,1016.3,130.0,2.6
2023-09-25T09:00,20.0,13.3,1016.4,130.0,4.1
2023-09-25T10:00,19.4,13.9,1016.8,140.0,4.6
2023-09-25T11:00,19.4,13.9,1017.2,130.0,3.6
2023-09-25T12:00,18.9,14.4,1017.7,130.0,3.6
2023-09-25T13:00,18.9,14.4,1018.7,130.0,4.1
2023-09-25T14:00,17.8,15.6,1018.6,130.0,4.1
2023-09-25T15:00,20.0,17.2,1018.8,140.0,3.6
2023-09-25T16:00,20.6,16.7,1018.8,140.0,3.1
2023-09-25T17:00,20.6,17.2,1018.9,140.0,3.6
2023-09-25T18:00,21.7,16.7,1018.9,130.0,2.1
2023-09-25T19:00,22.8,17.2,1018.1,90.0,2.6
2023-09-25T20:00,23.3,16.7,1018.1,70.0,3.1
2023-09-25T21:00,22.8,16.1,1017.7,80.0,4.6
2023-09-25T22:00,22.8,15.6,1017.5,80.0,4.6
2023-09-25T23:00,21.1,15.6,1017.8,50.0,4.6
2023-09-26T00:00,20.6,15.6,1018.4,60.0,3.6
2023-09-26T01:00,20.6,16.7,1018.5,70.0,2.6
2023-09-26T02:00,21.1,17.2,1018.5,70.0,4.6
2023-09-26T03:00,21.1,17.2,1018.1,100.0,3.6
2023-09-26T04:00,20.6,16.7,1018.4,120.0,4.6
2023-09-26T05:00,20.6,16.1,1018.2,120.0,5.1
2023-09-26T06:00,20.0,16.1,1018.0,120.0,3.1
2023-09-26T07:00,19.4,15.6,1017.9,120.0,4.6
2023-09-26T08:00,18.9,15.6,1017.8,130.0,4.1
2023-09-26T09:00,18.3,15.6,1017.7,130.0,3.6
2023-09-26T10:00,18.3,15.6,1017.6,110.0,3.6
2023-09-26T11:00,17.2,15.6,1017.9,110.0,4.6
2023-09-26T12:00,17.8,16.1,1018.2,130.0,3.1
2023-09-26T13:00,17.8,17.2,1018.9,130.0,2.6
2023-09-26T14:00,17.8,17.2,1019.2,120.0,2.6
2023-09-26T15:00,17.8,17.2,1019.3,90.0,5.1
2023-09-26T16:00,18.3,17.2,1019.4,120.0,2.6
2023-09-26T17:00,18.9,17.8,1019.2,90.0,5.7
2023-09-26T18:00,19.4,17.2,1018.7,100.0,6.7
2023-09-26T19:00,18.9,17.2,1018.3,80.0,4.1
2023-09-26T20:00,19.4,17.2,1017.7,110.0,4.1
2023-09-26T21:00,22.8,16.1,1017.1,110.0,7.2
2023-09-26T22:00,22.2,17.2,1017.1,100.0,7.7
2023-09-26T23:00,21.1,17.2,1017.5,70.0,6.7
2023-09-27T00:00,20.6,17.8,1017.7,80.0,3.6
2023-09-27T01:00,20.6,17.2,1017.5,90.0,4.1
2023-09-27T02:00,20.6,16.7,1018.0,100.0,3.1
2023-09-27T03:00,20.0,15.6,1018.0,100.0,6.7
2023-09-27T04:00,20.0,16.1,1018.0,90.0,4.1
2023-09-27T05:00,19.4,16.7,1018.1,110.0,5.1
2023-09-27T06:00,18.9,17.2,1018.1,90.0,3.1
2023-09-27T07:00,18.3,16.7,1017.5,90.0,3.1
2023-09-27T08:00,18.3,17.2,1017.3,90.0,2.6
2023-09-27T09:00,18.3,16.7,1016.9,100.0,3.1
2023-09-27T10:00,17.8,16.7,1017.2,120.0,3.1
2023-09-27T11:00,17.2,16.7,1017.6,110.0,2.6
2023-09-27T12:00,17.2,16.1,1017.8,110.0,2.6
2023-09-27T13:00,17.8,16.7,1018.0,110.0,4.1
2023-09-27T14:00,17.8,16.7,1018.4,110.0,4.6
2023-09-27T15:00,18.3,16.7,1018.9,140.0,3.6
2023-09-27T16:00,17.8,16.7,1018.7,140.0,3.1
2023-09-27T17:00,21.1,16.1,1017.9,100.0,3.1
2023-09-27T18:00,21.7,16.1,1017.4,90.0,4.1
2023-09-27T19:00,21.7,16.7,1017.4,90.0,4.1
2023-09-27T20:00,22.2,16.7,1016.8,90.0,4.6
2023-09-27T21:00,21.1,16.1,1016.7,120.0,4.1
2023-09-27T22:00,20.6,16.1,1016.9,80.0,4.6
2023-09-27T23:00,20.0,16.1,1017.3,80.0,4.6
2023-09-28T00:00,20.0,16.1,1017.3,80.0,4.6
2023-09-28T01:00,20.0,15.6,1017.6,90.0,5.1
2023-09-28T02:00,19.4,15.6,1017.9,100.0,4.1
2023-09-28T03:00,19.4,15.0,1017.9,100.0,4.1
2023-09-28T04:00,19.4,15.6,1017.8,70.0,3.1
2023-09-28T05:00,18.9,15.6,1017.5,70.0,3.1
2023-09-28T06:00,18.3,16.1,1017.5,60.0,2.1
2023-09-28T07:00,18.3,16.1,1017.6,20.0,2.6
2023-09-28T08:00,17.2,15.6,1017.2,10.0,2.6
2023-09-28T09:00,17.2,15.6,1017.3,10.0,2.6
2023-09-28T10:00,17.8,16.1,1017.6,40.0,2.1
2023-09-28T11:00,18.3,16.1,1017.9,10.0,3.1
2023-09-28T12:00,18.9,16.1,1018.4,20.0,3.1
2023-09-28T13:00,19.4,16.1,1018.5,20.0,2.6
2023-09-28T14:00,20.0,16.1,1018.6,30.0,4.6
2023-09-28T15:00,20.0,16.1,1018.6,30.0,5.1
2023-09-28T16:00,20.0,16.7,1018.5,10.0,4.6
2023-09-28T17:00,20.0,17.2,1018.3,40.0,4.6
2023-09-28T18:00,21.7,15.6,1018.3,30.0,4.6
2023-09-28T19:00,21.1,15.0,1018.0,20.0,4.6
2023-09-28T20:00,21.7,15.6,1017.6,20.0,4.1
2023-09-28T21:00,21.1,15.0,1017.4,60.0,5.7
2023-09-28T22:00,21.1,15.0,1017.6,50.0,4.1
2023-09-28T23:00,19.4,15.0,1017.8,40.0,4.1
2023-09-29T00:00,18.9,15.0,1018.1,40.0,4.1
2023-09-29T01:00,18.9,15.0,1018.3,50.0,3.1
2023-09-29T02:00,18.3,14.4,1018.4,50.0,4.1
2023-09-29T03:00,18.3,14.4,1018.4,60.0,3.1
2023-09-29T04:00,17.8,14.4,1018.7,50.0,2.1
2023-09-29T05:00,17.2,14.4,1018.9,0.0,0.0
2023-09-29T06:00,16.7,14.4,1018.6,0.0,0.0
2023-09-29T07:00,16.1,14.4,1018.7,0.0,0.0
2023-09-29T08:00,15.6,13.9,1018.3,0.0,0.0
2023-09-29T09:00,16.1,13.9,1018.7,0.0,0.0
2023-09-29T10:00,16.7,15.0,1019.1,0.0,0.0
2023-09-29T11:00,16.7,14.4,1019.3,0.0,0.0
2023-09-29T12:00,16.7,14.4,1019.9,130.0,1.5
2023-09-29T13:00,17.2,15.6,1020.4,140.0,3.1
2023-09-29T14:00,18.3,16.1,1020.8,160.0,2.6
2023-09-29T15:00,20.0,15.6,1020.7,140.0,2.6
2023-09-29T16:00,20.6,15.6,1020.5,190.0,2.1
2023-09-29T17:00,21.7,15.0,1020.4,0.0,0.0
2023-09-29T18:00,22.2,15.6,1020.0,220.0,2.1
2023-09-29T19:00,22.8,15.6,1019.5,170.0,2.1
2023-09-29T20:00,23.9,15.6,1019.3,,1.5
2023-09-29T21:00,24.4,15.0,1019.1,,1.5
2023-09-29T22:00,23.9,16.1,1019.1,90.0,5.1
2023-09-29T23:00,22.2,15.6,1019.8,90.0,4.6
2023-09-30T00:00,21.1,15.6,1020.2,90.0,4.1
2023-09-30T01:00,20.0,15.6,1020.3,110.0,3.1
2023-09-30T02:00,20.0,16.1,1020.6,100.0,3.1
2023-09-30T03:00,19.4,15.6,1020.3,130.0,3.1
2023-09-30T04:00,19.4,15.0,1020.5,150.0,3.6
2023-09-30T05:00,18.3,14.4,1020.7,150.0,3.1
2023-09-30T06:00,17.8,14.4,1020.6,140.0,3.1
2023-09-30T07:00,17.8,14.4,1020.1,160.0,3.1
2023-09-30T08:00,17.8,14.4,1020.4,180.0,2.1
2023-09-30T09:00,17.2,13.9,1020.5,190.0,1.5
2023-09-30T10:00,16.7,13.9,1021.0,160.0,2.1
2023-09-30T11:00,16.7,13.9,1021.9,130.0,2.1
2023-09-30T12:00,16.1,13.9,1022.3,130.0,2.6
2023-09-30T13:00,17.8,14.4,1022.8,170.0,3.1
2023-09-30T14:00,19.4,15.0,1023.1,170.0,3.1
2023-09-30T15:00,21.7,15.6,1023.8,190.0,4.1
2023-09-30T16:00,23.9,16.7,1024.0,,2.1
2023-09-30T17:00,25.6,17.2,1023.4,180.0,3.1
2023-09-30T18:00,26.7,17.2,1023.4,150.0,4.6
2023-09-30T19:00,27.8,16.7,1022.8,170.0,2.6
2023-09-30T20:00,28.9,17.2,1022.2,140.0,3.6
2023-09-30T21:00,28.9,17.2,1021.3,150.0,3.6
2023-09-30T22:00,28.3,16.1,1021.3,140.0,4.1
2023-09-30T23:00,27.8,16.1,1021.2,170.0,3.1
2023-10-01T00:00,25.6,16.7,1021.9,90.0,3.1
2023-10-01T01:00,23.3,16.1,1021.9,140.0,3.6
2023-10-01T02:00,22.8,16.1,1022.4,140.0,2.6
2023-10-01T03:00,22.2,16.1,1022.8,150.0,2.1
2023-10-01T04:00,21.7,16.1,1022.8,180.0,1.5
2023-10-01T05:00,21.1,16.1,1023.1,130.0,2.6
2023-10-01T06:00,21.1,15.6,1023.3,160.0,2.6
2023-10-01T07:00,20.0,15.0,1023.5,150.0,2.1
2023-10-01T08:00,20.0,14.4,1023.6,170.0,2.1
2023-10-01T09:00,18.9,14.4,1024.2,140.0,2.1
2023-10-01T10:00,18.3,13.9,1024.8,150.0,1.5
2023-10-01T11:00,17.8,14.4,1025.1,0.0,0.0
2023-10-01T12:00,17.2,14.4,1025.2,170.0,1.5
2023-10-01T13:00,18.9,15.0,1025.4,170.0,2.6
2023-10-01T14:00,21.1,15.6,1025.6,160.0,1.5
2023-10-01T15:00,23.9,16.1,1026.1,0.0,0.0
2023-10-01T16:00,26.1,16.7,1026.3,0.0,0.0
2023-10-01T17:00,27.8,16.1,1025.8,160.0,2.6
2023-10-01T18:00,28.3,15.6,1025.2,230.0,2.1
2023-10-01T19:00,29.4,15.6,1024.3,130.0,3.1
2023-10-01T20:00,29.4,15.6,1023.5,170.0,3.1
2023-10-01T21:00,30.0,14.4,1023.0,,3.1
2023-10-01T22:00,29.4,14.4,1022.6,130.0,2.1
2023-10-01T23:00,26.7,15.0,1022.6,90.0,4.1
2023-10-02T00:00,24.4,15.0,1022.8,90.0,3.1
2023-10-02T01:00,22.8,15.0,1023.1,100.0,2.1
2023-10-02T02:00,22.2,15.0,1023.1,140.0,2.1
2023-10-02T03:00,21.7,15.6,1023.3,140.0,2.1
2023-10-02T04:00,21.1,15.6,1023.3,130.0,2.1
2023-10-02T05:00,21.1,15.6,1023.4,140.0,1.5
2023-10-02T06:00,20.0,15.6,1023.1,0.0,0.0
2023-10-02T07:00,20.0,15.6,1023.1,0.0,0.0
2023-10-02T08:00,18.9,15.6,1023.0,0.0,0.0
2023-10-02T09:00,18.3,15.0,1023.1,0.0,0.0
2023-10-02T10:00,18.3,15.0,1023.3,0.0,0.0
2023-10-02T11:00,18.3,15.0,1023.1,0.0,0.0
2023-10-02T12:00,17.8,14.4,1023.5,0.0,0.0
2023-10-02T13:00,19.4,15.6,1023.7,0.0,0.0
2023-10-02T14:00,21.7,15.6,1023.7,230.0,2.1
2023-10-02T15:00,24.4,16.1,1023.5,240.0,3.1
2023-10-02T16:00,26.7,16.1,1023.2,210.0,2.1
2023-10-02T17:00,28.3,16.1,1022.8,210.0,3.6
2023-10-02T18:00,28.9,15.6,1022.5,220.0,3.1
2023-10-02T19:00,29.4,15.6,1021.5,220.0,2.6
2023-10-02T20:00,29.4,16.1,1021.0,170.0,4.1
2023-10-02T21:00,29.4,15.6,1020.5,160.0,3.6
2023-10-02T22:00,29.4,16.1,1020.0,170.0,2.1
2023-10-02T23:00,28.3,14.4,1020.2,190.0,2.6
2023-10-03T00:00,26.1,16.1,1020.2,120.0,4.6
2023-10-03T01:00,24.4,15.6,1020.3,130.0,3.6
2023-10-03T02:00,23.3,15.6,1020.0,140.0,3.1
2023-10-03T03:00,22.8,15.0,1020.0,150.0,2.6
2023-10-03T04:00,22.2,15.0,1019.9,140.0,2.1
2023-10-03T05:00,21.7,15.0,1019.7,170.0,1.5
2023-10-03T06:00,20.6,15.0,1019.6,0.0,0.0
2023-10-03T07:00,20.0,15.0,1019.5,180.0,1.5
2023-10-03T08:00,19.4,15.0,1019.4,190.0,1.5
2023-10-03T09:00,18.9,14.4,1019.4,0.0,0.0
2023-10-03T10:00,18.9,13.9,1019.9,0.0,0.0
2023-10-03T11:00,18.3,13.9,1020.2,0.0,0.0
2023-10-03T12:00,18.9,13.9,1020.6,0.0,0.0
2023-10-03T13:00,19.4,13.9,1020.9,180.0,2.1
2023-10-03T14:00,21.7,14.4,1020.7,180.0,2.1
2023-10-03T15:00,24.4,16.1,1020.5,150.0,2.6
2023-10-03T16:00,27.2,16.1,1020.3,200.0,4.6
2023-10-03T17:00,28.9,14.4,1019.7,200.0,4.1
2023-10-03T18:00,29.4,14.4,1018.9,210.0,5.7
2023-10-03T19:00,30.0,14.4,1017.8,200.0,4.6
2023-10-03T20:00,30.6,13.9,1016.9,200.0,5.1
2023-10-03T21:00,30.6,13.9,1016.3,190.0,3.1
2023-10-03T22:00,30.0,13.3,1016.1,170.0,4.1
2023-10-03T23:00,29.4,13.9,1015.8,170.0,2.6
2023-10-04T00:00,27.8,13.3,1015.7,170.0,1.5
2023-10-04T01:00,26.1,13.3,1015.6,140.0,3.1
2023-10-04T02:00,26.1,13.9,1015.5,150.0,3.1
2023-10-04T03:00,25.6,13.3,1015.1,170.0,4.1
2023-10-04T04:00,25.0,13.3,1014.9,170.0,5.1
2023-10-04T05:00,25.0,13.9,1014.6,180.0,4.6
2023-10-04T06:00,24.4,13.9,1014.9,180.0,4.1
2023-10-04T07:00,23.9,14.4,1015.2,180.0,3.6
2023-10-04T08:00,23.9,13.9,1015.2,190.0,3.6
2023-10-04T09:00,23.9,13.9,1014.9,180.0,3.6
2023-10-04T10:00,23.3,14.4,1014.9,180.0,3.6
2023-10-04T11:00,22.8,14.4,1015.2,180.0,3.1
2023-10-04T12:00,22.8,14.4,1015.4,180.0,4.1
2023-10-04T13:00,22.2,15.0,1015.5,180.0,3.6
2023-10-04T14:00,23.9,15.6,1014.8,180.0,4.6
2023-10-04T15:00,24.4,15.6,1014.4,200.0,5.7
2023-10-04T16:00,25.6,15.6,1013.9,180.0,6.2
2023-10-04T17:00,27.8,15.0,1013.4,190.0,4.1
2023-10-04T18:00,28.3,14.4,1013.1,210.0,7.7
2023-10-04T19:00,28.3,14.4,1012.5,210.0,6.7
2023-10-04T20:00,28.3,14.4,1012.2,210.0,7.7
2023-10-04T21:00,28.3,14.4,1012.2,210.0,7.2
2023-10-04T22:00,27.8,13.9,1012.3,210.0,5.7
2023-10-04T23:00,27.2,13.9,1012.5,200.0,5.7
2023-10-05T00:00,26.7,12.8,1012.3,210.0,3.1
2023-10-05T01:00,26.1,12.8,1012.8,200.0,5.7
2023-10-05T02:00,25.0,13.9,1012.5,220.0,4.6
2023-10-05T03:00,24.4,13.9,1012.6,210.0,4.6
2023-10-05T04:00,23.9,14.4,1012.9,200.0,4.1
2023-10-05T05:00,22.8,15.0,1012.8,220.0,3.6
2023-10-05T06:00,20.0,17.8,1013.2,200.0,4.6
2023-10-05T07:00,20.0,18.3,1013.4,210.0,4.1
2023-10-05T08:00,20.0,18.3,1013.4,220.0,4.1
2023-10-05T09:00,20.0,18.3,1013.0,210.0,2.1
2023-10-05T10:00,20.0,18.3,1013.3,210.0,2.6
2023-10-05T11:00,20.0,18.3,1013.0,240.0,1.5
2023-10-05T12:00,20.0,18.3,1013.1,0.0,0.0
2023-10-05T13:00,20.0,18.3,1013.5,0.0,0.0
2023-10-05T14:00,20.0,17.8,1012.9,300.0,2.6
2023-10-05T15:00,20.0,16.1,1013.0,330.0,2.6
2023-10-05T16:00,20.0,15.6,1013.0,340.0,2.6
2023-10-05T17:00,20.6,15.6,1013.0,290.0,3.1
2023-10-05T18:00,20.6,15.0,1012.6,,2.1
2023-10-05T19:00,21.1,14.4,1011.7,250.0,2.1
2023-10-05T20:00,21.1,13.3,1011.0,260.0,2.6
2023-10-05T21:00,22.2,12.8,1010.9,240.0,4.1
2023-10-05T22:00,22.8,10.0,1011.0,260.0,4.6
2023-10-05T23:00,22.2,9.4,1010.7,210.0,3.1
2023-10-06T00:00,20.0,10.6,1010.6,190.0,3.1
2023-10-06T01:00,19.4,10.6,1011.1,210.0,3.1
2023-10-06T02:00,20.0,10.0,1011.6,260.0,3.1
2023-10-06T03:00,18.9,10.6,1012.1,250.0,2.6
2023-10-06T04:00,18.3,7.2,1012.3,280.0,5.7
2023-10-06T05:00,17.2,5.6,1012.5,280.0,3.6
2023-10-06T06:00,16.1,3.3,1012.4,270.0,3.1
2023-10-06T07:00,13.9,5.0,1013.0,250.0,3.1
2023-10-06T08:00,13.9,3.9,1012.9,250.0,2.6
2023-10-06T09:00,12.8,4.4,1013.1,240.0,3.1
2023-10-06T10:00,12.2,4.4,1013.1,240.0,2.6
2023-10-06T11:00,11.7,4.4,1013.8,240.0,3.1
2023-10-06T12:00,11.1,4.4,1014.2,240.0,4.1
2023-10-06T13:00,11.1,5.0,1014.2,240.0,3.1
2023-10-06T14:00,12.8,5.6,1014.5,260.0,4.6
2023-10-06T15:00,14.4,6.1,1014.7,270.0,4.6
2023-10-06T16:00,16.1,5.6,1014.3,260.0,4.6
2023-10-06T17:00,15.6,3.9,1013.8,250.0,5.7
2023-10-06T18:00,13.9,6.1,1014.1,270.0,7.2
2023-10-06T19:00,11.7,6.7,1014.5,270.0,7.7
2023-10-06T20:00,10.6,6.1,1014.8,240.0,6.7
2023-10-06T21:00,10.6,5.0,1015.2,270.0,6.2
2023-10-06T22:00,10.6,4.4,1015.4,270.0,8.2
2023-10-06T23:00,10.0,3.9,1015.8,260.0,6.2
2023-10-07T00:00,10.0,3.9,1016.1,260.0,6.2
2023-10-07T01:00,9.4,3.9,1016.7,260.0,6.7
2023-10-07T02:00,9.4,4.4,1017.1,270.0,6.2
2023-10-07T03:00,9.4,5.0,1017.3,260.0,5.1
2023-10-07T04:00,9.4,5.0,1017.5,280.0,4.6
2023-10-07T05:00,10.0,5.6,1017.2,280.0,5.1
2023-10-07T06:00,10.0,5.0,1017.1,290.0,5.7
2023-10-07T07:00,9.4,4.4,1017.6,290.0,5.1
2023-10-07T08:00,8.9,4.4,1017.9,300.0,5.7
2023-10-07T09:00,8.3,4.4,1018.4,280.0,4.1
2023-10-07T10:00,8.3,4.4,1018.7,290.0,4.1
2023-10-07T11:00,7.8,3.9,1019.1,290.0,5.1
2023-10-07T12:00,7.8,3.9,1019.4,300.0,4.1
2023-10-07T13:00,8.3,3.9,1019.8,300.0,4.6
2023-10-07T14:00,9.4,3.9,1020.4,310.0,7.2
2023-10-07T15:00,11.1,3.3,1020.3,300.0,6.7
2023-10-07T16:00,12.2,3.3,1020.1,300.0,6.2
2023-10-07T17:00,13.3,2.8,1020.1,320.0,6.7
2023-10-07T18:00,14.4,2.2,1019.7,300.0,6.7
2023-10-07T19:00,15.0,1.7,1019.0,290.0,5.7
2023-10-07T20:00,15.0,0.0,1018.7,320.0,6.2
2023-10-07T21:00,15.0,0.6,1018.6,300.0,5.1
2023-10-07T22:00,15.0,0.6,1018.5,310.0,7.2
2023-10-07T23:00,13.9,-0.6,1018.5,280.0,6.2
2023-10-08T00:00,12.8,0.0,1018.5,290.0,4.1
2023-10-08T01:00,11.7,0.6,1018.5,280.0,4.1
2023-10-08T02:00,10.6,1.1,1018.3,280.0,3.1
2023-10-08T03:00,10.0,1.7,1018.1,270.0,3.1
2023-10-08T04:00,9.4,2.2,1017.8,300.0,4.6
2023-10-08T05:00,8.9,2.2,1017.2,310.0,3.1
2023-10-08T06:00,8.3,2.2,1016.9,290.0,3.1
2023-10-08T07:00,7.8,2.2,1016.7,290.0,3.6
2023-10-08T08:00,8.9,2.2,1016.0,300.0,4.1
2023-10-08T09:00,8.9,2.2,1015.8,300.0,4.1
2023-10-08T10:00,8.3,2.2,1015.8,280.0,2.6
2023-10-08T11:00,8.3,2.8,1015.7,290.0,2.6
2023-10-08T12:00,8.3,2.8,1015.5,270.0,2.6
2023-10-08T13:00,8.9,3.3,1015.6,280.0,3.1
2023-10-08T14:00,10.0,3.3,1015.6,290.0,4.1
2023-10-08T15:00,11.7,3.3,1015.3,310.0,3.6
2023-10-08T16:00,12.8,2.8,1014.8,320.0,4.1
2023-10-08T17:00,13.3,2.2,1014.2,,2.6
2023-10-08T18:00,12.8,2.2,1013.6,270.0,3.6
2023-10-08T19:00,13.3,2.2,1012.8,300.0,3.6
2023-10-08T20:00,13.3,2.2,1012.3,300.0,3.1
2023-10-08T21:00,12.8,1.7,1012.0,300.0,3.6
2023-10-08T22:00,12.8,1.7,1012.0,290.0,3.1
2023-10-08T23:00,12.8,2.2,1012.0,280.0,2.6
2023-10-09T00:00,12.2,2.2,1012.0,310.0,2.1
2023-10-09T01:00,12.2,2.8,1011.8,280.0,1.5
2023-10-09T02:00,11.7,3.3,1011.7,300.0,1.5
2023-10-09T03:00,10.6,3.3,1011.4,300.0,2.1
2023-10-09T04:00,9.4,3.3,1011.2,280.0,2.1
2023-10-09T05:00,8.9,2.8,1010.8,280.0,2.6
2023-10-09T06:00,7.8,2.8,1010.4,290.0,2.6
2023-10-09T07:00,7.2,2.8,1010.2,270.0,2.1
2023-10-09T08:00,7.2,2.2,1010.0,300.0,3.1
2023-10-09T09:00,8.3,2.8,1009.9,310.0,3.6
2023-10-09T10:00,8.3,2.2,1009.8,330.0,3.1
2023-10-09T11:00,7.2,1.1,1010.2,340.0,4.1
2023-10-09T12:00,6.7,0.6,1010.3,300.0,3.1
2023-10-09T13:00,7.8,1.1,1010.6,310.0,3.1
2023-10-09T14:00,9.4,0.6,1010.6,310.0,3.6
2023-10-09T15:00,10.6,0.0,1010.7,320.0,3.6
2023-10-09T16:00,12.2,0.0,1010.2,310.0,4.1
2023-10-09T17:00,13.3,0.6,1009.9,320.0,6.7
2023-10-09T18:00,13.3,0.6,1009.1,280.0,7.7
2023-10-09T19:00,15.0,0.0,1008.3,270.0,5.7
2023-10-09T20:00,13.9,0.6,1008.2,300.0,6.7
2023-10-09T21:00,15.0,-1.1,1007.9,310.0,7.2
2023-10-09T22:00,13.9,-4.4,1008.1,280.0,6.2
2023-10-09T23:00,13.3,-5.0,1008.3,300.0,5.7
2023-10-10T00:00,12.2,-3.3,1008.7,250.0,2.1
2023-10-10T01:00,10.6,-2.2,1008.7,240.0,2.1
2023-10-10T02:00,10.0,-1.7,1008.8,250.0,2.6
2023-10-10T03:00,10.0,-1.7,1008.9,280.0,3.1
2023-10-10T04:00,10.0,-2.2,1008.7,290.0,3.1
2023-10-10T05:00,8.3,-1.1,1008.5,250.0,3.1
2023-10-10T06:00,7.8,-1.1,1008.3,270.0,3.6
2023-10-10T07:00,7.8,-1.7,1008.2,260.0,3.1
2023-10-10T08:00,6.7,-1.1,1008.1,270.0,3.6
2023-10-10T09:00,6.7,-1.1,1008.2,260.0,3.6
2023-10-10T10:00,6.1,-0.6,1008.3,260.0,3.1
2023-10-10T11:00,6.1,-0.6,1008.8,270.0,3.6
2023-10-10T12:00,5.6,-0.6,1008.9,260.0,3.1
2023-10-10T13:00,6.1,0.0,1009.2,250.0,2.6
2023-10-10T14:00,8.3,0.0,1009.4,270.0,3.6
2023-10-10T15:00,10.6,0.0,1009.4,260.0,4.1
2023-10-10T16:00,11.7,0.6,1009.3,260.0,4.1
2023-10-10T17:00,14.4,0.0,1009.1,260.0,7.2
2023-10-10T18:00,15.6,0.6,1008.6,270.0,3.6
2023-10-10T19:00,16.7,0.6,1008.0,260.0,4.1
2023-10-10T20:00,17.2,0.6,1007.6,270.0,4.6
2023-10-10T21:00,17.8,1.7,1007.5,240.0,5.1
2023-10-10T22:00,17.8,1.7,1007.5,260.0,5.7
2023-10-10T23:00,16.7,1.7,1007.7,270.0,4.6
2023-10-11T00:00,15.6,0.6,1008.3,250.0,3.1
2023-10-11T01:00,13.9,0.6,1008.5,250.0,2.6
2023-10-11T02:00,13.3,0.6,1008.8,230.0,2.1
2023-10-11T03:00,11.7,1.1,1008.9,240.0,2.1
2023-10-11T04:00,10.6,1.1,1009.1,260.0,2.1
2023-10-11T05:00,10.0,1.7,1008.9,230.0,3.1
2023-10-11T06:00,8.9,1.7,1008.8,230.0,3.1
2023-10-11T07:00,8.9,1.1,1008.8,260.0,2.6
2023-10-11T08:00,8.3,1.1,1008.7,250.0,2.6
2023-10-11T09:00,7.8,0.6,1008.5,250.0,2.6
2023-10-11T10:00,6.7,0.6,1008.6,0.0,0.0
2023-10-11T11:00,6.1,0.6,1009.6,240.0,3.1
2023-10-11T12:00,5.6,0.6,1010.0,240.0,2.6
2023-10-11T13:00,6.7,0.6,1010.1,240.0,2.1
2023-10-11T14:00,10.0,1.7,1010.8,230.0,2.1
2023-10-11T15:00,13.3,1.1,1010.7,260.0,2.1
2023-10-11T16:00,15.6,0.0,1010.6,240.0,2.6
2023-10-11T17:00,16.7,0.0,1010.3,180.0,3.6
2023-10-11T18:00,18.3,0.6,1009.5,,2.1
2023-10-11T19:00,18.3,1.1,1008.7,190.0,2.6
2023-10-11T20:00,18.9,1.7,1008.4,250.0,3.1
2023-10-11T21:00,18.9,2.2,1008.3,,2.1
2023-10-11T22:00,18.3,2.8,1008.3,0.0,0.0
2023-10-11T23:00,18.3,2.8,1008.2,,1.5
2023-10-12T00:00,14.4,7.8,1008.3,130.0,4.6
2023-10-12T01:00,13.9,9.4,1009.7,200.0,2.6
2023-10-12T02:00,13.9,10.6,1010.6,290.0,3.6
2023-10-12T03:00,13.3,10.6,1009.8,30.0,4.6
2023-10-12T04:00,13.3,10.6,1009.8,60.0,3.6
2023-10-12T05:00,13.3,10.6,1010.0,70.0,2.6
2023-10-12T06:00,13.3,11.1,1009.8,100.0,3.1
2023-10-12T07:00,13.3,10.6,1009.7,80.0,3.6
2023-10-12T08:00,12.8,11.1,1009.5,100.0,3.6
2023-10-12T09:00,12.8,10.6,1009.0,90.0,4.6
2023-10-12T10:00,13.3,11.1,1009.6,80.0,3.1
2023-10-12T11:00,13.9,11.1,1010.0,80.0,2.1
2023-10-12T12:00,13.9,11.7,1010.3,80.0,3.1
2023-10-12T13:00,13.9,11.7,1011.4,100.0,2.6
2023-10-12T14:00,14.4,12.2,1011.5,100.0,3.1
2023-10-12T15:00,14.4,11.7,1011.9,70.0,4.1
2023-10-12T16:00,14.4,11.7,1012.4,50.0,5.7
2023-10-12T17:00,14.4,12.2,1012.0,80.0,5.1
2023-10-12T18:00,15.6,12.2,1012.4,80.0,5.7
2023-10-12T19:00,16.1,12.2,1011.8,90.0,5.7
2023-10-12T20:00,16.1,12.2,1012.1,70.0,4.6
2023-10-12T21:00,15.6,11.7,1011.8,70.0,6.7
2023-10-12T22:00,15.6,11.7,1012.0,60.0,7.7
2023-10-12T23:00,15.6,11.7,1012.0,60.0,6.7
2023-10-13T00:00,15.6,11.1,1012.3,70.0,6.2
2023-10-13T01:00,15.6,11.1,1013.0,70.0,5.7
2023-10-13T02:00,15.6,11.1,1013.0,70.0,5.7
2023-10-13T03:00,15.6,11.1,1013.2,80.0,6.7
2023-10-13T04:00,15.6,11.1,1013.4,80.0,6.2
2023-10-13T05:00,15.6,11.1,1013.9,90.0,5.7
2023-10-13T06:00,15.6,10.6,1013.8,90.0,7.2
2023-10-13T07:00,15.6,10.6,1013.6,90.0,5.1
2023-10-13T08:00,15.6,10.0,1013.4,100.0,6.7
2023-10-13T09:00,15.0,10.0,1013.2,90.0,5.7
2023-10-13T10:00,15.0,10.6,1013.1,90.0,5.7
2023-10-13T11:00,15.0,10.0,1013.0,90.0,7.7
2023-10-13T12:00,14.4,10.0,1013.1,90.0,6.7
2023-10-13T13:00,14.4,9.4,1012.9,100.0,6.2
2023-10-13T14:00,14.4,8.9,1012.7,80.0,5.7
2023-10-13T15:00,14.4,8.9,1012.9,90.0,6.7
2023-10-13T16:00,14.4,9.4,1012.5,90.0,5.7
2023-10-13T17:00,14.4,9.4,1011.5,110.0,7.2
2023-10-13T18:00,13.9,10.0,1010.3,80.0,5.1
2023-10-13T19:00,13.9,10.0,1007.6,90.0,7.7
2023-10-13T20:00,13.9,10.6,1008.3,90.0,4.6
2023-10-13T21:00,13.9,11.1,1007.4,80.0,4.1
2023-10-13T22:00,13.9,11.7,1007.3,110.0,5.7
2023-10-13T23:00,13.9,11.7,1007.3,110.0,4.6
2023-10-14T00:00,14.4,11.7,1006.9,110.0,5.7
2023-10-14T01:00,14.4,12.2,1006.4,100.0,5.7
2023-10-14T02:00,15.0,11.7,1005.8,100.0,7.2
2023-10-14T03:00,15.0,11.7,1005.4,90.0,5.1
2023-10-14T04:00,14.4,11.7,,80.0,5.7
2023-10-14T05:00,13.9,11.7,,80.0,5.7
2023-10-14T06:00,13.9,11.7,1004.3,80.0,5.7
2023-10-14T07:00,13.3,12.2,1004.3,70.0,4.1
2023-10-14T08:00,13.3,11.7,1003.8,50.0,4.6
2023-10-14T09:00,13.3,11.7,1003.7,50.0,6.2
2023-10-14T10:00,13.3,11.1,1004.2,60.0,7.2
2023-10-14T11:00,12.8,11.1,1004.8,50.0,8.8
2023-10-14T12:00,12.2,10.6,1005.6,50.0,8.2
2023-10-14T13:00,12.2,10.0,1006.7,40.0,8.2
2023-10-14T14:00,11.7,9.4,1007.8,40.0,9.8
2023-10-14T15:00,11.7,9.4,1008.9,40.0,8.2
2023-10-14T16:00,11.7,10.0,1009.7,40.0,9.8
2023-10-14T17:00,11.7,9.4,1010.4,30.0,11.3
2023-10-14T18:00,12.8,8.3,1011.1,40.0,11.3
2023-10-14T19:00,12.2,9.4,1012.4,50.0,7.7
2023-10-14T20:00,13.3,9.4,1013.0,40.0,7.7
2023-10-14T21:00,13.3,8.9,1013.7,20.0,9.3
2023-10-14T22:00,13.3,8.3,1014.7,20.0,8.8
2023-10-14T23:00,13.3,7.8,1015.3,10.0,7.2
2023-10-15T00:00,12.8,7.2,1016.0,10.0,5.1
2023-10-15T01:00,12.2,7.8,1016.6,350.0,5.1
2023-10-15T02:00,11.7,7.8,1017.2,350.0,6.2
2023-10-15T03:00,10.6,8.9,1017.6,350.0,6.7
2023-10-15T04:00,10.0,8.3,1017.7,340.0,5.7
2023-10-15T05:00,10.0,7.8,1017.7,340.0,5.1
2023-10-15T06:00,9.4,7.2,1017.8,340.0,5.7
2023-10-15T07:00,9.4,6.7,1018.0,340.0,6.7
2023-10-15T08:00,8.9,6.7,1018.1,320.0,5.1
2023-10-15T09:00,8.9,6.7,1018.4,340.0,5.7
2023-10-15T10:00,8.9,6.1,1018.5,340.0,4.6
2023-10-15T11:00,8.9,6.1,1018.6,340.0,6.2
2023-10-15T12:00,8.3,5.6,1018.7,330.0,6.7
2023-10-15T13:00,8.3,5.0,1018.5,330.0,6.7
2023-10-15T14:00,8.9,5.0,1018.6,340.0,7.2
2023-10-15T15:00,11.1,6.1,1018.5,330.0,4.6
2023-10-15T16:00,12.2,6.1,1018.4,340.0,5.7
2023-10-15T17:00,13.3,6.7,1018.1,340.0,5.1
2023-10-15T18:00,14.4,6.1,1017.3,360.0,5.7
2023-10-15T19:00,14.4,6.1,1016.5,330.0,6.7
2023-10-15T20:00,15.0,5.6,1016.4,330.0,4.6
2023-10-15T21:00,14.4,4.4,1016.4,330.0,6.2
2023-10-15T22:00,13.9,4.4,1016.6,330.0,4.6
2023-10-15T23:00,13.3,5.0,1016.6,320.0,4.6
2023-10-16T00:00,13.3,6.7,1016.7,10.0,3.6
2023-10-16T01:00,12.2,6.7,1016.7,340.0,3.1
2023-10-16T02:00,12.2,6.7,1016.8,320.0,3.1
2023-10-16T03:00,11.7,5.6,1016.6,320.0,4.1
2023-10-16T04:00,11.1,5.6,1016.4,320.0,4.1
2023-10-16T05:00,11.1,5.6,1016.4,330.0,4.6
2023-10-16T06:00,11.7,5.0,1016.2,340.0,5.7
2023-10-16T07:00,11.7,5.6,1016.3,340.0,6.7
2023-10-16T08:00,11.1,6.1,1016.3,340.0,4.1
2023-10-16T09:00,10.6,6.1,1016.2,340.0,6.7
2023-10-16T10:00,10.6,5.6,1016.4,330.0,5.7
2023-10-16T11:00,10.0,5.6,1017.0,330.0,5.1
2023-10-16T12:00,10.0,5.6,1017.5,330.0,5.7
2023-10-16T13:00,9.4,6.7,1018.1,330.0,5.7
2023-10-16T14:00,10.0,7.2,1018.5,330.0,4.6
2023-10-16T15:00,10.0,7.2,1018.7,330.0,5.7
2023-10-16T16:00,11.1,7.2,1018.7,330.0,5.7
2023-10-16T17:00,11.7,7.2,1018.8,330.0,5.1
2023-10-16T18:00,11.7,7.2,1018.4,340.0,4.6
2023-10-16T19:00,12.2,7.2,1017.6,330.0,5.7
2023-10-16T20:00,12.8,7.2,1017.5,340.0,5.1
2023-10-16T21:00,12.8,7.2,1017.6,350.0,5.1
2023-10-16T22:00,12.8,6.7,1017.8,10.0,4.1
2023-10-16T23:00,12.2,6.7,1018.0,340.0,2.6
2023-10-17T00:00,12.2,5.6,1018.1,320.0,3.1
2023-10-17T01:00,11.1,5.0,1018.2,340.0,2.1
2023-10-17T02:00,10.0,5.6,1018.3,0.0,0.0
2023-10-17T03:00,9.4,5.6,1018.3,300.0,2.1
2023-10-17T04:00,8.3,5.0,1018.1,0.0,0.0
2023-10-17T05:00,7.2,4.4,1018.0,0.0,0.0
2023-10-17T06:00,6.7,3.9,1017.9,0.0,0.0
2023-10-17T07:00,5.6,3.3,1018.0,260.0,1.5
2023-10-17T08:00,5.6,3.3,1017.6,0.0,0.0
2023-10-17T09:00,5.6,3.3,1017.4,250.0,1.5
2023-10-17T10:00,5.0,2.8,1017.5,0.0,0.0
2023-10-17T11:00,5.6,3.3,1017.9,0.0,0.0
2023-10-17T12:00,5.6,2.8,1018.0,0.0,0.0
2023-10-17T13:00,6.7,4.4,1018.6,230.0,1.5
2023-10-17T14:00,9.4,5.6,1018.7,220.0,2.1
2023-10-17T15:00,12.2,6.1,1018.2,210.0,3.1
2023-10-17T16:00,13.9,6.7,1017.6,230.0,3.1
2023-10-17T17:00,15.0,6.7,1017.4,240.0,6.2
2023-10-17T18:00,15.6,6.7,1016.9,240.0,5.1
2023-10-17T19:00,16.7,6.1,1016.3,250.0,3.6
2023-10-17T20:00,17.2,5.6,1015.6,250.0,3.1
2023-10-17T21:00,17.2,5.6,1015.6,240.0,3.6
2023-10-17T22:00,17.2,5.6,1015.2,240.0,3.1
2023-10-17T23:00,16.7,5.6,1015.3,230.0,1.5
2023-10-18T00:00,14.4,6.1,1015.4,200.0,1.5
2023-10-18T01:00,12.8,6.7,1015.4,190.0,1.5
2023-10-18T02:00,12.2,6.1,1015.5,200.0,1.5
2023-10-18T03:00,11.7,6.1,1015.3,210.0,2.1
2023-10-18T04:00,11.1,5.6,1015.5,190.0,1.5
2023-10-18T05:00,10.0,5.6,1015.2,0.0,0.0
2023-10-18T06:00,9.4,5.0,1015.2,0.0,0.0
2023-10-18T07:00,8.9,5.0,1015.3,0.0,0.0
2023-10-18T08:00,8.3,5.0,1015.1,170.0,2.1
2023-10-18T09:00,8.9,5.0,1014.9,180.0,2.1
2023-10-18T10:00,8.9,5.0,1014.8,180.0,2.6
2023-10-18T11:00,8.9,5.0,1015.0,170.0,2.6
2023-10-18T12:00,8.9,5.0,1015.0,180.0,2.6
2023-10-18T13:00,9.4,5.6,1014.8,170.0,4.1
2023-10-18T14:00,10.6,6.1,1014.5,170.0,4.1
2023-10-18T15:00,12.8,6.7,1014.0,170.0,3.6
2023-10-18T16:00,14.4,7.8,1013.3,160.0,4.6
2023-10-18T17:00,17.2,8.9,1012.9,170.0,4.1
2023-10-18T18:00,18.3,8.9,1012.2,190.0,6.2
2023-10-18T19:00,19.4,8.9,1011.2,190.0,5.7
2023-10-18T20:00,18.9,8.3,1010.2,180.0,5.7
2023-10-18T21:00,19.4,8.3,1009.8,170.0,6.2
2023-10-18T22:00,19.4,8.3,1008.4,170.0,5.7
2023-10-18T23:00,19.4,7.8,1009.0,180.0,5.1
2023-10-19T00:00,18.9,8.3,1009.6,180.0,6.2
2023-10-19T01:00,18.9,8.3,1009.3,180.0,7.2
2023-10-19T02:00,17.8,9.4,1009.7,200.0,6.7
2023-10-19T03:00,16.7,10.0,1009.9,200.0,3.6
2023-10-19T04:00,16.1,10.0,1009.8,200.0,5.7
2023-10-19T05:00,15.0,10.6,1009.4,190.0,6.2
2023-10-19T06:00,14.4,11.7,1008.7,200.0,6.2
2023-10-19T07:00,14.4,11.7,1008.2,200.0,4.6
2023-10-19T08:00,14.4,11.1,1007.7,190.0,5.1
2023-10-19T09:00,13.9,11.1,1006.9,190.0,3.1
2023-10-19T10:00,13.3,10.6,1006.9,190.0,2.6
2023-10-19T11:00,12.8,10.6,1007.0,180.0,1.5
2023-10-19T12:00,12.8,10.6,1006.5,180.0,2.1
2023-10-19T13:00,12.8,11.1,1005.8,160.0,2.1
2023-10-19T14:00,13.3,11.1,1005.9,200.0,3.1
2023-10-19T15:00,14.4,11.7,1005.7,200.0,3.1
2023-10-19T16:00,14.4,11.7,1005.5,230.0,3.1
2023-10-19T17:00,15.0,11.7,1005.2,220.0,3.1
2023-10-19T18:00,15.6,11.1,1004.4,240.0,4.1
2023-10-19T19:00,15.0,10.6,1003.7,220.0,3.6
2023-10-19T20:00,15.6,11.1,1003.5,230.0,3.6
2023-10-19T21:00,15.6,11.1,1003.2,260.0,4.6
2023-10-19T22:00,15.0,11.7,1003.1,240.0,4.1
2023-10-19T23:00,15.0,11.7,1003.3,240.0,2.6
2023-10-20T00:00,13.9,11.7,1003.3,240.0,3.1
2023-10-20T01:00,13.9,11.1,1003.3,260.0,5.1
2023-10-20T02:00,13.3,10.6,1003.3,260.0,4.1
2023-10-20T03:00,13.3,10.6,1003.1,270.0,4.6
2023-10-20T04:00,12.8,10.6,1002.8,260.0,5.7
2023-10-20T05:00,12.8,10.6,1002.4,260.0,3.6
2023-10-20T06:00,12.8,10.6,1002.1,270.0,4.1
2023-10-20T07:00,12.8,10.6,1002.0,270.0,3.1
2023-10-20T08:00,12.8,10.0,1001.7,300.0,4.1
2023-10-20T09:00,12.8,10.0,1001.9,310.0,4.6
2023-10-20T10:00,12.2,8.9,1002.4,310.0,4.1
2023-10-20T11:00,11.7,8.3,1002.9,300.0,4.1
2023-10-20T12:00,12.2,8.3,1003.3,320.0,4.1
2023-10-20T13:00,12.2,8.3,1003.7,300.0,4.1
2023-10-20T14:00,12.2,8.9,1004.2,300.0,4.1
2023-10-20T15:00,12.8,8.3,1004.4,310.0,4.1
2023-10-20T16:00,13.3,7.8,1004.8,310.0,6.7
2023-10-20T17:00,13.3,7.2,1005.1,310.0,8.2
2023-10-20T18:00,13.9,7.2,1005.4,320.0,6.7
2023-10-20T19:00,13.9,7.2,1005.6,300.0,5.7
2023-10-20T20:00,15.0,7.2,1005.8,300.0,5.1
2023-10-20T21:00,15.6,5.6,1006.1,320.0,5.1
2023-10-20T22:00,16.1,5.6,1006.2,330.0,2.6
2023-10-20T23:00,15.0,3.9,1006.6,320.0,3.1
2023-10-21T00:00,13.3,4.4,1006.8,300.0,2.1
2023-10-21T01:00,11.7,5.0,1006.8,230.0,1.5
2023-10-21T02:00,11.7,4.4,1007.2,260.0,2.1
2023-10-21T03:00,11.1,4.4,1007.4,270.0,2.6
2023-10-21T04:00,10.0,5.0,1007.2,290.0,2.1
2023-10-21T05:00,10.0,5.0,1007.1,300.0,2.6
2023-10-21T06:00,9.4,5.6,1006.9,270.0,2.6
2023-10-21T07:00,9.4,5.6,1006.8,250.0,2.1
2023-10-21T08:00,8.3,5.6,1006.2,230.0,1.5
2023-10-21T09:00,8.3,5.6,1005.9,240.0,2.1
2023-10-21T10:00,9.4,6.1,1005.5,210.0,1.5
2023-10-21T11:00,10.0,6.1,1005.0,190.0,1.5
2023-10-21T12:00,10.0,6.7,1004.6,180.0,1.5
2023-10-21T13:00,10.6,6.7,1003.8,150.0,2.6
2023-10-21T14:00,11.7,7.8,1002.9,150.0,2.6
2023-10-21T15:00,13.9,7.8,1001.6,150.0,4.1
2023-10-21T16:00,17.2,8.9,1001.3,,3.1
2023-10-21T17:00,17.2,8.9,1000.8,250.0,5.1
2023-10-21T18:00,18.3,8.9,1000.9,300.0,7.2
2023-10-21T19:00,17.2,8.9,1001.4,320.0,7.2
2023-10-21T20:00,15.6,8.3,1002.6,300.0,5.7
2023-10-21T21:00,14.4,7.2,1004.3,300.0,10.3
2023-10-21T22:00,13.9,7.8,1005.4,310.0,7.7
2023-10-21T23:00,13.3,7.8,1006.5,310.0,6.2
2023-10-22T00:00,12.8,8.3,1008.2,320.0,9.3
2023-10-22T01:00,12.2,8.3,1009.4,340.0,5.7
2023-10-22T02:00,11.1,8.3,1010.6,350.0,7.2
2023-10-22T03:00,10.0,7.8,1011.7,330.0,5.1
2023-10-22T04:00,9.4,6.7,1012.5,340.0,8.2
2023-10-22T05:00,8.9,5.6,1013.2,340.0,5.7
2023-10-22T06:00,8.3,4.4,1014.1,340.0,5.7
2023-10-22T07:00,8.3,4.4,1014.7,340.0,5.1
2023-10-22T08:00,8.3,4.4,1015.4,330.0,5.7
2023-10-22T09:00,8.3,3.9,1015.9,340.0,5.7
2023-10-22T10:00,7.8,3.3,1016.8,350.0,5.1
2023-10-22T11:00,6.1,2.2,1017.7,330.0,4.6
2023-10-22T12:00,6.1,1.7,1018.5,310.0,3.6
2023-10-22T13:00,6.1,1.7,1019.3,330.0,3.1
2023-10-22T14:00,8.3,2.2,1019.9,330.0,4.1
2023-10-22T15:00,10.0,2.8,1020.3,330.0,3.6
2023-10-22T16:00,11.7,3.9,1020.6,360.0,3.1
2023-10-22T17:00,12.8,4.4,1020.5,,1.5
2023-10-22T18:00,12.8,3.9,1020.4,0.0,0.0
2023-10-22T19:00,14.4,3.9,1019.7,0.0,0.0
2023-10-22T20:00,15.0,3.9,1019.4,350.0,2.1
2023-10-22T21:00,15.6,3.9,1019.3,0.0,0.0
2023-10-22T22:00,15.6,2.8,1019.1,90.0,1.5
2023-10-22T23:00,11.7,5.0,1019.3,100.0,4.6
2023-10-23T00:00,10.6,5.0,1019.8,100.0,2.6
2023-10-23T01:00,10.6,5.0,1020.3,140.0,2.1
2023-10-23T02:00,10.0,5.0,1020.5,0.0,0.0
2023-10-23T03:00,9.4,5.0,1020.5,140.0,2.1
2023-10-23T04:00,8.9,5.0,1020.5,160.0,2.1
2023-10-23T05:00,8.9,5.0,1020.7,170.0,2.1
2023-10-23T06:00,8.3,4.4,1020.2,160.0,2.6
2023-10-23T07:00,8.3,4.4,1020.8,160.0,2.1
2023-10-23T08:00,7.2,4.4,1021.0,150.0,2.1
2023-10-23T09:00,7.8,4.4,1020.7,160.0,3.1
2023-10-23T10:00,7.2,4.4,1020.7,160.0,2.6
2023-10-23T11:00,7.8,4.4,1021.0,160.0,3.1
2023-10-23T12:00,7.8,3.9,1021.3,150.0,3.1
2023-10-23T13:00,8.3,4.4,1021.4,160.0,3.1
2023-10-23T14:00,10.0,5.0,1021.2,150.0,3.6
2023-10-23T15:00,11.1,4.4,1021.0,160.0,4.1
2023-10-23T16:00,12.2,4.4,1021.1,180.0,3.1
2023-10-23T17:00,13.9,4.4,1019.9,180.0,5.1
2023-10-23T18:00,15.6,5.0,1018.3,160.0,6.7
2023-10-23T19:00,17.8,4.4,1017.3,180.0,5.7
2023-10-23T20:00,18.9,5.0,1016.0,160.0,7.7
2023-10-23T21:00,19.4,5.0,1015.5,170.0,6.2
2023-10-23T22:00,19.4,5.0,1015.0,170.0,6.2
2023-10-23T23:00,18.9,5.6,1014.9,170.0,5.7
2023-10-24T00:00,17.8,5.6,1015.0,160.0,5.1
2023-10-24T01:00,17.2,6.1,1015.2,170.0,5.1
2023-10-24T02:00,17.8,6.1,1015.5,180.0,5.1
2023-10-24T03:00,17.2,6.1,1015.5,190.0,4.6
2023-10-24T04:00,17.2,6.7,1015.3,180.0,4.6
2023-10-24T05:00,17.2,6.7,1015.0,190.0,5.1
2023-10-24T06:00,17.2,6.7,1015.1,200.0,6.2
2023-10-24T07:00,17.2,6.7,1015.4,200.0,5.7
2023-10-24T08:00,17.2,7.2,1015.0,210.0,5.7
2023-10-24T09:00,16.7,7.2,1015.0,200.0,5.7
2023-10-24T10:00,16.7,7.8,1014.9,200.0,5.7
2023-10-24T11:00,16.7,7.8,1015.3,200.0,5.1
2023-10-24T12:00,17.2,8.3,1015.5,200.0,5.7
2023-10-24T13:00,17.2,9.4,1015.9,200.0,5.1
2023-10-24T14:00,18.9,10.6,1016.7,210.0,6.7
2023-10-24T15:00,20.6,11.7,1017.1,210.0,5.1
2023-10-24T16:00,22.8,13.3,1016.9,200.0,4.6
2023-10-24T17:00,24.4,14.4,1016.5,190.0,5.1
2023-10-24T18:00,26.1,15.6,1015.4,200.0,7.2
2023-10-24T19:00,27.2,15.0,1014.6,200.0,7.2
2023-10-24T20:00,27.8,15.0,1014.0,210.0,7.7
2023-10-24T21:00,27.8,15.0,1014.3,210.0,9.3
2023-10-24T22:00,26.7,14.4,1014.4,210.0,5.1
2023-10-24T23:00,26.1,13.9,1014.8,210.0,5.7
2023-10-25T00:00,24.4,13.9,1015.5,190.0,7.7
2023-10-25T01:00,23.3,13.3,1015.7,200.0,5.7
2023-10-25T02:00,22.2,12.2,1015.2,190.0,5.1
2023-10-25T03:00,21.7,11.7,1016.2,200.0,6.7
2023-10-25T04:00,21.1,11.7,1016.3,190.0,7.2
2023-10-25T05:00,21.1,11.7,1016.7,200.0,4.1
2023-10-25T06:00,20.0,11.7,1016.3,180.0,4.6
2023-10-25T07:00,18.9,13.3,1017.1,210.0,4.1
2023-10-25T08:00,17.8,13.9,1017.5,220.0,3.6
2023-10-25T09:00,17.2,13.9,1016.9,200.0,2.6
2023-10-25T10:00,17.8,13.3,1017.1,200.0,4.1
2023-10-25T11:00,17.8,13.3,1017.1,200.0,4.6
2023-10-25T12:00,16.7,13.9,1016.8,190.0,3.6
2023-10-25T13:00,16.1,14.4,1017.0,200.0,4.6
2023-10-25T14:00,16.7,14.4,1017.3,190.0,5.1
2023-10-25T15:00,16.7,14.4,1017.3,190.0,4.6
2023-10-25T16:00,17.2,14.4,1017.2,200.0,3.6
2023-10-25T17:00,17.2,15.0,1017.1,210.0,3.6
2023-10-25T18:00,17.8,14.4,1016.6,200.0,3.1
2023-10-25T19:00,18.3,15.0,1016.1,210.0,2.6
2023-10-25T20:00,18.9,15.6,1016.3,210.0,2.6
2023-10-25T21:00,18.9,16.1,1016.4,210.0,1.5
2023-10-25T22:00,18.3,16.7,,180.0,2.1
2023-10-25T23:00,18.9,16.7,1017.1,200.0,2.6
2023-10-26T00:00,18.3,16.7,1017.4,190.0,1.5
2023-10-26T01:00,18.9,17.2,1017.4,180.0,1.5
2023-10-26T02:00,18.9,17.2,1017.2,0.0,0.0
2023-10-26T03:00,18.9,17.2,1017.3,0.0,0.0
2023-10-26T04:00,19.4,17.8,1017.0,170.0,2.1
2023-10-26T05:00,20.0,17.2,1016.6,190.0,3.1
2023-10-26T06:00,20.0,16.7,1016.5,200.0,3.1
2023-10-26T07:00,20.0,16.7,1016.7,200.0,4.6
2023-10-26T08:00,18.9,16.7,1016.3,200.0,5.7
2023-10-26T09:00,19.4,16.7,1016.0,200.0,4.6
2023-10-26T10:00,18.9,16.7,1015.5,190.0,2.1
2023-10-26T11:00,18.9,16.1,1015.2,180.0,4.6
2023-10-26T12:00,18.9,15.0,1014.7,180.0,4.1
2023-10-26T13:00,19.4,14.4,1014.9,200.0,6.2
2023-10-26T14:00,20.0,13.9,1015.4,200.0,5.7
2023-10-26T15:00,20.0,13.9,,200.0,8.2
2023-10-26T16:00,20.0,14.4,1013.8,190.0,5.1
2023-10-26T17:00,20.6,14.4,1013.5,190.0,5.1
2023-10-26T18:00,21.7,15.0,1013.1,200.0,6.2
2023-10-26T19:00,22.2,15.6,1012.7,200.0,7.2
2023-10-26T20:00,20.6,16.1,1013.1,200.0,4.1
2023-10-26T21:00,19.4,17.2,1013.2,190.0,4.6
2023-10-26T22:00,18.9,17.8,1013.2,190.0,3.1
2023-10-26T23:00,18.9,17.2,1013.0,180.0,4.1
2023-10-27T00:00,20.0,17.8,1013.0,190.0,4.6
2023-10-27T01:00,20.6,17.8,1013.0,190.0,5.7
2023-10-27T02:00,20.6,17.2,1012.8,200.0,6.2
2023-10-27T03:00,20.0,16.7,1013.3,200.0,8.2
2023-10-27T04:00,20.0,17.2,1013.4,200.0,6.7
2023-10-27T05:00,19.4,16.7,1012.8,190.0,4.6
2023-10-27T06:00,19.4,16.7,1012.5,190.0,5.7
2023-10-27T07:00,19.4,16.7,1012.6,200.0,4.1
2023-10-27T08:00,19.4,16.7,1012.9,210.0,5.1
2023-10-27T09:00,20.0,16.7,1012.8,220.0,5.1
2023-10-27T10:00,19.4,16.7,1013.1,210.0,4.6
2023-10-27T11:00,18.9,16.7,1013.2,210.0,4.6
2023-10-27T12:00,18.9,16.7,1013.3,210.0,3.6
2023-10-27T13:00,18.9,16.7,1013.6,220.0,4.6
2023-10-27T14:00,18.9,16.7,1013.6,210.0,6.2
2023-10-27T15:00,18.9,17.2,1013.9,220.0,4.6
2023-10-27T16:00,19.4,17.8,1013.8,210.0,5.1
2023-10-27T17:00,20.0,17.8,1013.7,210.0,5.1
2023-10-27T18:00,20.6,18.3,1013.6,210.0,4.6
2023-10-27T19:00,21.7,17.8,1013.3,230.0,4.6
2023-10-27T20:00,21.7,17.8,1013.3,220.0,6.7
2023-10-27T21:00,22.2,17.8,1013.2,220.0,6.7
2023-10-27T22:00,19.4,15.6,1014.3,260.0,7.7
2023-10-27T23:00,15.6,12.2,1015.5,270.0,6.2
2023-10-28T00:00,13.3,11.1,1016.4,270.0,3.6
2023-10-28T01:00,12.2,10.0,1017.6,290.0,5.7
2023-10-28T02:00,10.6,5.6,1018.4,290.0,4.6
2023-10-28T03:00,10.0,5.0,1019.2,300.0,5.1
2023-10-28T04:00,9.4,4.4,1020.1,300.0,4.6
2023-10-28T05:00,8.3,3.3,1021.2,310.0,6.2
2023-10-28T06:00,7.2,1.7,1021.9,310.0,4.1
2023-10-28T07:00,6.7,0.6,1022.4,340.0,6.2
2023-10-28T08:00,5.6,0.0,1023.3,340.0,5.7
2023-10-28T09:00,5.0,0.0,1023.9,330.0,4.6
2023-10-28T10:00,5.6,0.0,1024.5,330.0,4.6
2023-10-28T11:00,4.4,-0.6,1025.0,340.0,5.1
2023-10-28T12:00,4.4,-0.6,1025.4,340.0,3.1
2023-10-28T13:00,4.4,-0.6,1025.9,320.0,3.1
2023-10-28T14:00,5.0,-0.6,1026.8,330.0,4.1
2023-10-28T15:00,6.7,-0.6,1026.5,360.0,7.2
2023-10-28T16:00,7.8,0.0,1026.8,350.0,5.7
2023-10-28T17:00,9.4,1.1,1026.3,30.0,5.1
2023-10-28T18:00,10.0,1.7,1025.9,20.0,7.2
2023-10-28T19:00,10.6,2.8,1024.8,40.0,5.1
2023-10-28T20:00,10.0,2.2,1023.9,40.0,5.1
2023-10-28T21:00,10.0,2.2,1023.8,20.0,5.1
2023-10-28T22:00,10.0,2.2,1023.1,50.0,4.6
2023-10-28T23:00,10.0,3.3,1023.4,20.0,5.7
2023-10-29T00:00,10.0,2.8,1023.1,10.0,4.1
2023-10-29T01:00,8.9,2.2,1023.3,350.0,6.2
2023-10-29T02:00,8.9,2.8,1023.3,350.0,4.6
2023-10-29T03:00,8.9,2.8,1022.8,360.0,5.7
2023-10-29T04:00,8.3,2.8,1022.3,340.0,4.6
2023-10-29T05:00,8.3,2.2,1021.5,350.0,5.7
2023-10-29T06:00,7.2,2.8,1021.7,340.0,5.1
2023-10-29T07:00,7.2,3.3,1021.8,340.0,4.1
2023-10-29T08:00,7.2,2.8,1021.0,350.0,5.7
2023-10-29T09:00,7.2,2.8,1020.7,350.0,5.7
2023-10-29T10:00,7.2,2.8,1020.5,350.0,4.6
2023-10-29T11:00,7.2,2.8,1020.8,340.0,4.6
2023-10-29T12:00,7.8,3.3,1020.8,350.0,6.2
2023-10-29T13:00,7.8,3.3,1020.7,350.0,5.7
2023-10-29T14:00,8.3,3.3,1021.3,350.0,5.7
2023-10-29T15:00,7.8,2.8,1021.2,350.0,6.7
2023-10-29T16:00,7.2,2.8,1021.6,340.0,4.6
2023-10-29T17:00,7.8,2.8,1021.0,350.0,5.7
2023-10-29T18:00,8.3,3.3,1020.6,350.0,6.2
2023-10-29T19:00,7.8,2.8,1019.9,350.0,8.2
2023-10-29T20:00,7.2,3.3,1019.2,350.0,4.1
2023-10-29T21:00,7.8,2.8,1019.0,350.0,7.2
2023-10-29T22:00,7.8,2.2,1020.4,330.0,5.7
2023-10-29T23:00,7.2,2.2,1020.6,330.0,5.1
2023-10-30T00:00,6.7,2.2,1020.7,340.0,5.7
2023-10-30T01:00,5.6,2.2,1020.6,330.0,5.7
2023-10-30T02:00,5.0,1.7,1020.6,330.0,4.6
2023-10-30T03:00,5.0,1.7,1020.8,320.0,4.6
2023-10-30T04:00,4.4,-0.6,1021.1,330.0,4.6
2023-10-30T05:00,4.4,-1.7,1021.4,330.0,6.2
2023-10-30T06:00,3.9,-3.9,1021.0,330.0,6.7
2023-10-30T07:00,3.3,-4.4,1021.1,330.0,4.1
2023-10-30T08:00,3.3,-5.0,1021.2,310.0,5.7
2023-10-30T09:00,2.8,-5.6,1021.0,310.0,4.6
2023-10-30T10:00,2.2,-5.6,1021.2,310.0,4.6
2023-10-30T11:00,1.7,-5.6,1021.6,310.0,4.6
2023-10-30T12:00,1.1,-5.6,1022.1,300.0,4.1
2023-10-30T13:00,0.6,-5.0,1022.7,300.0,3.6
2023-10-30T14:00,2.2,-5.0,1023.3,310.0,5.1
2023-10-30T15:00,3.3,-5.6,1023.5,310.0,5.7
2023-10-30T16:00,4.4,-5.0,1023.6,320.0,4.1
2023-10-30T17:00,5.0,-6.1,1023.5,300.0,5.1
2023-10-30T18:00,6.1,-7.8,1022.9,310.0,4.6
2023-10-30T19:00,5.6,-8.3,1022.5,250.0,4.1
2023-10-30T20:00,6.1,-8.9,1022.2,300.0,4.1
2023-10-30T21:00,6.1,-9.4,1022.1,280.0,5.7
2023-10-30T22:00,5.6,-8.9,1022.1,280.0,4.1
2023-10-30T23:00,4.4,-8.3,1022.4,260.0,3.6
2023-10-31T00:00,3.3,-7.8,1022.9,260.0,2.6
2023-10-31T01:00,2.2,-7.2,1023.1,260.0,2.1
2023-10-31T02:00,1.7,-7.2,1023.2,250.0,2.6
2023-10-31T03:00,1.1,-7.2,1023.0,230.0,2.1
2023-10-31T04:00,0.6,-6.7,1022.9,230.0,2.6
2023-10-31T05:00,0.0,-6.7,1022.4,220.0,2.6
2023-10-31T06:00,-0.6,-6.7,1021.7,220.0,2.1
2023-10-31T07:00,-0.6,-6.7,1021.3,220.0,2.6
2023-10-31T08:00,-0.6,-6.7,1020.6,210.0,3.6
2023-10-31T09:00,-1.1,-6.7,1019.9,200.0,3.1
2023-10-31T10:00,-0.6,-6.1,1019.6,210.0,3.6
2023-10-31T11:00,-0.6,-6.1,1019.1,200.0,3.6
2023-10-31T12:00,0.0,-5.6,1018.3,200.0,4.1
2023-10-31T13:00,1.1,-5.0,1017.8,210.0,5.1
2023-10-31T14:00,0.6,-4.4,,230.0,5.7
2023-10-31T15:00,0.6,-3.9,1017.6,220.0,4.6
2023-10-31T16:00,2.2,-7.8,1017.4,270.0,6.2
2023-10-31T17:00,2.8,-6.1,,250.0,7.2
2023-10-31T18:00,1.1,-3.3,1017.6,250.0,6.2
2023-10-31T19:00,2.2,-2.2,1017.6,240.0,6.7
2023-10-31T20:00,0.6,-1.7,1018.0,320.0,3.6
2023-10-31T21:00,2.2,-2.8,,300.0,4.6
2023-10-31T22:00,2.8,-4.4,1019.5,300.0,6.7
2023-10-31T23:00,2.2,-3.3,1020.3,300.0,5.7
2023-11-01T00:00,1.7,-1.1,1021.2,300.0,5.7
2023-11-01T01:00,2.2,-0.6,1022.2,330.0,9.3
2023-11-01T02:00,2.2,-1.1,1023.3,330.0,9.3
2023-11-01T03:00,2.2,-1.1,1024.6,320.0,4.6
2023-11-01T04:00,1.7,-2.2,1025.6,330.0,4.6
2023-11-01T05:00,1.1,-2.8,1026.0,310.0,5.1
2023-11-01T06:00,1.1,-3.3,1026.4,310.0,4.6
2023-11-01T07:00,0.6,-3.3,1026.8,310.0,4.1
2023-11-01T08:00,0.0,-3.9,1027.2,310.0,4.1
2023-11-01T09:00,-0.6,-3.9,1027.6,280.0,2.6
2023-11-01T10:00,-1.1,-4.4,1027.6,300.0,3.6
2023-11-01T11:00,-1.1,-4.4,1028.2,290.0,2.1
2023-11-01T12:00,-1.7,-4.4,1028.5,300.0,3.1
2023-11-01T13:00,-1.7,-4.4,1028.8,280.0,2.1
2023-11-01T14:00,0.0,-3.9,1029.5,280.0,2.1
2023-11-01T15:00,1.7,-2.8,1029.7,230.0,1.5
2023-11-01T16:00,3.9,-2.8,1029.5,220.0,3.6
2023-11-01T17:00,5.6,-3.3,1029.1,250.0,4.1
2023-11-01T18:00,4.4,-4.4,1028.4,260.0,6.2
2023-11-01T19:00,4.4,-3.3,1027.5,250.0,5.7
2023-11-01T20:00,5.0,-3.9,1026.6,230.0,4.6
2023-11-01T21:00,5.6,-4.4,1026.1,220.0,4.6
2023-11-01T22:00,5.0,-4.4,1025.7,210.0,4.1
2023-11-01T23:00,5.0,-4.4,1025.2,220.0,2.6
2023-11-02T00:00,5.0,-4.4,1025.1,190.0,3.1
2023-11-02T01:00,5.0,-3.9,1025.2,190.0,3.1
2023-11-02T02:00,5.0,-3.9,1025.1,200.0,3.6
2023-11-02T03:00,5.0,-3.9,1025.0,200.0,3.6
2023-11-02T04:00,5.0,-3.9,1025.2,220.0,4.6
2023-11-02T05:00,5.0,-3.9,1024.9,210.0,5.7
2023-11-02T06:00,5.0,-3.9,1024.5,210.0,4.6
2023-11-02T07:00,5.0,-3.9,1024.4,220.0,5.1
2023-11-02T08:00,3.9,-3.9,1024.2,210.0,3.1
2023-11-02T09:00,3.3,-3.9,1023.9,200.0,4.1
2023-11-02T10:00,2.8,-3.9,1023.7,200.0,3.6
2023-11-02T11:00,2.8,-3.9,1023.8,190.0,4.1
2023-11-02T12:00,2.2,-3.9,1023.8,200.0,4.1
2023-11-02T13:00,2.2,-3.9,1023.9,190.0,4.1
2023-11-02T14:00,3.3,-3.9,1024.0,200.0,4.1
2023-11-02T15:00,5.6,-3.9,1024.0,210.0,5.1
2023-11-02T16:00,7.2,-3.3,1023.7,200.0,5.7
2023-11-02T17:00,9.4,-3.3,1023.4,200.0,6.2
2023-11-02T18:00,11.1,-2.8,1022.6,200.0,5.1
2023-11-02T19:00,12.2,-2.8,1021.7,200.0,6.7
2023-11-02T20:00,13.3,-1.7,1020.9,220.0,6.2
2023-11-02T21:00,13.3,-1.1,1020.8,210.0,5.7
2023-11-02T22:00,12.2,-0.6,1020.8,210.0,5.7
2023-11-02T23:00,11.7,-0.6,1020.6,190.0,3.6
2023-11-03T00:00,11.7,0.0,1020.6,190.0,2.6
2023-11-03T01:00,12.2,0.0,1020.9,200.0,4.6
2023-11-03T02:00,11.7,0.0,1020.6,200.0,6.7
2023-11-03T03:00,11.1,0.0,1020.1,200.0,5.7
2023-11-03T04:00,10.6,-0.6,1020.1,200.0,6.2
2023-11-03T05:00,10.0,-0.6,1019.8,210.0,6.2
2023-11-03T06:00,9.4,-1.1,1019.4,210.0,6.7
2023-11-03T07:00,8.9,-0.6,1018.8,210.0,5.7
2023-11-03T08:00,8.3,-0.6,1018.7,210.0,6.2
2023-11-03T09:00,8.3,-0.6,1018.1,210.0,7.2
2023-11-03T10:00,8.3,-0.6,1017.7,210.0,7.2
2023-11-03T11:00,8.3,-0.6,1017.5,210.0,6.2
2023-11-03T12:00,8.3,-0.6,1017.3,210.0,6.2
2023-11-03T13:00,8.9,-0.6,1017.0,210.0,6.7
2023-11-03T14:00,8.9,0.0,1017.5,210.0,5.7
2023-11-03T15:00,9.4,0.0,1017.3,210.0,7.2
2023-11-03T16:00,10.0,0.6,1017.3,210.0,6.7
2023-11-03T17:00,11.7,1.1,1016.9,200.0,6.2
2023-11-03T18:00,13.3,1.7,1016.5,220.0,6.2
2023-11-03T19:00,13.9,2.2,1015.8,210.0,5.1
2023-11-03T20:00,14.4,2.2,1014.8,170.0,5.1
2023-11-03T21:00,14.4,2.2,1014.8,210.0,3.6
2023-11-03T22:00,14.4,2.8,1016.2,230.0,3.1
2023-11-03T23:00,13.9,3.3,1016.6,240.0,1.5
2023-11-04T00:00,13.9,3.3,1017.2,,1.5
2023-11-04T01:00,13.3,3.3,1017.9,,1.5
2023-11-04T02:00,11.7,5.6,1018.1,350.0,2.1
2023-11-04T03:00,11.1,6.1,1018.5,360.0,2.6
2023-11-04T04:00,10.6,6.1,1018.6,40.0,1.5
2023-11-04T05:00,10.6,6.1,1018.2,90.0,1.5
2023-11-04T06:00,10.0,6.1,1018.2,350.0,1.5
2023-11-04T07:00,9.4,6.1,1018.3,0.0,0.0
2023-11-04T08:00,7.8,5.0,1018.5,350.0,2.6
2023-11-04T09:00,7.2,5.0,1018.4,350.0,2.1
2023-11-04T10:00,6.1,4.4,1018.8,350.0,1.5
2023-11-04T11:00,6.7,3.9,1019.5,350.0,2.6
2023-11-04T12:00,6.7,3.3,1019.9,340.0,2.1
2023-11-04T13:00,7.8,4.4,1020.5,330.0,2.6
2023-11-04T14:00,9.4,6.1,1021.1,330.0,2.6
2023-11-04T15:00,11.7,7.2,1021.4,360.0,4.1
2023-11-04T16:00,12.8,7.8,1021.4,360.0,3.1
2023-11-04T17:00,13.9,7.2,1021.2,10.0,3.6
2023-11-04T18:00,14.4,6.7,1020.9,10.0,3.6
2023-11-04T19:00,15.0,6.7,1020.2,10.0,4.1
2023-11-04T20:00,14.4,7.2,1020.1,40.0,4.6
2023-11-04T21:00,13.3,6.1,1020.5,40.0,4.1
2023-11-04T22:00,12.2,5.6,1021.0,30.0,4.1
2023-11-04T23:00,10.6,5.0,1021.4,40.0,3.6
2023-11-05T00:00,9.4,4.4,1021.6,50.0,2.6
2023-11-05T01:00,8.9,4.4,1021.8,10.0,2.6
2023-11-05T02:00,9.4,4.4,1021.7,330.0,1.5
2023-11-05T03:00,7.2,3.9,1021.7,0.0,0.0
2023-11-05T04:00,6.1,3.3,1021.8,0.0,0.0
2023-11-05T05:00,5.0,2.2,1021.8,0.0,0.0
2023-11-05T06:00,5.0,2.8,1021.3,0.0,0.0
2023-11-05T07:00,4.4,1.7,1021.5,0.0,0.0
2023-11-05T08:00,3.9,1.7,1021.9,0.0,0.0
2023-11-05T09:00,3.9,1.1,1021.7,210.0,1.5
2023-11-05T10:00,3.9,1.7,1021.8,0.0,0.0
2023-11-05T11:00,3.9,1.1,1022.2,0.0,0.0
2023-11-05T12:00,5.0,2.8,1022.3,220.0,1.5
2023-11-05T13:00,5.0,3.3,1022.3,220.0,3.1
2023-11-05T14:00,6.1,4.4,1022.3,220.0,3.6
2023-11-05T15:00,10.0,4.4,1022.0,210.0,4.1
2023-11-05T16:00,12.2,4.4,1022.0,220.0,4.6
2023-11-05T17:00,13.9,3.3,1022.0,190.0,4.6
2023-11-05T18:00,15.0,3.3,1020.8,200.0,5.7
2023-11-05T19:00,16.1,3.3,1019.7,200.0,5.1
2023-11-05T20:00,16.1,2.8,1018.5,200.0,5.1
2023-11-05T21:00,16.1,3.9,1018.0,190.0,3.6
2023-11-05T22:00,16.1,3.3,1017.5,190.0,2.6
2023-11-05T23:00,15.6,3.3,1017.0,180.0,3.1
2023-11-06T00:00,15.0,3.3,1016.5,170.0,3.6
2023-11-06T01:00,15.0,3.3,1016.3,180.0,4.1
2023-11-06T02:00,14.4,3.3,1015.8,190.0,4.1
2023-11-06T03:00,13.3,2.8,1015.4,180.0,4.1
2023-11-06T04:00,13.3,2.2,1014.8,180.0,5.1
2023-11-06T05:00,13.3,2.2,1014.3,190.0,4.6
2023-11-06T06:00,13.3,1.7,1013.1,180.0,4.6
2023-11-06T07:00,13.9,1.7,1012.4,180.0,7.2
2023-11-06T08:00,13.9,2.2,1011.4,180.0,6.7
2023-11-06T09:00,13.3,2.2,1010.6,190.0,5.1
2023-11-06T10:00,13.3,2.8,1009.4,180.0,6.7
2023-11-06T11:00,13.3,3.3,1008.9,190.0,5.7
2023-11-06T12:00,13.3,4.4,1006.5,190.0,8.8
2023-11-06T13:00,13.9,5.6,1006.1,200.0,6.7
2023-11-06T14:00,15.0,7.8,1005.8,210.0,8.8
2023-11-06T15:00,15.0,8.9,1005.1,210.0,9.3
2023-11-06T16:00,17.8,10.6,1004.7,220.0,7.7
2023-11-06T17:00,17.2,11.7,1004.7,230.0,8.2
2023-11-06T18:00,19.4,11.7,1004.0,250.0,9.3
2023-11-06T19:00,20.6,11.1,1003.5,250.0,6.2
2023-11-06T20:00,20.6,10.0,1003.3,250.0,7.7
2023-11-06T21:00,20.6,9.4,1003.3,250.0,7.2
2023-11-06T22:00,19.4,8.9,1004.2,250.0,5.7
2023-11-06T23:00,18.3,7.8,1005.1,250.0,7.2
2023-11-07T00:00,17.2,7.8,1005.7,240.0,5.1
2023-11-07T01:00,16.1,8.3,1006.4,240.0,4.1
2023-11-07T02:00,15.6,6.7,1006.7,250.0,5.1
2023-11-07T03:00,15.6,6.1,1007.2,260.0,5.7
2023-11-07T04:00,14.4,6.7,1008.0,270.0,5.7
2023-11-07T05:00,13.9,6.1,1008.3,280.0,4.6
2023-11-07T06:00,13.3,6.1,1008.7,300.0,5.7
2023-11-07T07:00,12.2,5.6,1009.7,290.0,3.1
2023-11-07T08:00,10.6,5.6,1010.2,320.0,3.6
2023-11-07T09:00,10.0,5.6,1011.0,330.0,3.1
2023-11-07T10:00,8.9,5.0,1012.0,350.0,3.6
2023-11-07T11:00,7.8,4.4,1012.9,350.0,4.1
2023-11-07T12:00,6.1,3.3,1013.7,360.0,2.6
2023-11-07T13:00,5.6,2.8,1014.3,360.0,2.6
2023-11-07T14:00,7.8,3.3,1015.5,360.0,3.6
2023-11-07T15:00,8.9,3.3,1016.0,20.0,4.1
2023-11-07T16:00,10.0,3.3,1016.2,40.0,4.6
2023-11-07T17:00,10.6,3.9,1016.6,30.0,3.6
2023-11-07T18:00,10.6,3.9,1016.3,50.0,5.1
2023-11-07T19:00,10.6,4.4,1016.3,50.0,5.1
2023-11-07T20:00,11.1,4.4,1016.7,40.0,5.1
2023-11-07T21:00,10.0,3.9,1016.6,50.0,5.1
2023-11-07T22:00,9.4,5.0,1017.1,50.0,4.6
2023-11-07T23:00,8.3,3.9,1017.5,50.0,6.7
2023-11-08T00:00,8.3,3.3,1017.6,60.0,5.7
2023-11-08T01:00,8.3,3.9,1018.2,70.0,5.7
2023-11-08T02:00,8.3,3.9,1017.2,80.0,6.7
2023-11-08T03:00,7.8,3.9,1016.7,80.0,5.1
2023-11-08T04:00,7.8,4.4,1016.1,80.0,5.7
2023-11-08T05:00,8.3,5.0,1015.9,70.0,4.6
2023-11-08T06:00,8.3,5.6,1016.2,130.0,2.1
2023-11-08T07:00,8.9,5.6,1013.5,110.0,7.7
2023-11-08T08:00,8.9,5.0,1012.6,110.0,5.7
2023-11-08T09:00,9.4,5.0,1011.7,110.0,6.2
2023-11-08T10:00,9.4,4.4,1010.8,120.0,5.1
2023-11-08T11:00,9.4,5.0,1010.7,110.0,4.1
2023-11-08T12:00,10.0,5.0,1010.3,110.0,2.6
2023-11-08T13:00,10.0,5.6,1010.0,100.0,4.6
2023-11-08T14:00,10.0,6.7,1009.8,100.0,5.1
2023-11-08T15:00,10.0,7.2,1009.2,90.0,4.1
2023-11-08T16:00,10.0,8.3,1007.8,110.0,5.7
2023-11-08T17:00,10.6,8.9,1006.5,130.0,4.1
2023-11-08T18:00,11.7,8.9,1005.2,120.0,3.6
2023-11-08T19:00,12.2,8.9,1004.2,70.0,2.1
2023-11-08T20:00,12.8,8.9,1003.3,70.0,2.6
2023-11-08T21:00,12.8,9.4,1002.7,30.0,2.6
2023-11-08T22:00,11.7,10.6,1002.7,10.0,3.1
2023-11-08T23:00,11.7,10.6,1003.0,310.0,3.1
2023-11-09T00:00,11.1,10.0,1004.6,330.0,5.7
2023-11-09T01:00,11.1,10.0,1005.0,350.0,3.1
2023-11-09T02:00,10.6,9.4,1006.5,320.0,5.1
2023-11-09T03:00,10.0,8.3,1007.5,310.0,5.1
2023-11-09T04:00,10.0,8.3,1008.6,300.0,4.6
2023-11-09T05:00,9.4,7.2,1009.7,310.0,5.1
2023-11-09T06:00,9.4,7.2,1010.4,310.0,5.1
2023-11-09T07:00,9.4,6.7,1011.1,310.0,6.2
2023-11-09T08:00,8.9,6.1,1012.1,280.0,4.1
2023-11-09T09:00,7.8,5.6,1013.1,300.0,4.1
2023-11-09T10:00,7.8,4.4,1014.2,300.0,5.7
2023-11-09T11:00,6.7,2.8,1015.4,300.0,5.7
2023-11-09T12:00,5.6,2.2,1016.3,300.0,4.6
2023-11-09T13:00,5.0,1.1,1017.5,290.0,4.1
2023-11-09T14:00,5.6,-0.6,1018.7,290.0,4.1
2023-11-09T15:00,6.7,-1.1,1018.9,260.0,3.1
2023-11-09T16:00,8.3,-0.6,1018.8,250.0,3.1
2023-11-09T17:00,10.0,0.0,1018.8,230.0,4.6
2023-11-09T18:00,11.7,-0.6,1018.1,260.0,6.2
2023-11-09T19:00,12.8,-2.8,1017.5,260.0,7.2
2023-11-09T20:00,13.3,-3.3,1017.7,280.0,7.7
2023-11-09T21:00,12.8,-2.8,1017.8,260.0,6.2
2023-11-09T22:00,12.2,-1.7,1018.2,250.0,4.6
2023-11-09T23:00,11.1,-1.1,1018.6,240.0,3.6
2023-11-10T00:00,10.0,-1.1,1018.8,210.0,3.6
2023-11-10T01:00,9.4,-1.1,1018.8,220.0,3.6
2023-11-10T02:00,8.3,-1.1,1018.6,220.0,3.1
2023-11-10T03:00,8.3,-1.1,1018.4,200.0,2.6
2023-11-10T04:00,8.3,-1.7,1018.1,220.0,3.6
2023-11-10T05:00,8.9,-2.2,1018.2,220.0,4.1
2023-11-10T06:00,8.3,-2.8,1018.3,270.0,4.6
2023-11-10T07:00,7.2,-1.7,1018.7,280.0,2.6
2023-11-10T08:00,6.7,-1.1,1018.7,270.0,2.6
2023-11-10T09:00,5.6,-1.1,1019.0,240.0,2.6
2023-11-10T10:00,4.4,-0.6,1019.2,230.0,3.1
2023-11-10T11:00,4.4,-0.6,1020.1,250.0,3.1
2023-11-10T12:00,3.9,-0.6,1020.3,230.0,2.6
2023-11-10T13:00,3.3,-0.6,1020.9,250.0,2.6
2023-11-10T14:00,4.4,-0.6,1021.7,270.0,4.6
2023-11-10T15:00,6.1,-1.1,1021.6,290.0,5.1
2023-11-10T16:00,6.1,-1.1,1022.3,290.0,4.1
2023-11-10T17:00,6.7,-1.7,1022.8,300.0,7.2
2023-11-10T18:00,6.7,-2.2,1023.0,290.0,6.7
2023-11-10T19:00,6.1,-2.2,1023.3,290.0,4.6
2023-11-10T20:00,6.1,-2.2,1023.5,310.0,5.7
2023-11-10T21:00,5.6,-2.2,1024.6,310.0,5.1
2023-11-10T22:00,5.6,-2.2,1025.1,280.0,5.7
2023-11-10T23:00,5.6,-2.2,1025.6,260.0,3.1
2023-11-11T00:00,5.0,-1.7,1026.0,260.0,3.1
2023-11-11T01:00,4.4,-1.7,1026.6,300.0,3.1
2023-11-11T02:00,3.9,-1.7,1027.0,290.0,2.1
2023-11-11T03:00,2.8,-1.7,1027.9,290.0,2.1
2023-11-11T04:00,2.2,-2.2,1028.4,280.0,3.1
2023-11-11T05:00,2.2,-2.8,1028.7,270.0,2.1
2023-11-11T06:00,1.7,-2.8,1028.9,270.0,2.1
2023-11-11T07:00,1.1,-2.8,1029.2,270.0,2.1
2023-11-11T08:00,0.6,-2.8,1029.6,280.0,2.1
2023-11-11T09:00,0.0,-3.3,1029.5,0.0,0.0
2023-11-11T10:00,0.0,-2.8,1029.7,300.0,2.1
2023-11-11T11:00,-0.6,-3.3,1030.3,0.0,0.0
2023-11-11T12:00,-0.6,-2.8,1030.7,0.0,0.0
2023-11-11T13:00,-0.6,-2.8,1031.5,0.0,0.0
2023-11-11T14:00,1.1,-1.7,1031.7,0.0,0.0
2023-11-11T15:00,5.6,-0.6,1031.7,0.0,0.0
2023-11-11T16:00,7.2,0.6,1031.7,0.0,0.0
2023-11-11T17:00,8.3,-0.6,1031.9,200.0,2.6
2023-11-11T18:00,8.9,-1.1,1030.8,130.0,2.1
2023-11-11T19:00,10.0,-0.6,1030.2,200.0,4.1
2023-11-11T20:00,10.0,-1.1,1030.1,210.0,3.6
2023-11-11T21:00,10.0,-1.1,1029.5,210.0,2.6
2023-11-11T22:00,9.4,-0.6,1029.0,180.0,3.1
2023-11-11T23:00,8.3,-0.6,1029.1,170.0,2.1
2023-11-12T00:00,8.3,-0.6,1029.6,210.0,1.5
2023-11-12T01:00,7.2,0.0,1029.8,160.0,2.1
2023-11-12T02:00,7.2,0.6,1029.7,170.0,2.1
2023-11-12T03:00,6.7,0.6,1029.4,170.0,3.1
2023-11-12T04:00,7.2,0.0,1029.2,170.0,3.1
2023-11-12T05:00,7.2,-0.6,1029.1,180.0,5.1
2023-11-12T06:00,7.2,-1.1,1029.1,170.0,3.1
2023-11-12T07:00,7.2,-1.7,1029.0,180.0,3.1
2023-11-12T08:00,6.7,-1.7,1028.8,160.0,3.6
2023-11-12T09:00,6.7,-1.7,1028.8,160.0,4.6
2023-11-12T10:00,6.7,-1.7,1028.4,160.0,3.6
2023-11-12T11:00,6.7,-1.7,1028.7,170.0,4.1
2023-11-12T12:00,6.1,-1.7,1028.9,180.0,3.6
2023-11-12T13:00,5.6,-1.7,1029.5,180.0,3.6
2023-11-12T14:00,6.7,-1.1,1029.6,180.0,5.7
2023-11-12T15:00,7.8,-0.6,1029.4,180.0,7.7
2023-11-12T16:00,9.4,0.0,1028.9,170.0,5.7
2023-11-12T17:00,10.6,0.0,1028.0,180.0,6.2
2023-11-12T18:00,11.7,-0.6,1027.1,190.0,7.2
2023-11-12T19:00,12.8,-0.6,1026.1,180.0,6.7
2023-11-12T20:00,13.3,-0.6,1025.5,200.0,6.2
2023-11-12T21:00,13.9,-0.6,1024.6,190.0,8.2
2023-11-12T22:00,13.3,-0.6,1023.9,190.0,7.2
2023-11-12T23:00,12.2,-0.6,1023.8,170.0,3.6
2023-11-13T00:00,11.1,-0.6,1024.2,170.0,4.6
2023-11-13T01:00,10.6,-1.1,1024.5,190.0,3.6
2023-11-13T02:00,10.0,-0.6,1024.6,200.0,3.6
2023-11-13T03:00,9.4,-0.6,1024.5,200.0,4.1
2023-11-13T04:00,10.0,-1.1,1024.1,210.0,5.7
2023-11-13T05:00,10.0,-1.1,1023.8,220.0,6.2
2023-11-13T06:00,8.9,-1.1,1023.7,220.0,5.7
2023-11-13T07:00,8.3,-1.1,1023.9,240.0,4.6
2023-11-13T08:00,6.7,-0.6,1024.4,250.0,4.1
2023-11-13T09:00,6.7,0.0,1024.6,260.0,3.1
2023-11-13T10:00,6.7,0.0,1025.0,280.0,3.1
2023-11-13T11:00,6.1,0.0,1025.7,260.0,3.1
2023-11-13T12:00,5.6,0.6,1026.1,260.0,3.6
2023-11-13T13:00,5.6,0.0,1026.6,270.0,3.1
2023-11-13T14:00,7.2,0.6,1027.0,260.0,3.1
2023-11-13T15:00,10.6,0.6,1027.2,270.0,4.1
2023-11-13T16:00,12.8,0.0,1027.5,270.0,5.1
2023-11-13T17:00,14.4,0.0,1027.3,270.0,5.7
2023-11-13T18:00,15.6,0.0,1027.2,300.0,6.2
2023-11-13T19:00,16.1,-1.7,1026.9,320.0,6.2
2023-11-13T20:00,16.7,-3.3,1026.9,320.0,5.1
2023-11-13T21:00,16.1,-5.0,1027.0,300.0,4.1
2023-11-13T22:00,15.6,-5.6,1027.3,300.0,4.1
2023-11-13T23:00,13.3,-6.1,1027.2,290.0,2.6
2023-11-14T00:00,11.7,-5.0,1027.6,260.0,2.1
2023-11-14T01:00,10.0,-5.0,1028.2,280.0,2.1
2023-11-14T02:00,9.4,-4.4,1028.6,270.0,2.6
2023-11-14T03:00,8.9,-4.4,1028.9,270.0,2.6
2023-11-14T04:00,7.2,-5.0,1029.4,190.0,1.5
2023-11-14T05:00,5.0,-3.9,1029.1,270.0,2.1
2023-11-14T06:00,3.3,-3.9,1029.2,0.0,0.0
2023-11-14T07:00,2.8,-3.9,1029.3,0.0,0.0
2023-11-14T08:00,1.7,-3.9,1029.7,220.0,1.5
2023-11-14T09:00,1.1,-4.4,1029.6,0.0,0.0
2023-11-14T10:00,1.1,-3.9,1029.1,0.0,0.0
2023-11-14T11:00,0.0,-4.4,1029.5,240.0,1.5
2023-11-14T12:00,1.1,-4.4,1029.6,0.0,0.0
2023-11-14T13:00,1.1,-4.4,1029.7,0.0,0.0
2023-11-14T14:00,3.9,-2.8,1029.5,180.0,1.5
2023-11-14T15:00,9.4,-1.7,1029.2,160.0,3.1
2023-11-14T16:00,11.7,-2.8,1028.5,180.0,4.6
2023-11-14T17:00,13.9,-3.3,1028.0,190.0,5.1
2023-11-14T18:00,14.4,-3.9,1027.1,190.0,4.6
2023-11-14T19:00,15.6,-4.4,1026.3,210.0,6.2
2023-11-14T20:00,15.6,-5.0,1025.1,210.0,6.2
2023-11-14T21:00,16.1,-4.4,1024.4,200.0,4.1
2023-11-14T22:00,15.6,-5.0,1024.1,190.0,3.1
2023-11-14T23:00,12.8,-3.9,1023.5,170.0,3.1
2023-11-15T00:00,12.2,-3.9,1023.1,180.0,3.6
2023-11-15T01:00,11.1,-3.3,1023.2,180.0,2.6
2023-11-15T02:00,10.6,-2.8,1022.8,190.0,2.6
2023-11-15T03:00,10.0,-2.8,1022.8,210.0,2.1
2023-11-15T04:00,8.9,-2.2,1022.6,190.0,2.6
2023-11-15T05:00,8.3,-2.2,1022.3,180.0,3.1
2023-11-15T06:00,8.3,-2.2,1021.8,190.0,4.1
2023-11-15T07:00,7.8,-2.2,1021.7,210.0,3.6
2023-11-15T08:00,7.2,-2.2,1021.5,210.0,4.1
2023-11-15T09:00,7.8,-2.2,1021.1,210.0,4.6
2023-11-15T10:00,7.8,-2.8,1021.2,220.0,5.1
2023-11-15T11:00,6.7,-2.8,1021.1,220.0,5.1
2023-11-15T12:00,6.7,-2.2,1021.1,210.0,5.7
2023-11-15T13:00,6.1,-2.2,1021.1,210.0,4.6
2023-11-15T14:00,7.2,-1.7,1021.6,220.0,4.6
2023-11-15T15:00,9.4,-1.1,1021.8,230.0,5.1
2023-11-15T16:00,11.7,0.0,1022.3,230.0,4.1
2023-11-15T17:00,13.9,1.7,1021.6,230.0,5.7
2023-11-15T18:00,15.6,2.2,1020.8,240.0,4.1
2023-11-15T19:00,16.7,2.8,1020.5,240.0,4.1
2023-11-15T20:00,17.8,3.3,1020.1,230.0,4.1
2023-11-15T21:00,18.0,4.0,1020.3,240.0,3.6
2023-11-15T22:00,17.8,3.9,1020.5,230.0,2.1
2023-11-15T23:00,16.1,3.9,1020.9,200.0,2.6
2023-11-16T00:00,14.4,3.9,1021.3,210.0,1.5
2023-11-16T01:00,11.7,3.9,1021.6,230.0,1.5
2023-11-16T02:00,10.0,3.9,1021.7,0.0,0.0
2023-11-16T03:00,10.0,3.9,1021.7,0.0,0.0
2023-11-16T04:00,8.9,3.3,1021.6,0.0,0.0
2023-11-16T05:00,7.8,3.3,1021.3,0.0,0.0
2023-11-16T06:00,7.2,3.3,1021.2,170.0,1.5
2023-11-16T07:00,7.8,2.8,1021.0,200.0,2.6
2023-11-16T08:00,8.9,2.8,1020.7,200.0,3.1
2023-11-16T09:00,7.8,2.2,1020.3,190.0,3.1
2023-11-16T10:00,7.8,2.2,1020.4,210.0,2.1
2023-11-16T11:00,7.2,1.7,1019.5,180.0,2.6
2023-11-16T12:00,8.3,2.2,1018.9,190.0,3.1
2023-11-16T13:00,9.4,2.8,1019.5,210.0,2.6
2023-11-16T14:00,9.4,2.8,1019.2,190.0,2.6
2023-11-16T15:00,11.7,3.3,1018.5,200.0,4.1
2023-11-16T16:00,13.9,3.9,1017.8,210.0,5.1
2023-11-16T17:00,15.6,4.4,1016.6,230.0,5.1
2023-11-16T18:00,17.2,5.6,1014.6,200.0,5.1
2023-11-16T19:00,18.3,6.7,1012.7,200.0,6.2
2023-11-16T20:00,18.9,7.8,1012.0,200.0,9.8
2023-11-16T21:00,18.3,9.4,1011.2,190.0,8.2
2023-11-16T22:00,17.8,10.6,1010.5,200.0,7.2
2023-11-16T23:00,17.8,10.6,1010.0,200.0,9.3
2023-11-17T00:00,16.7,10.6,1009.9,200.0,9.8
2023-11-17T01:00,16.1,10.6,1009.7,200.0,5.1
2023-11-17T02:00,16.7,10.0,1009.3,200.0,7.2
2023-11-17T03:00,16.1,10.0,1008.9,210.0,6.7
2023-11-17T04:00,16.1,10.0,1008.1,200.0,6.2
2023-11-17T05:00,16.1,10.6,1007.8,200.0,6.2
2023-11-17T06:00,15.6,11.7,1007.6,230.0,4.1
2023-11-17T07:00,15.0,11.7,1007.2,230.0,5.1
2023-11-17T08:00,15.6,11.7,1007.6,240.0,5.7
2023-11-17T09:00,14.4,12.2,1007.8,240.0,3.1
2023-11-17T10:00,14.4,10.6,1007.7,260.0,3.6
2023-11-17T11:00,13.9,10.6,1008.3,280.0,3.6
2023-11-17T12:00,12.8,7.8,1009.1,350.0,7.2
2023-11-17T13:00,10.0,5.6,1011.1,10.0,6.2
2023-11-17T14:00,8.9,2.8,1012.5,360.0,7.7
2023-11-17T15:00,8.9,1.1,1013.0,10.0,7.7
2023-11-17T16:00,9.4,1.7,1013.3,350.0,6.7
2023-11-17T17:00,10.0,1.1,1013.9,30.0,5.7
2023-11-17T18:00,9.4,0.6,1013.8,40.0,6.7
2023-11-17T19:00,9.4,0.0,1014.3,40.0,4.6
2023-11-17T20:00,9.4,0.6,1014.6,50.0,5.1
2023-11-17T21:00,8.9,0.0,1015.1,30.0,3.1
2023-11-17T22:00,7.8,-0.6,1015.9,60.0,3.6
2023-11-17T23:00,6.1,-1.1,1016.4,40.0,3.1
2023-11-18T00:00,5.6,-0.6,1017.1,20.0,2.6
2023-11-18T01:00,5.0,-0.6,1017.8,320.0,2.1
2023-11-18T02:00,4.4,-5.0,1018.1,340.0,2.6
2023-11-18T03:00,3.9,-5.0,1018.4,290.0,1.5
2023-11-18T04:00,3.3,-5.6,1018.7,290.0,2.1
2023-11-18T05:00,2.2,-5.0,1018.8,280.0,1.5
2023-11-18T06:00,1.1,-5.0,1018.7,0.0,0.0
2023-11-18T07:00,0.0,-5.0,1018.5,240.0,1.5
2023-11-18T08:00,0.0,-5.6,1018.3,270.0,2.1
2023-11-18T09:00,0.0,-5.6,1018.7,270.0,1.5
2023-11-18T10:00,0.0,-6.1,1018.7,250.0,1.5
2023-11-18T11:00,0.0,-5.6,1018.4,230.0,3.1
2023-11-18T12:00,0.6,-6.1,1018.3,230.0,3.1
2023-11-18T13:00,0.0,-6.7,1018.4,230.0,2.6
2023-11-18T14:00,1.7,-6.7,1018.7,220.0,4.1
2023-11-18T15:00,4.4,-6.1,1019.1,230.0,4.1
2023-11-18T16:00,6.7,-6.1,1018.9,240.0,5.7
2023-11-18T17:00,8.3,-6.1,1018.3,250.0,6.2
2023-11-18T18:00,9.4,-6.1,1017.0,240.0,6.2
2023-11-18T19:00,10.6,-5.6,1016.2,240.0,5.1
2023-11-18T20:00,11.1,-5.6,1015.2,250.0,5.1
2023-11-18T21:00,11.7,-5.6,1014.8,230.0,7.2
2023-11-18T22:00,11.7,-4.4,1014.7,240.0,3.6
2023-11-18T23:00,10.0,-3.9,1014.7,250.0,3.6
2023-11-19T00:00,8.9,-3.9,1014.8,220.0,2.6
2023-11-19T01:00,8.3,-3.9,1015.0,220.0,2.6
2023-11-19T02:00,7.2,-3.9,1014.7,210.0,2.1
2023-11-19T03:00,6.7,-3.9,1014.6,220.0,3.1
2023-11-19T04:00,6.1,-3.3,1014.5,220.0,3.6
2023-11-19T05:00,6.1,-3.3,1014.7,240.0,3.1
2023-11-19T06:00,5.0,-3.3,1015.3,270.0,3.1
2023-11-19T07:00,4.4,-2.8,1015.4,270.0,2.6
2023-11-19T08:00,4.4,-2.8,1015.6,270.0,2.1
2023-11-19T09:00,3.3,-2.8,1015.5,0.0,0.0
2023-11-19T10:00,2.2,-2.2,1015.9,250.0,2.1
2023-11-19T11:00,2.8,-2.2,1016.3,0.0,0.0
2023-11-19T12:00,2.8,-2.2,1016.8,290.0,1.5
2023-11-19T13:00,2.2,-2.2,1017.3,340.0,1.5
2023-11-19T14:00,4.4,-1.1,1018.0,340.0,2.1
2023-11-19T15:00,7.2,0.0,1018.3,360.0,2.1
2023-11-19T16:00,10.0,2.8,1018.1,360.0,1.5
2023-11-19T17:00,11.7,2.8,1018.3,70.0,2.6
2023-11-19T18:00,11.7,2.2,1017.5,50.0,4.1
2023-11-19T19:00,12.2,2.2,1017.5,,3.1
2023-11-19T20:00,12.2,1.7,1017.4,90.0,2.1
2023-11-19T21:00,11.0,2.0,1017.6,40.0,3.6
2023-11-19T22:00,9.4,2.2,1018.0,50.0,4.1
2023-11-19T23:00,8.3,2.8,1018.0,50.0,5.1
2023-11-20T00:00,7.8,2.8,1018.4,50.0,4.6
2023-11-20T01:00,7.8,3.3,1018.9,70.0,3.6
2023-11-20T02:00,7.8,3.3,1018.8,60.0,6.2
2023-11-20T03:00,7.8,3.3,1019.4,60.0,3.6
2023-11-20T04:00,7.8,3.9,1019.4,60.0,3.6
2023-11-20T05:00,7.8,3.9,1019.1,50.0,3.6
2023-11-20T06:00,7.8,2.8,1019.2,80.0,3.1
2023-11-20T07:00,8.3,2.2,1018.8,80.0,4.6
2023-11-20T08:00,8.3,1.7,1019.2,90.0,5.1
2023-11-20T09:00,7.8,1.7,1019.8,90.0,4.6
2023-11-20T10:00,7.2,1.1,1020.0,90.0,3.1
2023-11-20T11:00,7.2,0.0,1021.0,120.0,4.6
2023-11-20T12:00,7.2,1.1,1021.6,110.0,4.6
2023-11-20T13:00,6.7,1.7,1022.1,110.0,6.7
2023-11-20T14:00,6.7,2.2,1021.8,80.0,5.7
2023-11-20T15:00,7.2,2.2,1022.4,100.0,6.2
2023-11-20T16:00,7.2,1.7,1022.4,100.0,7.2
2023-11-20T17:00,7.8,1.7,1021.6,80.0,7.7
2023-11-20T18:00,9.4,1.1,1020.8,80.0,7.2
2023-11-20T19:00,8.9,1.1,1020.3,90.0,8.2
2023-11-20T20:00,8.3,0.6,1019.7,80.0,7.7
2023-11-20T21:00,8.3,1.1,1019.4,90.0,6.2
2023-11-20T22:00,8.3,1.1,1019.8,80.0,6.7
2023-11-20T23:00,8.3,1.7,1019.8,80.0,7.2
2023-11-21T00:00,7.2,2.8,1018.8,70.0,6.2
2023-11-21T01:00,7.2,3.3,1019.6,80.0,4.1
2023-11-21T02:00,7.8,2.8,1019.2,90.0,7.2
2023-11-21T03:00,7.2,2.8,1018.2,70.0,5.7
2023-11-21T04:00,6.7,2.8,1017.5,80.0,5.7
2023-11-21T05:00,6.1,3.3,1016.1,90.0,5.7
2023-11-21T06:00,5.6,3.9,1015.3,80.0,6.2
2023-11-21T07:00,5.6,4.4,1014.1,70.0,5.1
2023-11-21T08:00,5.6,4.4,1012.9,50.0,5.1
2023-11-21T09:00,5.6,4.4,1011.6,50.0,5.1
2023-11-21T10:00,6.1,5.0,1010.8,60.0,4.1
2023-11-21T11:00,6.1,5.0,1010.2,50.0,3.6
2023-11-21T12:00,6.1,5.0,1009.6,20.0,3.1
2023-11-21T13:00,6.1,5.0,1009.1,350.0,3.1
2023-11-21T14:00,6.1,5.6,1008.9,340.0,3.6
2023-11-21T15:00,6.7,5.0,1008.8,340.0,5.1
2023-11-21T16:00,6.1,3.9,1009.3,330.0,7.2
2023-11-21T17:00,6.1,3.3,1009.8,320.0,7.2
2023-11-21T18:00,5.0,2.8,1010.1,310.0,6.7
2023-11-21T19:00,5.0,2.8,1010.3,320.0,5.7
2023-11-21T20:00,5.0,2.2,1010.4,320.0,6.2
2023-11-21T21:00,5.0,1.7,1011.2,320.0,5.7
2023-11-21T22:00,5.0,1.7,1012.3,320.0,4.6
2023-11-21T23:00,4.4,1.7,1013.2,310.0,5.1
2023-11-22T00:00,4.4,1.1,1014.1,310.0,4.6
2023-11-22T01:00,5.0,1.1,1014.6,310.0,4.1
2023-11-22T02:00,4.4,0.6,1015.1,290.0,3.1
2023-11-22T03:00,3.3,0.6,1015.2,260.0,1.5
2023-11-22T04:00,2.8,0.6,1014.8,250.0,2.1
2023-11-22T05:00,2.8,0.0,1015.2,290.0,2.6
2023-11-22T06:00,2.8,0.0,1015.6,310.0,4.1
2023-11-22T07:00,2.8,0.0,1015.7,310.0,4.1
2023-11-22T08:00,2.8,0.6,1015.8,310.0,3.6
2023-11-22T09:00,1.7,0.0,1015.9,290.0,2.6
2023-11-22T10:00,2.2,0.6,1016.2,310.0,3.6
2023-11-22T11:00,1.7,0.0,1016.4,280.0,2.1
2023-11-22T12:00,1.1,0.0,1016.6,290.0,2.1
2023-11-22T13:00,1.7,0.0,1017.2,290.0,2.1
2023-11-22T14:00,2.8,0.6,1017.9,300.0,3.6
2023-11-22T15:00,3.9,1.1,1018.0,310.0,2.6
2023-11-22T16:00,5.0,1.1,1017.8,270.0,2.1
2023-11-22T17:00,5.6,1.7,1017.1,270.0,2.1
2023-11-22T18:00,6.7,1.7,1016.1,250.0,4.1
2023-11-22T19:00,7.2,0.6,1015.2,250.0,5.7
2023-11-22T20:00,6.7,0.6,1014.4,250.0,5.7
2023-11-22T21:00,7.2,0.6,1014.0,230.0,7.2
2023-11-22T22:00,6.7,0.6,1014.2,220.0,7.2
2023-11-22T23:00,5.6,0.6,1013.9,230.0,4.6
2023-11-23T00:00,5.0,0.6,1014.0,220.0,2.6
2023-11-23T01:00,4.4,0.6,1014.2,230.0,3.6
2023-11-23T02:00,3.9,0.6,1013.3,210.0,5.1
2023-11-23T03:00,3.9,0.0,1013.2,220.0,5.1
2023-11-23T04:00,3.3,-0.6,1012.8,210.0,4.6
2023-11-23T05:00,3.3,-0.6,1012.9,210.0,5.1
2023-11-23T06:00,2.2,-0.6,1013.0,210.0,5.1
2023-11-23T07:00,2.2,-1.1,1012.1,210.0,5.7
2023-11-23T08:00,1.7,-1.1,1011.9,210.0,5.1
2023-11-23T09:00,1.7,-1.7,1011.9,220.0,5.1
2023-11-23T10:00,1.7,-2.2,1012.0,230.0,5.1
2023-11-23T11:00,1.1,-2.2,1012.1,220.0,4.6
2023-11-23T12:00,0.6,-2.2,1012.6,240.0,2.6
2023-11-23T13:00,0.6,-2.8,1013.4,240.0,3.6
2023-11-23T14:00,1.1,-2.2,1014.5,270.0,3.1
2023-11-23T15:00,3.3,-1.7,1015.3,310.0,4.1
2023-11-23T16:00,6.1,-2.2,1016.0,360.0,5.1
2023-11-23T17:00,7.2,-2.8,1016.6,10.0,5.7
2023-11-23T18:00,7.8,-2.2,1016.9,20.0,4.1
2023-11-23T19:00,8.3,-1.7,1017.2,20.0,3.1
2023-11-23T20:00,8.3,-0.6,1018.1,30.0,5.7
2023-11-23T21:00,7.2,0.0,1019.0,50.0,5.7
2023-11-23T22:00,6.1,0.0,1020.2,30.0,6.2
2023-11-23T23:00,5.0,-0.6,1020.9,30.0,4.6
2023-11-24T00:00,3.3,-1.1,1022.0,350.0,3.1
2023-11-24T01:00,2.8,-1.1,1022.6,340.0,4.1
2023-11-24T02:00,2.2,-1.7,1023.3,340.0,3.6
2023-11-24T03:00,1.1,-2.2,1023.8,350.0,4.6
2023-11-24T04:00,1.1,-3.9,1024.3,340.0,4.6
2023-11-24T05:00,0.6,-5.0,1024.9,340.0,4.1
2023-11-24T06:00,0.0,-5.6,1025.5,340.0,5.7
2023-11-24T07:00,0.0,-6.1,1026.1,340.0,4.6
2023-11-24T08:00,-0.6,-6.7,1026.9,340.0,4.6
2023-11-24T09:00,-0.6,-7.8,1027.8,340.0,6.2
2023-11-24T10:00,-1.7,-8.3,1028.5,340.0,6.7
2023-11-24T11:00,-2.2,-8.9,1029.2,340.0,7.2
2023-11-24T12:00,-2.8,-10.6,1030.2,340.0,6.7
2023-11-24T13:00,-3.3,-11.1,1031.7,340.0,6.2
2023-11-24T14:00,-3.3,-10.6,1032.5,350.0,6.7
2023-11-24T15:00,-2.2,-10.0,1033.0,340.0,5.1
2023-11-24T16:00,-1.1,-8.9,1033.3,10.0,5.7
2023-11-24T17:00,-0.6,-9.4,1033.1,10.0,6.7
2023-11-24T18:00,0.0,-8.3,1032.9,20.0,5.1
2023-11-24T19:00,0.0,-7.8,1032.5,360.0,7.2
2023-11-24T20:00,0.0,-6.7,1031.9,10.0,6.7
2023-11-24T21:00,0.0,-6.7,1032.0,10.0,6.2
2023-11-24T22:00,-1.1,-7.8,1032.5,10.0,5.1
2023-11-24T23:00,-1.7,-7.2,1032.9,350.0,4.6
2023-11-25T00:00,-1.1,-8.3,1033.1,330.0,3.6
2023-11-25T01:00,-1.7,-8.9,1033.2,330.0,3.1
2023-11-25T02:00,-2.2,-8.9,1033.3,330.0,2.6
2023-11-25T03:00,-2.8,-9.4,1033.1,340.0,2.6
2023-11-25T04:00,-2.2,-9.4,1032.8,330.0,3.1
2023-11-25T05:00,-2.8,-10.0,1032.6,350.0,3.6
2023-11-25T06:00,-3.3,-10.0,1032.3,340.0,2.6
2023-11-25T07:00,-3.9,-10.0,1031.7,340.0,3.1
2023-11-25T08:00,-3.9,-10.0,1031.2,350.0,2.6
2023-11-25T09:00,-3.3,-10.0,1030.8,340.0,3.1
2023-11-25T10:00,-2.2,-10.0,1030.6,,2.1
2023-11-25T11:00,-2.2,-10.0,1030.2,0.0,0.0
2023-11-25T12:00,-2.2,-10.0,1029.9,0.0,0.0
2023-11-25T13:00,-2.2,-9.4,1030.1,0.0,0.0
2023-11-25T14:00,-1.7,-8.9,1030.0,0.0,0.0
2023-11-25T15:00,-1.1,-8.3,1029.8,230.0,1.5
2023-11-25T16:00,0.0,-8.3,1029.6,230.0,2.6
2023-11-25T17:00,1.1,-8.3,1028.6,220.0,3.1
2023-11-25T18:00,1.1,-7.8,1027.1,220.0,2.1
2023-11-25T19:00,1.7,-7.8,1025.7,180.0,3.1
2023-11-25T20:00,2.8,-7.2,1024.7,0.0,0.0
2023-11-25T21:00,3.3,-8.3,1024.0,80.0,1.5
2023-11-25T22:00,2.8,-8.9,1023.2,0.0,0.0
2023-11-25T23:00,1.1,-8.3,1022.2,90.0,2.1
2023-11-26T00:00,0.0,-7.2,1022.2,100.0,2.6
2023-11-26T01:00,-0.6,-6.7,1021.4,100.0,1.5
2023-11-26T02:00,0.6,-6.1,1021.6,210.0,1.5
2023-11-26T03:00,0.0,-6.1,1021.1,210.0,1.5
2023-11-26T04:00,-0.6,-6.1,1019.9,170.0,1.5
2023-11-26T05:00,-0.6,-6.1,1019.3,0.0,0.0
2023-11-26T06:00,-0.6,-5.6,1018.4,0.0,0.0
2023-11-26T07:00,0.0,-5.6,1017.5,0.0,0.0
2023-11-26T08:00,0.0,-5.6,1016.7,190.0,2.1
2023-11-26T09:00,0.0,-5.6,1015.9,180.0,1.5
2023-11-26T10:00,0.0,-5.0,,190.0,1.5
2023-11-26T11:00,-1.1,-2.8,1014.3,200.0,1.5
2023-11-26T12:00,-1.1,-2.2,1013.4,0.0,0.0
2023-11-26T13:00,-1.1,-2.2,1012.5,0.0,0.0
2023-11-26T14:00,-1.1,-2.2,1011.9,140.0,1.5
2023-11-26T15:00,-0.6,-1.7,1010.7,130.0,3.1
2023-11-26T16:00,0.0,-1.1,1010.1,170.0,1.5
2023-11-26T17:00,0.0,-1.1,1009.3,220.0,1.5
2023-11-26T18:00,0.0,-0.6,1008.1,220.0,2.6
2023-11-26T19:00,0.6,-1.1,,250.0,2.6
2023-11-26T20:00,0.6,-1.1,1006.8,260.0,3.1
2023-11-26T21:00,0.6,-1.7,1006.7,260.0,4.1
2023-11-26T22:00,0.0,-1.7,1007.0,260.0,4.1
2023-11-26T23:00,0.6,-2.2,1007.8,260.0,4.6
2023-11-27T00:00,-0.6,-3.3,1009.0,260.0,6.2
2023-11-27T01:00,-1.1,-5.0,1010.0,260.0,5.7
2023-11-27T02:00,-2.2,-5.6,1010.9,260.0,6.2
2023-11-27T03:00,-1.7,-5.0,1011.2,270.0,5.1
2023-11-27T04:00,-1.7,-5.6,1011.9,270.0,4.6
2023-11-27T05:00,-2.2,-5.6,,260.0,4.6
2023-11-27T06:00,-1.7,-5.0,1013.1,260.0,6.2
2023-11-27T07:00,-2.2,-6.1,1013.5,270.0,6.2
2023-11-27T08:00,-2.8,-7.2,1013.9,260.0,5.1
2023-11-27T09:00,-3.9,-8.3,1014.5,260.0,5.7
2023-11-27T10:00,-3.9,-8.9,1014.9,260.0,4.6
2023-11-27T11:00,-4.4,-11.1,1015.5,290.0,5.1
2023-11-27T12:00,-4.4,-11.7,1015.8,290.0,3.6
2023-11-27T13:00,-3.9,-10.6,1016.1,230.0,4.6
2023-11-27T14:00,-4.4,-10.6,1016.6,270.0,7.7
2023-11-27T15:00,-4.4,-10.6,1016.7,270.0,5.7
2023-11-27T16:00,-4.4,-9.4,1016.4,270.0,5.7
2023-11-27T17:00,-3.9,-10.0,1016.6,280.0,7.2
2023-11-27T18:00,-3.9,-10.0,1016.2,280.0,7.2
2023-11-27T19:00,-3.9,-10.0,1015.7,270.0,5.7
2023-11-27T20:00,-3.9,-10.0,1015.7,270.0,5.1
2023-11-27T21:00,-4.4,-9.4,1016.3,250.0,4.6
2023-11-27T22:00,-5.0,-10.0,1016.7,250.0,6.2
2023-11-27T23:00,-5.6,-10.6,1017.3,260.0,6.2
2023-11-28T00:00,-6.1,-11.1,1017.8,260.0,6.7
2023-11-28T01:00,-6.7,-12.2,1018.5,270.0,6.2
2023-11-28T02:00,-7.2,-12.2,1018.9,270.0,4.6
2023-11-28T03:00,-7.8,-12.8,1019.4,270.0,5.7
2023-11-28T04:00,-7.8,-13.3,1019.7,280.0,5.1
2023-11-28T05:00,-7.8,-12.8,1019.9,280.0,5.1
2023-11-28T06:00,-7.2,-12.8,1020.3,280.0,5.1
2023-11-28T07:00,-8.3,-13.3,1020.9,310.0,6.2
2023-11-28T08:00,-8.9,-15.6,1021.5,320.0,7.2
2023-11-28T09:00,-9.4,-15.6,1022.0,300.0,5.1
2023-11-28T10:00,-9.4,-15.6,1022.7,300.0,3.6
2023-11-28T11:00,-9.4,-15.0,1023.2,290.0,3.6
2023-11-28T12:00,-9.4,-15.6,1024.3,280.0,3.1
2023-11-28T13:00,-9.4,-15.6,1024.9,280.0,4.1
2023-11-28T14:00,-9.4,-15.0,1025.8,290.0,3.6
2023-11-28T15:00,-7.8,-14.4,1026.3,290.0,4.1
2023-11-28T16:00,-7.2,-13.9,1026.7,300.0,5.1
2023-11-28T17:00,-6.1,-13.3,1026.5,250.0,4.1
2023-11-28T18:00,-5.6,-13.3,1026.1,280.0,4.6
2023-11-28T19:00,-5.0,-12.8,1025.2,230.0,3.6
2023-11-28T20:00,-5.6,-13.3,1025.0,270.0,5.1
2023-11-28T21:00,-5.6,-12.8,1024.7,230.0,4.6
2023-11-28T22:00,-6.1,-12.8,1024.2,220.0,4.6
2023-11-28T23:00,-6.7,-13.3,1024.1,230.0,3.6
2023-11-29T00:00,-7.2,-12.8,1023.7,230.0,5.1
2023-11-29T01:00,-7.8,-12.8,1022.8,200.0,4.6
2023-11-29T02:00,-7.8,-12.2,1022.4,220.0,4.6
2023-11-29T03:00,-7.8,-12.2,1021.4,210.0,4.6
2023-11-29T04:00,-7.2,-12.2,1020.3,200.0,3.6
2023-11-29T05:00,-7.2,-12.2,1019.4,210.0,5.1
2023-11-29T06:00,-6.7,-11.7,1018.6,210.0,4.6
2023-11-29T07:00,-6.1,-11.1,1017.1,200.0,4.6
2023-11-29T08:00,-5.6,-10.6,1015.5,180.0,4.6
2023-11-29T09:00,-3.9,-10.0,1014.5,210.0,6.7
2023-11-29T10:00,-3.3,-10.0,1013.4,200.0,6.2
2023-11-29T11:00,-3.9,-9.4,1013.0,210.0,4.1
2023-11-29T12:00,-3.3,-9.4,1012.9,220.0,4.6
2023-11-29T13:00,-3.9,-9.4,1012.7,220.0,4.6
2023-11-29T14:00,-3.9,-8.9,1013.1,240.0,3.1
2023-11-29T15:00,-2.2,-7.8,1012.9,250.0,3.1
2023-11-29T16:00,-1.1,-6.7,1012.8,230.0,5.1
2023-11-29T17:00,1.1,-5.6,1012.6,250.0,4.1
2023-11-29T18:00,2.8,-4.4,1012.0,240.0,6.7
2023-11-29T19:00,3.9,-3.3,1011.8,250.0,4.6
2023-11-29T20:00,4.4,-2.8,1012.0,250.0,5.1
2023-11-29T21:00,4.4,-2.8,1012.0,230.0,6.2
2023-11-29T22:00,3.3,-2.8,1012.8,220.0,5.1
2023-11-29T23:00,2.2,-2.8,1013.1,220.0,4.1
2023-11-30T00:00,1.7,-2.8,1013.6,220.0,4.1
2023-11-30T01:00,1.1,-2.8,1013.4,220.0,4.1
2023-11-30T02:00,1.1,-2.8,1013.2,220.0,3.6
2023-11-30T03:00,1.1,-2.8,1013.4,220.0,3.6
2023-11-30T04:00,0.6,-2.8,1013.1,220.0,3.1
2023-11-30T05:00,0.6,-2.8,1012.8,220.0,3.6
2023-11-30T06:00,0.6,-2.8,1012.5,230.0,3.1
2023-11-30T07:00,0.0,-3.3,1012.0,210.0,5.1
2023-11-30T08:00,1.1,-2.8,1011.7,220.0,4.1
2023-11-30T09:00,0.6,-2.8,1011.0,200.0,2.6
2023-11-30T10:00,0.6,-2.8,1010.5,190.0,2.6
2023-11-30T11:00,1.1,-2.2,1009.6,190.0,2.6
2023-11-30T12:00,2.8,-1.7,1009.3,200.0,5.1
2023-11-30T13:00,3.3,-1.7,1009.1,210.0,6.2
2023-11-30T14:00,3.9,-1.1,1008.8,210.0,6.2
2023-11-30T15:00,5.0,-0.6,1008.8,220.0,5.7
2023-11-30T16:00,7.2,0.6,1008.4,220.0,6.7
2023-11-30T17:00,8.9,1.7,1008.2,230.0,6.7
2023-11-30T18:00,10.6,2.2,1007.9,230.0,7.2
2023-11-30T19:00,10.0,2.8,1007.8,240.0,6.2
2023-11-30T20:00,9.4,2.8,1007.8,210.0,6.7
2023-11-30T21:00,10.0,3.3,1008.3,230.0,5.7
2023-11-30T22:00,9.4,3.3,1008.8,220.0,5.1
2023-11-30T23:00,9.4,3.9,1009.6,210.0,3.6
2023-12-01T00:00,9.4,4.4,1009.9,240.0,3.1
2023-12-01T01:00,9.4,4.4,1010.5,260.0,2.6
2023-12-01T02:00,8.9,4.4,1011.2,260.0,2.1
2023-12-01T03:00,7.8,4.4,1011.3,300.0,1.5
2023-12-01T04:00,7.8,3.9,1011.8,0.0,0.0
2023-12-01T05:00,7.2,3.3,1011.6,10.0,2.6
2023-12-01T06:00,6.7,2.8,1012.0,20.0,3.1
2023-12-01T07:00,5.6,2.8,1012.1,30.0,3.6
2023-12-01T08:00,6.1,2.8,1012.0,40.0,3.1
2023-12-01T09:00,5.6,2.8,1011.3,30.0,3.6
2023-12-01T10:00,6.1,3.9,1010.6,50.0,3.6
2023-12-01T11:00,5.6,5.0,1010.5,70.0,3.1
2023-12-01T12:00,6.1,5.0,1010.3,50.0,5.7
2023-12-01T13:00,5.6,4.4,1010.1,40.0,5.1
2023-12-01T14:00,6.1,5.0,1010.2,,1.5
2023-12-01T15:00,5.6,3.9,1009.8,0.0,0.0
2023-12-01T16:00,6.1,3.9,1009.4,0.0,0.0
2023-12-01T17:00,6.7,3.9,,30.0,1.5
2023-12-01T18:00,6.1,4.4,1008.7,60.0,3.1
2023-12-01T19:00,6.1,5.0,1008.5,90.0,3.6
2023-12-01T20:00,5.6,5.0,1008.1,80.0,4.6
2023-12-01T21:00,5.6,4.4,1008.7,80.0,4.1
2023-12-01T22:00,5.6,5.0,1008.9,20.0,4.1
2023-12-01T23:00,5.6,4.4,1009.6,10.0,5.1
2023-12-02T00:00,5.0,4.4,1010.0,10.0,4.6
2023-12-02T01:00,5.0,4.4,1010.4,360.0,4.1
2023-12-02T02:00,5.0,4.4,1010.6,10.0,3.6
2023-12-02T03:00,5.0,3.9,1011.0,20.0,5.1
2023-12-02T04:00,5.0,3.9,1011.3,10.0,4.6
2023-12-02T05:00,4.4,3.3,1011.4,350.0,3.6
2023-12-02T06:00,4.4,3.3,1011.6,340.0,3.6
2023-12-02T07:00,3.9,2.8,1011.9,340.0,4.6
2023-12-02T08:00,3.9,2.8,1012.9,360.0,4.1
2023-12-02T09:00,3.9,2.8,1013.9,340.0,3.6
2023-12-02T10:00,3.9,2.8,1014.0,340.0,3.6
2023-12-02T11:00,3.9,2.8,1014.8,340.0,3.1
2023-12-02T12:00,3.9,2.8,1015.4,320.0,3.6
2023-12-02T13:00,3.9,2.8,1016.1,340.0,2.6
2023-12-02T14:00,3.9,2.8,1016.7,340.0,2.1
2023-12-02T15:00,4.4,2.8,1016.9,360.0,4.1
2023-12-02T16:00,5.0,2.8,1016.9,10.0,3.6
2023-12-02T17:00,6.1,3.3,1016.6,30.0,3.6
2023-12-02T18:00,5.6,2.2,1016.1,60.0,4.1
2023-12-02T19:00,6.1,2.2,1015.6,80.0,2.6
2023-12-02T20:00,5.6,2.2,1014.9,70.0,3.1
2023-12-02T21:00,5.6,2.2,1015.0,110.0,2.1
2023-12-02T22:00,5.6,1.7,1015.4,,1.5
2023-12-02T23:00,5.6,2.2,1014.7,90.0,3.1
2023-12-03T00:00,5.0,1.7,1014.7,80.0,1.5
2023-12-03T01:00,5.0,2.2,1014.1,80.0,3.1
2023-12-03T02:00,5.0,2.2,1013.0,90.0,2.6
2023-12-03T03:00,5.0,2.2,1013.0,0.0,0.0
2023-12-03T04:00,5.0,2.2,1012.2,0.0,0.0
2023-12-03T05:00,5.0,2.8,1010.9,90.0,3.1
2023-12-03T06:00,4.4,3.3,1010.0,80.0,2.1
2023-12-03T07:00,4.4,3.3,1009.4,130.0,2.1
2023-12-03T08:00,3.9,2.2,,140.0,2.6
2023-12-03T09:00,3.9,2.2,1008.0,160.0,1.5
2023-12-03T10:00,3.9,2.2,1007.3,0.0,0.0
2023-12-03T11:00,3.3,2.8,1006.6,340.0,1.5
2023-12-03T12:00,3.9,2.8,1006.1,10.0,1.5
2023-12-03T13:00,3.9,3.3,1005.8,0.0,0.0
2023-12-03T14:00,3.9,3.3,1005.6,250.0,1.5
2023-12-03T15:00,3.9,2.8,1005.8,240.0,3.1
2023-12-03T16:00,2.8,1.1,1006.2,250.0,4.6
2023-12-03T17:00,3.9,1.7,1005.7,270.0,4.6
2023-12-03T18:00,3.3,1.1,1006.0,270.0,4.6
2023-12-03T19:00,3.3,1.7,1006.1,260.0,5.7
2023-12-03T20:00,3.3,1.1,1006.8,260.0,6.2
2023-12-03T21:00,3.9,1.1,1007.2,260.0,4.6
2023-12-03T22:00,3.3,1.1,1008.2,260.0,5.7
2023-12-03T23:00,3.3,1.1,1009.4,270.0,4.1
2023-12-04T00:00,3.3,1.1,1010.1,290.0,4.1
2023-12-04T01:00,3.3,0.6,1010.6,270.0,3.6
2023-12-04T02:00,2.8,0.6,1010.8,290.0,3.6
2023-12-04T03:00,2.8,0.0,1011.0,290.0,2.1
2023-12-04T04:00,2.8,0.0,1011.6,260.0,3.1
2023-12-04T05:00,2.8,0.0,1012.0,260.0,3.1
2023-12-04T06:00,2.8,0.0,1012.1,260.0,2.6
2023-12-04T07:00,2.8,-0.6,1011.9,270.0,2.6
2023-12-04T08:00,2.8,-0.6,1012.0,280.0,2.1
2023-12-04T09:00,2.2,0.0,1011.9,290.0,1.5
2023-12-04T10:00,1.1,-0.6,1012.1,320.0,2.1
2023-12-04T11:00,1.7,0.0,1012.5,300.0,2.6
2023-12-04T12:00,1.1,-0.6,1012.9,350.0,2.1
2023-12-04T13:00,0.0,-1.1,1013.2,360.0,3.1
2023-12-04T14:00,0.6,-0.6,1013.6,340.0,3.1
2023-12-04T15:00,2.2,-0.6,1014.6,340.0,1.5
2023-12-04T16:00,3.3,-0.6,1015.3,300.0,2.1
2023-12-04T17:00,4.4,-1.7,1015.5,340.0,4.1
2023-12-04T18:00,4.4,-2.2,1015.0,310.0,2.1
2023-12-04T19:00,4.4,-2.2,1015.7,300.0,4.6
2023-12-04T20:00,3.9,-2.2,1015.9,300.0,2.6
2023-12-04T21:00,3.9,-2.2,1016.4,300.0,3.6
2023-12-04T22:00,3.3,-2.2,1016.7,280.0,1.5
2023-12-04T23:00,3.3,-2.2,1016.9,260.0,2.6
2023-12-05T00:00,3.3,-1.7,1017.2,240.0,1.5
2023-12-05T01:00,3.3,-1.7,1018.0,260.0,4.1
2023-12-05T02:00,3.3,-1.7,1017.7,250.0,4.1
2023-12-05T03:00,2.8,-1.7,1017.9,230.0,3.1
2023-12-05T04:00,2.8,-1.7,1017.1,210.0,2.6
2023-12-05T05:00,2.8,-1.7,1017.0,200.0,1.5
2023-12-05T06:00,2.2,-1.1,1016.7,210.0,3.6
2023-12-05T07:00,2.2,-1.7,1016.6,190.0,2.6
2023-12-05T08:00,1.1,-0.6,1016.3,160.0,2.1
2023-12-05T09:00,1.1,0.0,1015.4,140.0,2.6
2023-12-05T10:00,1.7,0.0,1015.1,150.0,4.1
2023-12-05T11:00,1.7,0.6,1014.8,120.0,2.1
2023-12-05T12:00,1.1,0.0,1014.9,80.0,1.5
2023-12-05T13:00,0.6,0.0,,80.0,2.1
2023-12-05T14:00,1.1,0.0,1014.8,50.0,3.1
2023-12-05T15:00,1.7,0.6,1015.3,50.0,2.6
2023-12-05T16:00,2.8,1.1,1015.7,10.0,4.1
2023-12-05T17:00,3.3,1.7,1015.6,20.0,5.7
2023-12-05T18:00,3.9,1.7,1015.9,10.0,5.7
2023-12-05T19:00,3.9,1.7,1016.1,350.0,5.7
2023-12-05T20:00,5.0,1.7,1016.5,20.0,5.7
2023-12-05T21:00,5.0,0.6,1017.7,350.0,5.1
2023-12-05T22:00,3.9,1.1,1019.1,350.0,5.7
2023-12-05T23:00,3.3,1.7,1020.6,340.0,4.1
2023-12-06T00:00,3.3,0.6,1021.5,340.0,4.6
2023-12-06T01:00,2.8,-1.1,1022.2,330.0,6.7
2023-12-06T02:00,2.2,-2.2,1023.2,330.0,5.1
2023-12-06T03:00,1.7,-3.3,1023.5,330.0,4.6
2023-12-06T04:00,0.6,-3.3,1023.1,300.0,2.6
2023-12-06T05:00,0.0,-3.3,1024.4,300.0,3.1
2023-12-06T06:00,0.0,-3.9,1024.9,290.0,2.6
2023-12-06T07:00,0.6,-3.3,1025.1,280.0,2.6
2023-12-06T08:00,1.1,-2.8,1024.7,270.0,3.1
2023-12-06T09:00,1.7,-2.2,1025.2,270.0,2.6
2023-12-06T10:00,2.2,-3.3,1025.1,310.0,4.1
2023-12-06T11:00,2.2,-3.3,1025.4,300.0,4.6
2023-12-06T12:00,1.7,-3.9,1025.5,310.0,3.6
2023-12-06T13:00,1.7,-3.9,1025.8,310.0,2.6
2023-12-06T14:00,1.1,-3.9,1026.0,280.0,3.1
2023-12-06T15:00,1.7,-3.9,1026.3,300.0,3.1
2023-12-06T16:00,1.7,-3.3,1026.5,280.0,3.6
2023-12-06T17:00,1.7,-2.8,1026.0,,3.1
2023-12-06T18:00,2.8,-2.2,1024.8,220.0,4.6
2023-12-06T19:00,2.2,-2.8,1024.1,220.0,4.6
2023-12-06T20:00,2.8,-2.8,1022.9,230.0,4.6
2023-12-06T21:00,2.8,-2.2,1022.7,200.0,5.7
2023-12-06T22:00,2.2,-2.2,1021.8,210.0,3.6
2023-12-06T23:00,2.2,-1.7,1021.0,190.0,3.1
2023-12-07T00:00,2.8,-1.1,1020.5,200.0,4.1
2023-12-07T01:00,2.2,-1.7,1019.5,190.0,6.2
2023-12-07T02:00,2.2,-1.1,1018.3,200.0,6.7
2023-12-07T03:00,2.8,-0.6,1016.7,200.0,6.2
2023-12-07T04:00,3.9,0.0,1016.2,220.0,7.7
2023-12-07T05:00,3.9,0.0,1015.5,220.0,9.8
2023-12-07T06:00,3.9,-0.6,1014.9,220.0,8.8
2023-12-07T07:00,3.9,-0.6,1014.3,220.0,7.2
2023-12-07T08:00,3.3,-1.1,1013.8,220.0,5.1
2023-12-07T09:00,3.3,-1.1,1013.3,220.0,6.7
2023-12-07T10:00,3.3,-1.1,1012.9,220.0,5.7
2023-12-07T11:00,2.8,-1.1,1012.0,210.0,4.6
2023-12-07T12:00,2.8,-1.1,1012.0,210.0,4.1
2023-12-07T13:00,2.8,-1.1,1012.1,210.0,4.6
2023-12-07T14:00,2.8,-1.1,1012.2,200.0,4.1
2023-12-07T15:00,3.9,-0.6,1012.1,210.0,4.1
2023-12-07T16:00,5.6,0.0,1011.8,230.0,5.7
2023-12-07T17:00,7.2,0.6,1011.0,210.0,5.7
2023-12-07T18:00,8.3,1.1,1010.1,210.0,5.1
2023-12-07T19:00,9.4,1.7,1009.4,200.0,3.6
2023-12-07T20:00,10.0,2.2,1008.8,210.0,3.6
2023-12-07T21:00,10.6,2.8,1008.3,190.0,5.1
2023-12-07T22:00,10.0,2.8,1008.2,170.0,3.6
2023-12-07T23:00,8.9,3.3,1008.5,180.0,2.1
2023-12-08T00:00,8.9,3.9,1008.0,170.0,3.1
2023-12-08T01:00,8.3,4.4,1007.6,160.0,3.1
2023-12-08T02:00,8.9,5.6,1007.0,180.0,3.6
2023-12-08T03:00,9.4,5.0,1006.7,180.0,5.1
2023-12-08T04:00,9.4,4.4,1006.4,180.0,4.1
2023-12-08T05:00,8.9,3.9,1006.4,190.0,4.6
2023-12-08T06:00,8.3,3.9,1006.0,190.0,5.7
2023-12-08T07:00,8.9,3.3,1005.6,200.0,6.7
2023-12-08T08:00,8.3,3.3,1005.4,200.0,6.7
2023-12-08T09:00,8.3,3.3,1005.2,200.0,7.7
2023-12-08T10:00,8.3,3.3,1004.7,200.0,6.7
2023-12-08T11:00,8.3,3.3,1004.8,200.0,6.7
2023-12-08T12:00,8.3,3.3,1004.9,200.0,6.2
2023-12-08T13:00,7.8,2.8,1005.0,200.0,5.1
2023-12-08T14:00,7.8,2.8,1005.2,200.0,6.7
2023-12-08T15:00,8.9,3.3,1005.5,200.0,9.8
2023-12-08T16:00,10.0,3.9,1005.5,200.0,8.8
2023-12-08T17:00,11.1,5.0,1005.4,210.0,6.7
2023-12-08T18:00,12.2,5.6,1004.9,200.0,7.2
2023-12-08T19:00,12.8,6.7,1004.5,200.0,7.7
2023-12-08T20:00,12.8,6.7,1004.3,200.0,8.2
2023-12-08T21:00,13.3,7.2,1004.5,200.0,5.7
2023-12-08T22:00,12.8,7.2,1005.2,210.0,6.7
2023-12-08T23:00,11.7,7.2,1005.8,200.0,4.1
2023-12-09T00:00,11.1,7.2,1006.2,190.0,4.6
2023-12-09T01:00,11.1,7.2,1006.5,190.0,6.7
2023-12-09T02:00,11.7,7.2,1006.4,190.0,6.7
2023-12-09T03:00,11.7,7.2,1006.1,190.0,3.6
2023-12-09T04:00,11.7,7.2,1006.1,180.0,4.6
2023-12-09T05:00,11.7,8.3,1005.6,170.0,4.6
2023-12-09T06:00,11.7,8.9,1005.0,170.0,6.2
2023-12-09T07:00,11.7,9.4,1003.6,170.0,6.7
2023-12-09T08:00,11.7,10.0,1003.0,180.0,7.2
2023-12-09T09:00,11.1,10.6,1002.8,190.0,4.6
2023-12-09T10:00,11.7,10.6,,180.0,5.7
2023-12-09T11:00,12.2,11.1,1001.2,180.0,5.7
2023-12-09T12:00,12.2,11.1,1000.7,190.0,5.7
2023-12-09T13:00,12.2,11.7,1000.7,200.0,4.1
2023-12-09T14:00,8.9,7.2,1003.7,270.0,8.2
2023-12-09T15:00,7.8,5.0,1005.7,260.0,7.7
2023-12-09T16:00,8.9,4.4,1007.2,230.0,8.2
2023-12-09T17:00,8.9,2.8,1007.7,250.0,7.2
2023-12-09T18:00,8.3,1.1,1007.9,250.0,8.2
2023-12-09T19:00,7.8,1.1,1007.7,250.0,10.8
2023-12-09T20:00,7.2,0.6,1008.5,250.0,8.8
2023-12-09T21:00,6.7,-0.6,1009.0,240.0,7.2
2023-12-09T22:00,6.1,-1.1,1009.9,240.0,5.1
2023-12-09T23:00,5.6,-1.7,1010.4,250.0,7.2
2023-12-10T00:00,5.0,-1.1,1010.6,250.0,7.2
2023-12-10T01:00,3.9,-2.8,1011.4,260.0,6.7
2023-12-10T02:00,3.9,-2.8,1011.7,250.0,6.2
2023-12-10T03:00,3.3,-2.8,1011.7,250.0,6.2
2023-12-10T04:00,2.2,-2.8,1012.0,260.0,9.3
2023-12-10T05:00,2.2,-2.2,1012.2,260.0,8.2
2023-12-10T06:00,1.7,-2.8,1012.5,260.0,5.7
2023-12-10T07:00,1.1,-2.8,1012.7,250.0,6.7
2023-12-10T08:00,1.1,-2.8,1012.8,260.0,5.1
2023-12-10T09:00,1.1,-3.3,1013.3,270.0,7.2
2023-12-10T10:00,1.1,-3.3,1013.6,270.0,4.6
2023-12-10T11:00,0.6,-3.3,1014.3,260.0,5.7
2023-12-10T12:00,1.1,-3.3,1014.9,270.0,6.7
2023-12-10T13:00,1.1,-3.3,1015.6,280.0,4.1
2023-12-10T14:00,1.1,-3.3,1015.8,270.0,5.1
2023-12-10T15:00,1.1,-2.8,1016.2,290.0,4.1
2023-12-10T16:00,1.7,-2.8,1016.4,300.0,5.7
2023-12-10T17:00,1.7,-2.8,1016.4,290.0,3.6
2023-12-10T18:00,1.7,-2.8,1016.3,,2.6
2023-12-10T19:00,1.1,-2.2,1016.4,310.0,4.6
2023-12-10T20:00,1.1,-2.8,1016.4,310.0,4.6
2023-12-10T21:00,1.1,-3.3,1017.1,300.0,4.1
2023-12-10T22:00,0.6,-3.9,1018.2,310.0,5.7
2023-12-10T23:00,0.0,-4.4,1018.9,310.0,4.1
2023-12-11T00:00,0.0,-5.0,1019.2,310.0,2.6
2023-12-11T01:00,0.0,-5.0,1019.1,280.0,3.6
2023-12-11T02:00,-0.6,-5.6,1019.3,290.0,3.6
2023-12-11T03:00,-1.1,-5.6,1019.7,260.0,3.1
2023-12-11T04:00,-1.1,-5.6,1019.3,330.0,2.6
2023-12-11T05:00,-1.1,-5.6,1019.5,310.0,3.1
2023-12-11T06:00,-1.1,-5.0,1019.5,310.0,1.5
2023-12-11T07:00,-1.7,-5.6,1019.4,290.0,2.1
2023-12-11T08:00,-1.7,-6.1,1019.4,270.0,2.1
2023-12-11T09:00,-1.7,-6.1,1019.9,250.0,2.1
2023-12-11T10:00,-1.7,-6.1,1020.3,250.0,2.6
2023-12-11T11:00,-1.7,-6.7,1020.7,230.0,3.1
2023-12-11T12:00,-2.2,-7.2,1021.3,250.0,3.1
2023-12-11T13:00,-2.2,-6.7,1022.0,230.0,2.1
2023-12-11T14:00,-2.2,-7.2,1022.2,0.0,0.0
2023-12-11T15:00,-1.7,-6.7,1022.6,220.0,2.1
2023-12-11T16:00,-1.7,-6.7,1022.9,250.0,4.1
2023-12-11T17:00,-0.6,-6.1,1022.4,220.0,3.6
2023-12-11T18:00,0.0,-5.6,1021.6,240.0,4.1
2023-12-11T19:00,0.6,-5.6,1021.1,230.0,3.6
2023-12-11T20:00,1.1,-5.0,1021.1,210.0,3.1
2023-12-11T21:00,1.7,-4.4,1020.9,210.0,4.6
2023-12-11T22:00,1.7,-4.4,1021.0,220.0,4.1
2023-12-11T23:00,1.1,-3.9,1021.2,200.0,3.1
2023-12-12T00:00,0.6,-3.9,1021.2,180.0,2.6
2023-12-12T01:00,0.6,-3.9,1021.4,180.0,2.6
2023-12-12T02:00,1.1,-3.3,1021.5,190.0,4.6
2023-12-12T03:00,1.7,-2.8,1021.3,200.0,3.6
2023-12-12T04:00,1.7,-2.2,1020.9,190.0,4.6
2023-12-12T05:00,1.7,-2.2,1020.3,200.0,5.1
2023-12-12T06:00,1.7,-2.8,1020.1,210.0,5.1
2023-12-12T07:00,1.7,-2.8,1020.1,210.0,5.7
2023-12-12T08:00,1.1,-2.8,1020.3,220.0,6.7
2023-12-12T09:00,0.6,-3.3,1020.6,220.0,4.6
2023-12-12T10:00,0.0,-3.3,1020.8,230.0,4.1
2023-12-12T11:00,0.0,-3.3,1021.1,240.0,4.6
2023-12-12T12:00,0.0,-3.3,1022.3,250.0,4.1
2023-12-12T13:00,0.0,-3.9,1023.5,260.0,3.6
2023-12-12T14:00,-0.6,-3.9,1025.0,250.0,3.1
2023-12-12T15:00,0.6,-5.6,1026.0,290.0,5.1
2023-12-12T16:00,1.1,-6.1,1026.9,290.0,5.7
2023-12-12T17:00,1.7,-5.6,1027.4,290.0,5.7
2023-12-12T18:00,2.2,-6.7,1027.7,270.0,4.6
2023-12-12T19:00,2.8,-6.1,1028.1,270.0,5.7
2023-12-12T20:00,2.8,-6.1,1028.5,270.0,5.1
2023-12-12T21:00,2.8,-6.1,1029.2,250.0,4.1
2023-12-12T22:00,1.7,-6.7,1030.1,270.0,4.6
2023-12-12T23:00,0.6,-6.7,1030.6,270.0,1.5
2023-12-13T00:00,0.0,-7.2,1032.1,260.0,3.1
2023-12-13T01:00,-0.6,-7.2,1032.7,260.0,3.1
2023-12-13T02:00,-1.1,-7.2,1033.1,270.0,3.1
2023-12-13T03:00,-1.7,-7.2,1033.7,280.0,2.6
2023-12-13T04:00,-2.2,-7.2,1034.3,270.0,2.1
2023-12-13T05:00,-2.2,-7.8,1034.9,250.0,2.6
2023-12-13T06:00,-2.8,-7.8,1035.1,260.0,2.6
2023-12-13T07:00,-2.8,-7.8,1035.6,260.0,3.1
2023-12-13T08:00,-2.8,-8.3,1036.3,270.0,2.6
2023-12-13T09:00,-3.3,-8.9,1036.8,280.0,2.1
2023-12-13T10:00,-3.9,-8.9,1037.0,270.0,2.1
2023-12-13T11:00,-4.4,-9.4,1037.4,290.0,1.5
2023-12-13T12:00,-4.4,-9.4,1038.2,270.0,1.5
2023-12-13T13:00,-4.4,-9.4,1038.5,240.0,1.5
2023-12-13T14:00,-4.4,-8.9,1038.6,0.0,0.0
2023-12-13T15:00,-2.2,-8.9,1039.0,0.0,0.0
2023-12-13T16:00,0.0,-9.4,1039.3,0.0,0.0
2023-12-13T17:00,3.3,-14.4,1038.9,,2.1
2023-12-13T18:00,3.9,-16.1,1038.5,270.0,3.1
2023-12-13T19:00,5.0,-14.4,1038.1,240.0,4.6
2023-12-13T20:00,5.0,-12.2,1038.0,240.0,3.1
2023-12-13T21:00,4.4,-11.7,1038.0,240.0,4.1
2023-12-13T22:00,4.4,-11.1,1037.7,210.0,4.1
2023-12-13T23:00,3.3,-10.6,1038.4,230.0,2.1
2023-12-14T00:00,2.2,-9.4,1038.6,210.0,1.5
2023-12-14T01:00,1.7,-8.3,1039.2,220.0,2.1
2023-12-14T02:00,1.1,-8.3,1039.4,200.0,3.1
2023-12-14T03:00,0.6,-8.3,1039.1,220.0,3.1
2023-12-14T04:00,0.6,-8.3,1039.2,220.0,2.6
2023-12-14T05:00,1.1,-8.9,1038.9,230.0,3.6
2023-12-14T06:00,1.1,-8.3,1038.6,230.0,3.1
2023-12-14T07:00,1.1,-7.2,1038.3,230.0,3.6
2023-12-14T08:00,0.6,-6.7,1038.5,240.0,3.6
2023-12-14T09:00,0.0,-6.7,1038.8,240.0,2.1
2023-12-14T10:00,0.0,-6.1,1038.1,230.0,3.1
2023-12-14T11:00,0.6,-6.1,1038.0,230.0,3.1
2023-12-14T12:00,0.6,-5.6,1038.4,220.0,2.6
2023-12-14T13:00,0.6,-5.6,1038.5,220.0,3.6
2023-12-14T14:00,0.6,-5.0,1039.3,220.0,1.5
2023-12-14T15:00,2.2,-5.0,1039.7,230.0,3.1
2023-12-14T16:00,4.4,-4.4,1039.3,230.0,3.6
2023-12-14T17:00,7.2,-4.4,1038.1,230.0,3.6
2023-12-14T18:00,8.3,-3.9,1037.3,230.0,5.7
2023-12-14T19:00,9.4,-2.8,1036.3,240.0,6.2
2023-12-14T20:00,10.0,-2.2,1035.5,230.0,5.7
2023-12-14T21:00,10.6,-1.7,1035.3,220.0,4.1
2023-12-14T22:00,10.0,-1.7,1035.2,230.0,3.1
2023-12-14T23:00,8.3,-0.6,1035.3,210.0,3.1
2023-12-15T00:00,7.2,-0.6,1035.1,210.0,2.6
2023-12-15T01:00,6.7,-0.6,1034.8,200.0,3.1
2023-12-15T02:00,5.6,-0.6,1034.4,200.0,3.1
2023-12-15T03:00,5.6,-0.6,1033.9,190.0,2.6
2023-12-15T04:00,5.0,-0.6,1033.3,210.0,2.1
2023-12-15T05:00,4.4,-0.6,1033.1,220.0,2.1
2023-12-15T06:00,3.9,-0.6,1032.7,210.0,2.1
2023-12-15T07:00,3.3,-0.6,1032.6,220.0,2.6
2023-12-15T08:00,3.9,-0.6,1032.8,200.0,3.6
2023-12-15T09:00,2.8,-0.6,1032.8,200.0,2.1
2023-12-15T10:00,2.8,-1.1,1032.6,220.0,2.6
2023-12-15T11:00,2.2,-1.1,1032.6,190.0,1.5
2023-12-15T12:00,2.2,-1.7,1032.9,210.0,2.1
2023-12-15T13:00,1.7,-2.2,1032.7,190.0,1.5
2023-12-15T14:00,2.2,-2.2,1032.4,190.0,1.5
2023-12-15T15:00,4.4,-1.7,1031.9,180.0,3.1
2023-12-15T16:00,7.8,-2.2,1031.6,200.0,3.1
2023-12-15T17:00,10.0,-2.8,1030.9,200.0,4.1
2023-12-15T18:00,10.6,-2.8,1030.3,200.0,5.1
2023-12-15T19:00,11.1,-3.3,1029.3,210.0,5.7
2023-12-15T20:00,10.6,-2.8,1028.7,190.0,3.1
2023-12-15T21:00,11.1,-1.7,1028.3,160.0,3.1
2023-12-15T22:00,10.0,-1.1,1027.7,140.0,2.6
2023-12-15T23:00,10.0,-1.1,1027.5,150.0,1.5
2023-12-16T00:00,8.3,-1.1,1027.4,130.0,1.5
2023-12-16T01:00,9.4,-1.7,1027.7,150.0,2.1
2023-12-16T02:00,7.8,-1.7,1027.6,130.0,2.1
2023-12-16T03:00,7.8,-1.1,1027.2,130.0,3.6
2023-12-16T04:00,8.3,-1.7,1026.8,140.0,3.6
2023-12-16T05:00,7.8,-1.1,1026.3,150.0,3.1
2023-12-16T06:00,7.8,-1.7,1025.7,150.0,3.6
2023-12-16T07:00,7.2,-1.7,1025.1,140.0,3.6
2023-12-16T08:00,7.2,-1.7,1024.9,140.0,2.6
2023-12-16T09:00,6.7,-1.7,1024.4,130.0,2.6
2023-12-16T10:00,6.7,-1.7,1023.2,120.0,2.6
2023-12-16T11:00,6.7,-1.7,1022.9,120.0,3.1
2023-12-16T12:00,6.7,-1.7,1022.8,130.0,3.1
2023-12-16T13:00,6.7,-1.7,1022.5,150.0,2.6
2023-12-16T14:00,6.7,-1.7,1022.2,140.0,3.6
2023-12-16T15:00,6.7,-1.7,1021.8,150.0,4.1
2023-12-16T16:00,5.0,1.7,1021.0,130.0,6.2
2023-12-16T17:00,5.0,3.3,1019.9,140.0,4.6
2023-12-16T18:00,6.7,5.6,1018.0,140.0,5.7
2023-12-16T19:00,6.7,5.6,1016.7,160.0,5.1
2023-12-16T20:00,6.1,4.4,1015.7,140.0,5.1
2023-12-16T21:00,5.6,4.4,1015.9,150.0,5.1
2023-12-16T22:00,5.6,3.9,1015.2,140.0,5.1
2023-12-16T23:00,5.6,4.4,1014.9,150.0,4.6
2023-12-17T00:00,6.1,5.0,1014.9,160.0,4.6
2023-12-17T01:00,6.7,5.0,1014.5,170.0,5.7
2023-12-17T02:00,6.7,5.6,1014.2,170.0,4.1
2023-12-17T03:00,6.7,5.6,1013.7,170.0,3.6
2023-12-17T04:00,6.7,5.6,1013.3,180.0,3.1
2023-12-17T05:00,6.7,6.1,1012.9,180.0,3.6
2023-12-17T06:00,6.7,6.1,1012.5,180.0,2.6
2023-12-17T07:00,6.7,6.1,1012.0,190.0,2.1
2023-12-17T08:00,6.7,6.1,1011.6,190.0,2.6
2023-12-17T09:00,6.7,6.1,1011.4,220.0,2.1
2023-12-17T10:00,6.7,5.6,1010.5,190.0,2.1
2023-12-17T11:00,6.7,5.0,1010.7,230.0,3.6
2023-12-17T12:00,6.1,5.0,1010.9,200.0,3.6
2023-12-17T13:00,6.1,5.0,1011.2,230.0,4.1
2023-12-17T14:00,6.1,4.4,1010.9,230.0,3.6
2023-12-17T15:00,6.1,4.4,1011.1,240.0,3.1
2023-12-17T16:00,6.1,4.4,1011.4,250.0,4.6
2023-12-17T17:00,6.1,4.4,1011.0,260.0,5.1
2023-12-17T18:00,6.1,3.9,1010.1,270.0,5.7
2023-12-17T19:00,6.1,3.9,1009.7,240.0,4.1
2023-12-17T20:00,5.6,3.3,1009.6,260.0,5.1
2023-12-17T21:00,5.0,2.8,1009.7,260.0,4.6
2023-12-17T22:00,4.4,1.7,1009.6,250.0,5.7
2023-12-17T23:00,3.9,0.6,1009.8,250.0,5.1
2023-12-18T00:00,3.3,1.1,1010.1,260.0,6.7
2023-12-18T01:00,3.3,0.6,1009.8,250.0,4.6
2023-12-18T02:00,3.3,0.0,1009.7,270.0,6.7
2023-12-18T03:00,2.8,0.6,1009.2,280.0,4.1
2023-12-18T04:00,2.8,0.6,1008.8,290.0,3.6
2023-12-18T05:00,2.2,0.0,1008.7,280.0,5.7
2023-12-18T06:00,2.2,0.0,1008.6,280.0,4.6
2023-12-18T07:00,2.2,-2.2,,280.0,6.7
2023-12-18T08:00,1.7,-2.2,,280.0,7.2
2023-12-18T09:00,1.7,-1.7,1007.6,280.0,6.7
2023-12-18T10:00,1.1,-3.3,1007.1,290.0,6.2
2023-12-18T11:00,1.1,-3.9,1007.2,280.0,6.2
2023-12-18T12:00,0.6,-3.9,1007.7,310.0,6.2
2023-12-18T13:00,0.0,-6.7,1008.6,330.0,10.3
2023-12-18T14:00,0.0,-7.2,1009.3,320.0,10.3
2023-12-18T15:00,-0.6,-8.9,1010.2,320.0,9.3
2023-12-18T16:00,-0.6,-7.8,1011.1,300.0,9.8
2023-12-18T17:00,-1.1,-9.4,1011.6,310.0,8.2
2023-12-18T18:00,-1.1,-10.6,1012.2,320.0,9.3
2023-12-18T19:00,-1.1,-10.6,1012.9,310.0,10.3
2023-12-18T20:00,-1.7,-10.6,1014.4,330.0,9.8
2023-12-18T21:00,-2.2,-11.1,1015.7,320.0,9.3
2023-12-18T22:00,-2.8,-11.7,1017.2,310.0,7.2
2023-12-18T23:00,-3.3,-11.7,1018.6,320.0,7.2
2023-12-19T00:00,-3.9,-12.2,1019.9,310.0,7.7
2023-12-19T01:00,-4.4,-11.7,1020.8,320.0,5.1
2023-12-19T02:00,-4.4,-11.7,1021.6,310.0,5.1
2023-12-19T03:00,-5.0,-11.7,1021.8,310.0,5.7
2023-12-19T04:00,-5.6,-11.7,1022.4,300.0,4.1
2023-12-19T05:00,-6.1,-11.7,1022.6,290.0,4.1
2023-12-19T06:00,-6.7,-11.7,1022.9,300.0,3.1
2023-12-19T07:00,-6.7,-11.7,1023.2,280.0,3.6
2023-12-19T08:00,-7.2,-11.7,1023.7,270.0,2.6
2023-12-19T09:00,-7.2,-11.7,1024.3,280.0,3.1
2023-12-19T10:00,-7.2,-12.2,1024.7,280.0,3.1
2023-12-19T11:00,-7.8,-12.2,1024.6,260.0,2.1
2023-12-19T12:00,-7.8,-12.2,1025.0,230.0,2.1
2023-12-19T13:00,-7.8,-12.2,1025.8,210.0,2.1
2023-12-19T14:00,-7.2,-11.7,1026.3,220.0,2.6
2023-12-19T15:00,-6.1,-11.7,1026.0,220.0,3.1
2023-12-19T16:00,-5.0,-11.7,1026.8,210.0,3.1
2023-12-19T17:00,-3.9,-11.7,1025.8,210.0,5.1
2023-12-19T18:00,-2.2,-11.1,1025.5,210.0,4.1
2023-12-19T19:00,-1.1,-10.6,1024.8,220.0,6.2
2023-12-19T20:00,-1.1,-10.0,1024.2,200.0,5.7
2023-12-19T21:00,0.0,-8.9,1023.8,200.0,5.7
2023-12-19T22:00,-0.6,-8.9,1023.8,190.0,5.1
2023-12-19T23:00,-0.6,-7.2,1023.6,180.0,4.6
2023-12-20T00:00,0.0,-6.7,1023.8,190.0,4.1
2023-12-20T01:00,0.0,-6.7,1023.9,180.0,5.1
2023-12-20T02:00,0.0,-6.7,1024.0,190.0,5.1
2023-12-20T03:00,0.0,-6.7,1023.7,190.0,5.1
2023-12-20T04:00,0.6,-7.2,1023.9,190.0,4.6
2023-12-20T05:00,0.6,-7.2,1024.2,190.0,3.1
2023-12-20T06:00,0.6,-6.7,1024.4,200.0,4.6
2023-12-20T07:00,0.6,-6.7,1024.7,210.0,3.6
2023-12-20T08:00,0.6,-6.7,1024.7,190.0,3.6
2023-12-20T09:00,0.6,-6.1,1024.5,200.0,3.6
2023-12-20T10:00,0.0,-6.1,1024.7,170.0,3.1
2023-12-20T11:00,-1.1,-6.1,1024.8,170.0,2.6
2023-12-20T12:00,-1.1,-6.1,1025.5,170.0,2.6
2023-12-20T13:00,-0.6,-5.6,1026.1,170.0,3.6
2023-12-20T14:00,-0.6,-5.6,1026.4,180.0,2.6
2023-12-20T15:00,0.6,-5.0,1026.7,190.0,2.6
2023-12-20T16:00,1.7,-5.0,1026.8,200.0,1.5
2023-12-20T17:00,3.3,-5.0,1026.5,200.0,3.1
2023-12-20T18:00,4.4,-5.0,1025.9,190.0,1.5
2023-12-20T19:00,5.6,-4.4,1025.7,0.0,0.0
2023-12-20T20:00,6.7,-5.0,1025.6,0.0,0.0
2023-12-20T21:00,6.7,-5.0,1025.7,140.0,1.5
2023-12-20T22:00,5.0,-5.0,1026.5,100.0,2.6
2023-12-20T23:00,3.9,-4.4,1027.1,90.0,3.1
2023-12-21T00:00,2.8,-4.4,1027.6,70.0,3.1
2023-12-21T01:00,2.8,-3.9,1028.0,80.0,3.1
2023-12-21T02:00,1.7,-3.3,1028.1,90.0,2.1
2023-12-21T03:00,2.8,-2.2,1028.2,70.0,2.1
2023-12-21T04:00,3.9,-0.6,1028.1,70.0,3.1
2023-12-21T05:00,2.8,-0.6,1028.4,20.0,2.6
2023-12-21T06:00,2.8,-0.6,1028.1,40.0,2.1
2023-12-21T07:00,1.7,-0.6,1028.0,60.0,2.6
2023-12-21T08:00,1.1,-0.6,1028.4,50.0,2.1
2023-12-21T09:00,1.1,0.0,1028.2,40.0,2.6
2023-12-21T10:00,2.8,0.6,1027.7,60.0,3.1
2023-12-21T11:00,3.3,1.1,1027.8,70.0,1.5
2023-12-21T12:00,3.3,1.1,1028.0,60.0,2.1
2023-12-21T13:00,5.0,1.7,1028.2,90.0,2.6
2023-12-21T14:00,5.0,1.1,1028.3,110.0,1.5
2023-12-21T15:00,5.6,0.0,1028.0,110.0,2.6
2023-12-21T16:00,5.6,-1.1,1028.2,150.0,1.5
2023-12-21T17:00,6.7,-1.7,1027.6,130.0,2.1
2023-12-21T18:00,7.8,-1.7,1026.5,100.0,2.1
2023-12-21T19:00,8.3,-1.7,1025.9,150.0,2.1
2023-12-21T20:00,8.3,-1.1,1025.5,120.0,2.1
2023-12-21T21:00,8.3,-1.1,1025.4,90.0,1.5
2023-12-21T22:00,7.8,0.0,1025.4,90.0,3.1
2023-12-21T23:00,6.7,0.6,1025.5,100.0,2.6
2023-12-22T00:00,6.7,0.0,1025.5,100.0,2.1
2023-12-22T01:00,6.7,1.1,1025.3,90.0,3.1
2023-12-22T02:00,6.7,1.7,1025.1,120.0,2.1
2023-12-22T03:00,6.7,2.2,1025.1,140.0,2.6
2023-12-22T04:00,6.1,3.9,1024.9,140.0,2.1
2023-12-22T05:00,6.1,3.9,1024.4,140.0,2.6
2023-12-22T06:00,6.1,3.9,1024.0,140.0,3.1
2023-12-22T07:00,6.1,3.3,1023.3,170.0,2.6
2023-12-22T08:00,6.7,3.3,1022.9,170.0,1.5
2023-12-22T09:00,6.7,2.8,1022.9,170.0,2.6
2023-12-22T10:00,6.1,2.8,1022.8,170.0,1.5
2023-12-22T11:00,6.1,2.8,1022.5,170.0,3.1
2023-12-22T12:00,6.7,2.8,1022.5,160.0,2.6
2023-12-22T13:00,6.7,2.2,1022.6,160.0,2.1
2023-12-22T14:00,6.7,2.2,1022.5,170.0,3.1
2023-12-22T15:00,6.7,2.8,1022.6,170.0,3.1
2023-12-22T16:00,6.1,3.9,1022.5,180.0,2.6
2023-12-22T17:00,6.7,3.9,1021.9,170.0,2.6
2023-12-22T18:00,6.7,4.4,1021.1,160.0,1.5
2023-12-22T19:00,6.7,5.0,1020.2,160.0,3.1
2023-12-22T20:00,7.2,5.0,1019.8,160.0,2.1
2023-12-22T21:00,7.2,5.6,1019.8,170.0,3.1
2023-12-22T22:00,7.2,5.6,1019.9,150.0,2.1
2023-12-22T23:00,7.2,6.1,1019.9,150.0,2.1
2023-12-23T00:00,7.2,6.1,1019.7,130.0,2.6
2023-12-23T01:00,7.2,6.1,1019.5,130.0,4.1
2023-12-23T02:00,6.7,6.1,1019.5,150.0,3.6
2023-12-23T03:00,6.7,6.1,1019.4,160.0,2.6
2023-12-23T04:00,6.7,5.6,1019.0,160.0,2.6
2023-12-23T05:00,6.7,5.6,1019.0,0.0,0.0
2023-12-23T06:00,6.7,6.1,1018.6,0.0,0.0
2023-12-23T07:00,6.7,6.1,1018.3,0.0,0.0
2023-12-23T08:00,6.7,6.1,1018.5,0.0,0.0
2023-12-23T09:00,6.7,6.1,1018.6,0.0,0.0
2023-12-23T10:00,6.7,6.1,1018.8,0.0,0.0
2023-12-23T11:00,6.7,6.1,1018.9,30.0,2.1
2023-12-23T12:00,6.7,6.1,1019.5,40.0,2.1
2023-12-23T13:00,6.7,6.7,1020.0,0.0,0.0
2023-12-23T14:00,6.7,6.7,1020.3,0.0,0.0
2023-12-23T15:00,7.2,6.7,1020.9,110.0,1.5
2023-12-23T16:00,8.3,6.7,1021.3,80.0,2.1
2023-12-23T17:00,8.3,6.7,1021.0,100.0,1.5
2023-12-23T18:00,8.3,7.2,1020.6,100.0,2.1
2023-12-23T19:00,8.9,7.2,1020.0,110.0,2.1
2023-12-23T20:00,8.9,7.2,1020.0,130.0,2.6
2023-12-23T21:00,8.9,7.8,1020.1,130.0,2.1
2023-12-23T22:00,8.9,7.8,1020.5,130.0,2.1
2023-12-23T23:00,8.3,7.8,,120.0,2.6
2023-12-24T00:00,8.3,7.2,1021.4,100.0,1.5
2023-12-24T01:00,8.3,7.8,1021.7,90.0,1.5
2023-12-24T02:00,8.3,7.8,1021.9,90.0,1.5
2023-12-24T03:00,8.3,7.8,1021.9,0.0,0.0
2023-12-24T04:00,8.3,8.3,1021.9,0.0,0.0
2023-12-24T05:00,8.3,8.3,,0.0,0.0
2023-12-24T06:00,8.9,8.3,1022.1,0.0,0.0
2023-12-24T07:00,8.9,8.9,1021.9,120.0,1.5
2023-12-24T08:00,9.4,9.4,1021.6,170.0,1.5
2023-12-24T09:00,10.0,9.4,1021.8,200.0,2.1
2023-12-24T10:00,9.4,9.4,1021.6,160.0,3.1
2023-12-24T11:00,9.4,9.4,1021.8,180.0,2.6
2023-12-24T12:00,9.4,8.3,1021.7,150.0,2.6
2023-12-24T13:00,9.4,8.9,,120.0,3.1
2023-12-24T14:00,9.4,9.4,1022.2,150.0,4.1
2023-12-24T15:00,10.0,9.4,1022.5,160.0,3.6
2023-12-24T16:00,10.0,10.0,1022.5,160.0,3.1
2023-12-24T17:00,10.6,10.0,1021.9,150.0,4.6
2023-12-24T18:00,10.6,10.0,1021.2,180.0,5.7
2023-12-24T19:00,11.7,9.4,1019.9,160.0,5.1
2023-12-24T20:00,12.2,9.4,1018.9,150.0,4.1
2023-12-24T21:00,12.8,9.4,1018.5,150.0,4.6
2023-12-24T22:00,12.2,10.0,1018.6,150.0,3.6
2023-12-24T23:00,11.7,9.4,1018.3,130.0,3.6
2023-12-25T00:00,11.1,9.4,1018.5,140.0,6.2
2023-12-25T01:00,11.1,9.4,1018.5,140.0,4.6
2023-12-25T02:00,11.1,9.4,1018.2,130.0,3.6
2023-12-25T03:00,11.1,10.0,1017.6,140.0,4.6
2023-12-25T04:00,10.6,9.4,1017.2,140.0,4.1
2023-12-25T05:00,10.6,9.4,1016.9,140.0,4.1
2023-12-25T06:00,10.6,9.4,1016.6,140.0,4.1
2023-12-25T07:00,11.1,9.4,1016.2,140.0,3.6
2023-12-25T08:00,11.1,9.4,1016.1,140.0,3.6
2023-12-25T09:00,11.1,8.9,1015.5,130.0,2.6
2023-12-25T10:00,10.0,8.9,1015.2,120.0,2.6
2023-12-25T11:00,10.0,8.3,1015.1,110.0,2.6
2023-12-25T12:00,10.0,8.3,1014.8,120.0,3.6
2023-12-25T13:00,10.0,7.8,1014.8,120.0,3.6
2023-12-25T14:00,10.6,7.8,1014.7,130.0,3.1
2023-12-25T15:00,11.7,7.8,1014.8,120.0,5.1
2023-12-25T16:00,13.3,8.3,1014.6,120.0,5.1
2023-12-25T17:00,14.4,8.3,1013.9,130.0,6.7
2023-12-25T18:00,15.0,8.3,1012.7,120.0,6.2
2023-12-25T19:00,13.9,7.8,1011.7,110.0,5.1
2023-12-25T20:00,13.9,8.9,1010.5,100.0,5.1
2023-12-25T21:00,13.9,8.9,1010.1,110.0,6.7
2023-12-25T22:00,13.3,9.4,1010.0,110.0,6.7
2023-12-25T23:00,11.7,10.6,1009.9,110.0,7.2
2023-12-26T00:00,11.7,10.6,1010.0,110.0,8.8
2023-12-26T01:00,11.7,10.6,1009.6,110.0,8.8
2023-12-26T02:00,11.7,11.1,1009.2,120.0,7.7
2023-12-26T03:00,11.7,10.6,1008.7,110.0,5.7
2023-12-26T04:00,11.1,11.1,1008.5,120.0,4.1
2023-12-26T05:00,12.2,11.7,1008.7,150.0,6.2
2023-12-26T06:00,10.0,9.4,1009.3,210.0,6.2
2023-12-26T07:00,8.3,7.2,1010.3,220.0,4.6
2023-12-26T08:00,7.2,5.0,1011.7,220.0,5.7
2023-12-26T09:00,6.1,5.6,1012.0,220.0,4.1
2023-12-26T10:00,5.6,3.9,1012.6,220.0,6.2
2023-12-26T11:00,5.0,3.9,1013.1,210.0,4.1
2023-12-26T12:00,5.0,3.9,1013.7,220.0,3.6
2023-12-26T13:00,5.0,2.8,1013.9,210.0,5.1
2023-12-26T14:00,4.4,1.7,1014.1,220.0,2.6
2023-12-26T15:00,4.4,1.1,1014.6,230.0,4.6
2023-12-26T16:00,4.4,1.1,1015.2,220.0,4.1
2023-12-26T17:00,4.4,1.1,1015.0,210.0,4.6
2023-12-26T18:00,4.4,1.7,1014.6,230.0,4.1
2023-12-26T19:00,3.3,1.7,1014.3,230.0,3.1
2023-12-26T20:00,3.9,1.1,1014.3,220.0,2.6
2023-12-26T21:00,3.9,1.7,1014.6,220.0,3.1
2023-12-26T22:00,3.3,1.7,1015.1,180.0,2.1
2023-12-26T23:00,3.9,1.7,1015.2,170.0,2.1
2023-12-27T00:00,2.8,-1.7,1015.8,200.0,3.6
2023-12-27T01:00,2.2,-2.2,1016.1,0.0,0.0
2023-12-27T02:00,1.7,-2.8,1016.1,0.0,0.0
2023-12-27T03:00,1.1,-1.7,1016.5,0.0,0.0
2023-12-27T04:00,1.1,-1.7,1016.7,0.0,0.0
2023-12-27T05:00,0.6,-1.7,1017.0,0.0,0.0
2023-12-27T06:00,0.0,-1.7,1016.9,0.0,0.0
2023-12-27T07:00,0.0,-1.7,1016.9,0.0,0.0
2023-12-27T08:00,0.0,-1.7,1016.9,0.0,0.0
2023-12-27T09:00,-0.6,-2.2,1017.2,0.0,0.0
2023-12-27T10:00,-0.6,-2.2,1017.0,0.0,0.0
2023-12-27T11:00,-0.6,-2.2,1016.6,0.0,0.0
2023-12-27T12:00,0.6,-1.7,1016.4,50.0,2.6
2023-12-27T13:00,1.7,-1.1,1016.2,60.0,4.1
2023-12-27T14:00,2.8,-0.6,1016.2,60.0,3.6
2023-12-27T15:00,3.9,-0.6,1016.2,60.0,4.1
2023-12-27T16:00,5.0,-0.6,1016.3,50.0,3.6
2023-12-27T17:00,5.0,0.6,1016.0,50.0,5.1
2023-12-27T18:00,5.6,1.1,1015.4,50.0,5.7
2023-12-27T19:00,5.6,1.1,1015.0,50.0,6.2
2023-12-27T20:00,5.6,0.6,1014.8,50.0,5.7
2023-12-27T21:00,5.0,0.6,1014.8,30.0,6.7
2023-12-27T22:00,4.4,0.0,1014.7,20.0,7.7
2023-12-27T23:00,4.4,0.0,1014.7,20.0,6.2
2023-12-28T00:00,3.9,0.0,1014.8,10.0,7.2
2023-12-28T01:00,3.9,0.0,,10.0,6.7
2023-12-28T02:00,3.9,0.0,1014.7,360.0,4.6
2023-12-28T03:00,2.8,0.0,1014.5,350.0,4.1
2023-12-28T04:00,2.2,0.0,1014.2,340.0,3.1
2023-12-28T05:00,1.7,-1.1,,340.0,4.6
2023-12-28T06:00,1.7,-1.7,1013.1,350.0,5.7
2023-12-28T07:00,1.7,-1.7,1012.8,350.0,5.1
2023-12-28T08:00,1.1,-2.2,1012.3,350.0,3.6
2023-12-28T09:00,2.2,-1.7,1012.1,350.0,3.6
2023-12-28T10:00,2.2,-1.7,1011.5,330.0,5.7
2023-12-28T11:00,2.2,-1.1,1011.2,330.0,5.1
2023-12-28T12:00,2.2,0.0,1011.4,330.0,4.1
2023-12-28T13:00,2.2,0.0,1011.0,340.0,4.6
2023-12-28T14:00,2.8,0.6,1010.5,330.0,5.1
2023-12-28T15:00,3.3,0.6,1010.3,330.0,6.2
2023-12-28T16:00,3.3,1.1,1009.9,320.0,6.2
2023-12-28T17:00,3.3,1.7,1009.4,330.0,6.2
2023-12-28T18:00,3.9,2.8,1008.5,320.0,5.1
2023-12-28T19:00,4.4,3.3,1007.8,330.0,4.1
2023-12-28T20:00,4.4,3.3,1007.4,330.0,4.1
2023-12-28T21:00,4.4,3.3,1007.5,330.0,3.6
2023-12-28T22:00,5.6,4.4,1007.7,350.0,3.6
2023-12-28T23:00,5.6,4.4,1007.9,330.0,3.6
2023-12-29T00:00,4.4,3.9,1008.1,350.0,6.2
2023-12-29T01:00,4.4,3.9,1008.1,350.0,5.7
2023-12-29T02:00,4.4,3.9,1007.9,350.0,5.1
2023-12-29T03:00,4.4,3.9,1007.7,350.0,5.7
2023-12-29T04:00,4.4,3.3,1007.5,350.0,6.7
2023-12-29T05:00,4.4,3.3,1007.3,350.0,4.6
2023-12-29T06:00,4.4,3.3,1007.0,340.0,5.1
2023-12-29T07:00,4.4,3.9,,340.0,4.6
2023-12-29T08:00,4.4,3.3,1007.0,340.0,5.1
2023-12-29T09:00,4.4,3.3,1007.2,340.0,4.6
2023-12-29T10:00,4.4,3.3,1007.4,340.0,5.1
2023-12-29T11:00,3.9,3.3,1007.6,340.0,5.7
2023-12-29T12:00,3.3,2.8,1008.3,350.0,6.2
2023-12-29T13:00,3.3,2.8,1008.8,350.0,5.7
2023-12-29T14:00,3.9,2.8,1009.1,350.0,5.7
2023-12-29T15:00,3.3,2.8,1009.7,350.0,5.7
2023-12-29T16:00,3.9,3.3,1010.2,360.0,5.7
2023-12-29T17:00,4.4,3.3,1010.3,350.0,5.7
2023-12-29T18:00,3.9,2.8,1010.0,340.0,4.6
2023-12-29T19:00,3.9,2.8,1009.8,340.0,5.1
2023-12-29T20:00,3.9,2.8,1010.0,350.0,4.1
2023-12-29T21:00,3.3,2.2,1010.6,350.0,4.1
2023-12-29T22:00,3.3,2.2,1010.9,320.0,3.1
2023-12-29T23:00,2.8,2.2,1011.2,320.0,3.6
2023-12-30T00:00,2.8,1.7,1011.5,310.0,4.6
2023-12-30T01:00,1.7,0.0,1011.9,310.0,3.6
2023-12-30T02:00,1.1,-0.6,1011.8,290.0,2.6
2023-12-30T03:00,0.0,-1.1,1011.9,260.0,2.1
2023-12-30T04:00,0.0,-1.7,1011.7,260.0,3.1
2023-12-30T05:00,-0.6,-1.7,1011.8,270.0,1.5
2023-12-30T06:00,-0.6,-2.2,1011.9,250.0,2.1
2023-12-30T07:00,-1.1,-2.2,1011.7,250.0,1.5
2023-12-30T08:00,-1.7,-2.8,1011.7,190.0,1.5
2023-12-30T09:00,-1.7,-2.8,1011.7,220.0,2.1
2023-12-30T10:00,-1.7,-3.3,1011.6,230.0,2.6
2023-12-30T11:00,-2.2,-3.3,1011.3,240.0,2.6
2023-12-30T12:00,-2.2,-3.9,1011.3,210.0,1.5
2023-12-30T13:00,-2.2,-3.9,1011.5,200.0,2.1
2023-12-30T14:00,-2.2,-3.3,1011.3,200.0,2.6
2023-12-30T15:00,-2.2,-3.3,1011.5,210.0,4.6
2023-12-30T16:00,-1.1,-2.2,1011.8,220.0,5.7
2023-12-30T17:00,-0.6,-1.7,1011.2,220.0,4.6
2023-12-30T18:00,0.0,-1.1,1010.6,210.0,5.1
2023-12-30T19:00,0.6,-1.1,1010.1,230.0,4.1
2023-12-30T20:00,1.1,-0.6,1009.7,220.0,4.6
2023-12-30T21:00,1.7,-0.6,1009.6,220.0,5.1
2023-12-30T22:00,1.7,0.0,1010.1,220.0,4.6
2023-12-30T23:00,2.2,0.0,1010.2,210.0,2.6
2023-12-31T00:00,2.8,0.6,1010.4,230.0,3.1
2023-12-31T01:00,2.2,0.6,1010.5,210.0,1.5
2023-12-31T02:00,2.2,0.0,1010.6,230.0,2.1
2023-12-31T03:00,2.2,0.6,1010.6,250.0,3.1
2023-12-31T04:00,2.2,0.0,1010.4,250.0,2.6
2023-12-31T05:00,2.2,0.0,1010.5,240.0,2.1
2023-12-31T06:00,2.2,0.0,1010.3,250.0,3.1
2023-12-31T07:00,2.2,-0.6,1010.3,250.0,3.1
2023-12-31T08:00,1.7,-2.8,1010.4,250.0,5.7
2023-12-31T09:00,1.1,-2.2,1010.5,260.0,2.6
2023-12-31T10:00,0.6,-2.2,1010.3,240.0,3.1
2023-12-31T11:00,0.0,-1.1,1010.4,250.0,2.6
2023-12-31T12:00,0.0,-1.7,1010.8,250.0,2.1
2023-12-31T13:00,0.0,-2.2,,280.0,2.6
2023-12-31T14:00,-0.6,-1.7,,260.0,2.6
2023-12-31T15:00,0.0,-2.2,1011.8,310.0,4.6
2023-12-31T16:00,0.0,-2.2,1012.6,300.0,4.6
2023-12-31T17:00,0.0,-1.1,1012.8,280.0,4.1
2023-12-31T18:00,0.6,-2.2,1013.0,290.0,3.6
2023-12-31T19:00,1.1,-2.2,1012.9,290.0,3.1
2023-12-31T20:00,1.1,-1.7,,310.0,3.1
2023-12-31T21:00,1.1,-2.2,1014.3,300.0,3.1
2023-12-31T22:00,1.1,-1.7,1015.2,320.0,5.1
2023-12-31T23:00,1.1,-1.7,1016.5,330.0,6.7
